[
{
    "model": "system.configuration",
    "pk": 1,
    "fields": {
        "name": "magenta"
    }
},
{
    "model": "system.configuration",
    "pk": 2,
    "fields": {
        "name": "os2borgerpc20.04"
    }
},
{
    "model": "system.configuration",
    "pk": 3,
    "fields": {
        "name": "35"
    }
},
{
    "model": "system.configuration",
    "pk": 4,
    "fields": {
        "name": "34"
    }
},
{
    "model": "system.configuration",
    "pk": 5,
    "fields": {
        "name": "33"
    }
},
{
    "model": "system.configuration",
    "pk": 9,
    "fields": {
        "name": "32"
    }
},
{
    "model": "system.configuration",
    "pk": 15,
    "fields": {
        "name": "31"
    }
},
{
    "model": "system.configuration",
    "pk": 17,
    "fields": {
        "name": "30"
    }
},
{
    "model": "system.configuration",
    "pk": 18,
    "fields": {
        "name": "29"
    }
},
{
    "model": "system.configuration",
    "pk": 20,
    "fields": {
        "name": "28"
    }
},
{
    "model": "system.configuration",
    "pk": 21,
    "fields": {
        "name": "27"
    }
},
{
    "model": "system.configuration",
    "pk": 22,
    "fields": {
        "name": "26"
    }
},
{
    "model": "system.configuration",
    "pk": 28,
    "fields": {
        "name": "25"
    }
},
{
    "model": "system.configuration",
    "pk": 29,
    "fields": {
        "name": "24"
    }
},
{
    "model": "system.configuration",
    "pk": 30,
    "fields": {
        "name": "23"
    }
},
{
    "model": "system.configuration",
    "pk": 32,
    "fields": {
        "name": "22"
    }
},
{
    "model": "system.configuration",
    "pk": 33,
    "fields": {
        "name": "21"
    }
},
{
    "model": "system.configuration",
    "pk": 34,
    "fields": {
        "name": "20"
    }
},
{
    "model": "system.configuration",
    "pk": 35,
    "fields": {
        "name": "19"
    }
},
{
    "model": "system.configuration",
    "pk": 38,
    "fields": {
        "name": "18"
    }
},
{
    "model": "system.configuration",
    "pk": 40,
    "fields": {
        "name": "17"
    }
},
{
    "model": "system.configuration",
    "pk": 44,
    "fields": {
        "name": "16"
    }
},
{
    "model": "system.configuration",
    "pk": 45,
    "fields": {
        "name": "15"
    }
},
{
    "model": "system.configuration",
    "pk": 46,
    "fields": {
        "name": "14"
    }
},
{
    "model": "system.configuration",
    "pk": 47,
    "fields": {
        "name": "13"
    }
},
{
    "model": "system.configuration",
    "pk": 48,
    "fields": {
        "name": "12"
    }
},
{
    "model": "system.configuration",
    "pk": 49,
    "fields": {
        "name": "11"
    }
},
{
    "model": "system.configuration",
    "pk": 50,
    "fields": {
        "name": "10"
    }
},
{
    "model": "system.configuration",
    "pk": 51,
    "fields": {
        "name": "9"
    }
},
{
    "model": "system.configuration",
    "pk": 53,
    "fields": {
        "name": "8"
    }
},
{
    "model": "system.configuration",
    "pk": 54,
    "fields": {
        "name": "7"
    }
},
{
    "model": "system.configuration",
    "pk": 55,
    "fields": {
        "name": "6"
    }
},
{
    "model": "system.configuration",
    "pk": 56,
    "fields": {
        "name": "5"
    }
},
{
    "model": "system.configuration",
    "pk": 57,
    "fields": {
        "name": "4"
    }
},
{
    "model": "system.configuration",
    "pk": 58,
    "fields": {
        "name": "3"
    }
},
{
    "model": "system.configuration",
    "pk": 59,
    "fields": {
        "name": "2"
    }
},
{
    "model": "system.configuration",
    "pk": 60,
    "fields": {
        "name": "1"
    }
},
{
    "model": "system.configuration",
    "pk": 61,
    "fields": {
        "name": "site3"
    }
},
{
    "model": "system.configuration",
    "pk": 62,
    "fields": {
        "name": "pc16"
    }
},
{
    "model": "system.configurationentry",
    "pk": 1,
    "fields": {
        "key": "distribution",
        "value": "5",
        "owner_configuration": 3
    }
},
{
    "model": "system.configurationentry",
    "pk": 2,
    "fields": {
        "key": "uid",
        "value": "5",
        "owner_configuration": 3
    }
},
{
    "model": "system.configurationentry",
    "pk": 3,
    "fields": {
        "key": "site",
        "value": "5",
        "owner_configuration": 3
    }
},
{
    "model": "system.configurationentry",
    "pk": 4,
    "fields": {
        "key": "hostname",
        "value": "5",
        "owner_configuration": 3
    }
},
{
    "model": "system.configurationentry",
    "pk": 5,
    "fields": {
        "key": "fresh_install",
        "value": "5",
        "owner_configuration": 3
    }
},
{
    "model": "system.configurationentry",
    "pk": 6,
    "fields": {
        "key": "admin_url",
        "value": "5",
        "owner_configuration": 3
    }
},
{
    "model": "system.configurationentry",
    "pk": 7,
    "fields": {
        "key": "os2borgerpc_version",
        "value": "5",
        "owner_configuration": 3
    }
},
{
    "model": "system.configurationentry",
    "pk": 8,
    "fields": {
        "key": "mac",
        "value": "5",
        "owner_configuration": 3
    }
},
{
    "model": "system.configurationentry",
    "pk": 9,
    "fields": {
        "key": "_os2borgerpc.client_version",
        "value": "5",
        "owner_configuration": 3
    }
},
{
    "model": "system.configurationentry",
    "pk": 10,
    "fields": {
        "key": "updates",
        "value": "5",
        "owner_configuration": 3
    }
},
{
    "model": "system.configurationentry",
    "pk": 11,
    "fields": {
        "key": "security_updates",
        "value": "5",
        "owner_configuration": 3
    }
},
{
    "model": "system.configurationentry",
    "pk": 23,
    "fields": {
        "key": "uid",
        "value": "5",
        "owner_configuration": 4
    }
},
{
    "model": "system.configurationentry",
    "pk": 24,
    "fields": {
        "key": "fresh_install",
        "value": "5",
        "owner_configuration": 4
    }
},
{
    "model": "system.configurationentry",
    "pk": 25,
    "fields": {
        "key": "updates",
        "value": "5",
        "owner_configuration": 4
    }
},
{
    "model": "system.configurationentry",
    "pk": 26,
    "fields": {
        "key": "security_updates",
        "value": "5",
        "owner_configuration": 4
    }
},
{
    "model": "system.configurationentry",
    "pk": 27,
    "fields": {
        "key": "site",
        "value": "5",
        "owner_configuration": 4
    }
},
{
    "model": "system.configurationentry",
    "pk": 28,
    "fields": {
        "key": "distribution",
        "value": "5",
        "owner_configuration": 4
    }
},
{
    "model": "system.configurationentry",
    "pk": 29,
    "fields": {
        "key": "admin_url",
        "value": "5",
        "owner_configuration": 4
    }
},
{
    "model": "system.configurationentry",
    "pk": 30,
    "fields": {
        "key": "_os2borgerpc.client_version",
        "value": "5",
        "owner_configuration": 4
    }
},
{
    "model": "system.configurationentry",
    "pk": 31,
    "fields": {
        "key": "hostname",
        "value": "5",
        "owner_configuration": 4
    }
},
{
    "model": "system.configurationentry",
    "pk": 32,
    "fields": {
        "key": "os2borgerpc_version",
        "value": "5",
        "owner_configuration": 4
    }
},
{
    "model": "system.configurationentry",
    "pk": 33,
    "fields": {
        "key": "mac",
        "value": "5",
        "owner_configuration": 4
    }
},
{
    "model": "system.configurationentry",
    "pk": 34,
    "fields": {
        "key": "os2borgerpc_version",
        "value": "5",
        "owner_configuration": 9
    }
},
{
    "model": "system.configurationentry",
    "pk": 35,
    "fields": {
        "key": "admin_url",
        "value": "5",
        "owner_configuration": 9
    }
},
{
    "model": "system.configurationentry",
    "pk": 36,
    "fields": {
        "key": "mac",
        "value": "5",
        "owner_configuration": 9
    }
},
{
    "model": "system.configurationentry",
    "pk": 37,
    "fields": {
        "key": "distribution",
        "value": "5",
        "owner_configuration": 9
    }
},
{
    "model": "system.configurationentry",
    "pk": 38,
    "fields": {
        "key": "hostname",
        "value": "5",
        "owner_configuration": 9
    }
},
{
    "model": "system.configurationentry",
    "pk": 39,
    "fields": {
        "key": "fresh_install",
        "value": "5",
        "owner_configuration": 9
    }
},
{
    "model": "system.configurationentry",
    "pk": 40,
    "fields": {
        "key": "site",
        "value": "5",
        "owner_configuration": 9
    }
},
{
    "model": "system.configurationentry",
    "pk": 41,
    "fields": {
        "key": "uid",
        "value": "5",
        "owner_configuration": 9
    }
},
{
    "model": "system.configurationentry",
    "pk": 42,
    "fields": {
        "key": "_os2borgerpc.client_version",
        "value": "5",
        "owner_configuration": 9
    }
},
{
    "model": "system.configurationentry",
    "pk": 43,
    "fields": {
        "key": "updates",
        "value": "5",
        "owner_configuration": 9
    }
},
{
    "model": "system.configurationentry",
    "pk": 44,
    "fields": {
        "key": "security_updates",
        "value": "5",
        "owner_configuration": 9
    }
},
{
    "model": "system.configurationentry",
    "pk": 75,
    "fields": {
        "key": "admin_url",
        "value": "5",
        "owner_configuration": 15
    }
},
{
    "model": "system.configurationentry",
    "pk": 76,
    "fields": {
        "key": "distribution",
        "value": "5",
        "owner_configuration": 15
    }
},
{
    "model": "system.configurationentry",
    "pk": 77,
    "fields": {
        "key": "fresh_install",
        "value": "5",
        "owner_configuration": 15
    }
},
{
    "model": "system.configurationentry",
    "pk": 78,
    "fields": {
        "key": "hostname",
        "value": "5",
        "owner_configuration": 15
    }
},
{
    "model": "system.configurationentry",
    "pk": 79,
    "fields": {
        "key": "mac",
        "value": "5",
        "owner_configuration": 15
    }
},
{
    "model": "system.configurationentry",
    "pk": 80,
    "fields": {
        "key": "os2borgerpc_version",
        "value": "5",
        "owner_configuration": 15
    }
},
{
    "model": "system.configurationentry",
    "pk": 81,
    "fields": {
        "key": "site",
        "value": "5",
        "owner_configuration": 15
    }
},
{
    "model": "system.configurationentry",
    "pk": 82,
    "fields": {
        "key": "uid",
        "value": "5",
        "owner_configuration": 15
    }
},
{
    "model": "system.configurationentry",
    "pk": 83,
    "fields": {
        "key": "_os2borgerpc.client_version",
        "value": "5",
        "owner_configuration": 15
    }
},
{
    "model": "system.configurationentry",
    "pk": 84,
    "fields": {
        "key": "updates",
        "value": "5",
        "owner_configuration": 15
    }
},
{
    "model": "system.configurationentry",
    "pk": 85,
    "fields": {
        "key": "security_updates",
        "value": "5",
        "owner_configuration": 15
    }
},
{
    "model": "system.configurationentry",
    "pk": 86,
    "fields": {
        "key": "job_timeout",
        "value": "5",
        "owner_configuration": 15
    }
},
{
    "model": "system.configurationentry",
    "pk": 98,
    "fields": {
        "key": "admin_url",
        "value": "5",
        "owner_configuration": 17
    }
},
{
    "model": "system.configurationentry",
    "pk": 99,
    "fields": {
        "key": "distribution",
        "value": "5",
        "owner_configuration": 17
    }
},
{
    "model": "system.configurationentry",
    "pk": 100,
    "fields": {
        "key": "fresh_install",
        "value": "5",
        "owner_configuration": 17
    }
},
{
    "model": "system.configurationentry",
    "pk": 101,
    "fields": {
        "key": "hostname",
        "value": "5",
        "owner_configuration": 17
    }
},
{
    "model": "system.configurationentry",
    "pk": 102,
    "fields": {
        "key": "mac",
        "value": "5",
        "owner_configuration": 17
    }
},
{
    "model": "system.configurationentry",
    "pk": 103,
    "fields": {
        "key": "os2borgerpc_version",
        "value": "5",
        "owner_configuration": 17
    }
},
{
    "model": "system.configurationentry",
    "pk": 104,
    "fields": {
        "key": "site",
        "value": "5",
        "owner_configuration": 17
    }
},
{
    "model": "system.configurationentry",
    "pk": 105,
    "fields": {
        "key": "uid",
        "value": "5",
        "owner_configuration": 17
    }
},
{
    "model": "system.configurationentry",
    "pk": 106,
    "fields": {
        "key": "job_timeout",
        "value": "5",
        "owner_configuration": 17
    }
},
{
    "model": "system.configurationentry",
    "pk": 107,
    "fields": {
        "key": "_os2borgerpc.client_version",
        "value": "5",
        "owner_configuration": 17
    }
},
{
    "model": "system.configurationentry",
    "pk": 108,
    "fields": {
        "key": "updates",
        "value": "5",
        "owner_configuration": 17
    }
},
{
    "model": "system.configurationentry",
    "pk": 109,
    "fields": {
        "key": "security_updates",
        "value": "5",
        "owner_configuration": 17
    }
},
{
    "model": "system.configurationentry",
    "pk": 110,
    "fields": {
        "key": "admin_url",
        "value": "5",
        "owner_configuration": 18
    }
},
{
    "model": "system.configurationentry",
    "pk": 111,
    "fields": {
        "key": "distribution",
        "value": "5",
        "owner_configuration": 18
    }
},
{
    "model": "system.configurationentry",
    "pk": 112,
    "fields": {
        "key": "fresh_install",
        "value": "5",
        "owner_configuration": 18
    }
},
{
    "model": "system.configurationentry",
    "pk": 113,
    "fields": {
        "key": "hostname",
        "value": "5",
        "owner_configuration": 18
    }
},
{
    "model": "system.configurationentry",
    "pk": 114,
    "fields": {
        "key": "mac",
        "value": "5",
        "owner_configuration": 18
    }
},
{
    "model": "system.configurationentry",
    "pk": 115,
    "fields": {
        "key": "os2borgerpc_version",
        "value": "5",
        "owner_configuration": 18
    }
},
{
    "model": "system.configurationentry",
    "pk": 116,
    "fields": {
        "key": "site",
        "value": "5",
        "owner_configuration": 18
    }
},
{
    "model": "system.configurationentry",
    "pk": 117,
    "fields": {
        "key": "uid",
        "value": "5",
        "owner_configuration": 18
    }
},
{
    "model": "system.configurationentry",
    "pk": 118,
    "fields": {
        "key": "job_timeout",
        "value": "5",
        "owner_configuration": 18
    }
},
{
    "model": "system.configurationentry",
    "pk": 119,
    "fields": {
        "key": "_os2borgerpc.client_version",
        "value": "5",
        "owner_configuration": 18
    }
},
{
    "model": "system.configurationentry",
    "pk": 120,
    "fields": {
        "key": "updates",
        "value": "5",
        "owner_configuration": 18
    }
},
{
    "model": "system.configurationentry",
    "pk": 121,
    "fields": {
        "key": "security_updates",
        "value": "5",
        "owner_configuration": 18
    }
},
{
    "model": "system.configurationentry",
    "pk": 133,
    "fields": {
        "key": "admin_url",
        "value": "5",
        "owner_configuration": 22
    }
},
{
    "model": "system.configurationentry",
    "pk": 134,
    "fields": {
        "key": "distribution",
        "value": "5",
        "owner_configuration": 22
    }
},
{
    "model": "system.configurationentry",
    "pk": 135,
    "fields": {
        "key": "fresh_install",
        "value": "5",
        "owner_configuration": 22
    }
},
{
    "model": "system.configurationentry",
    "pk": 136,
    "fields": {
        "key": "hostname",
        "value": "5",
        "owner_configuration": 22
    }
},
{
    "model": "system.configurationentry",
    "pk": 137,
    "fields": {
        "key": "mac",
        "value": "5",
        "owner_configuration": 22
    }
},
{
    "model": "system.configurationentry",
    "pk": 138,
    "fields": {
        "key": "os2borgerpc_version",
        "value": "5",
        "owner_configuration": 22
    }
},
{
    "model": "system.configurationentry",
    "pk": 139,
    "fields": {
        "key": "site",
        "value": "5",
        "owner_configuration": 22
    }
},
{
    "model": "system.configurationentry",
    "pk": 140,
    "fields": {
        "key": "uid",
        "value": "5",
        "owner_configuration": 22
    }
},
{
    "model": "system.configurationentry",
    "pk": 141,
    "fields": {
        "key": "_os2borgerpc.client_version",
        "value": "5",
        "owner_configuration": 22
    }
},
{
    "model": "system.configurationentry",
    "pk": 142,
    "fields": {
        "key": "updates",
        "value": "5",
        "owner_configuration": 22
    }
},
{
    "model": "system.configurationentry",
    "pk": 143,
    "fields": {
        "key": "security_updates",
        "value": "5",
        "owner_configuration": 22
    }
},
{
    "model": "system.configurationentry",
    "pk": 144,
    "fields": {
        "key": "_os2borgerpc.client_version",
        "value": "5",
        "owner_configuration": 28
    }
},
{
    "model": "system.configurationentry",
    "pk": 145,
    "fields": {
        "key": "admin_url",
        "value": "5",
        "owner_configuration": 28
    }
},
{
    "model": "system.configurationentry",
    "pk": 146,
    "fields": {
        "key": "distribution",
        "value": "5",
        "owner_configuration": 28
    }
},
{
    "model": "system.configurationentry",
    "pk": 147,
    "fields": {
        "key": "fresh_install",
        "value": "5",
        "owner_configuration": 28
    }
},
{
    "model": "system.configurationentry",
    "pk": 148,
    "fields": {
        "key": "hostname",
        "value": "5",
        "owner_configuration": 28
    }
},
{
    "model": "system.configurationentry",
    "pk": 149,
    "fields": {
        "key": "job_timeout",
        "value": "5",
        "owner_configuration": 28
    }
},
{
    "model": "system.configurationentry",
    "pk": 150,
    "fields": {
        "key": "mac",
        "value": "5",
        "owner_configuration": 28
    }
},
{
    "model": "system.configurationentry",
    "pk": 151,
    "fields": {
        "key": "os2borgerpc_version",
        "value": "5",
        "owner_configuration": 28
    }
},
{
    "model": "system.configurationentry",
    "pk": 152,
    "fields": {
        "key": "security_updates",
        "value": "5",
        "owner_configuration": 28
    }
},
{
    "model": "system.configurationentry",
    "pk": 153,
    "fields": {
        "key": "site",
        "value": "5",
        "owner_configuration": 28
    }
},
{
    "model": "system.configurationentry",
    "pk": 154,
    "fields": {
        "key": "uid",
        "value": "5",
        "owner_configuration": 28
    }
},
{
    "model": "system.configurationentry",
    "pk": 155,
    "fields": {
        "key": "updates",
        "value": "5",
        "owner_configuration": 28
    }
},
{
    "model": "system.configurationentry",
    "pk": 156,
    "fields": {
        "key": "_os2borgerpc.client_version",
        "value": "5",
        "owner_configuration": 29
    }
},
{
    "model": "system.configurationentry",
    "pk": 157,
    "fields": {
        "key": "admin_url",
        "value": "5",
        "owner_configuration": 29
    }
},
{
    "model": "system.configurationentry",
    "pk": 158,
    "fields": {
        "key": "distribution",
        "value": "5",
        "owner_configuration": 29
    }
},
{
    "model": "system.configurationentry",
    "pk": 159,
    "fields": {
        "key": "fresh_install",
        "value": "5",
        "owner_configuration": 29
    }
},
{
    "model": "system.configurationentry",
    "pk": 160,
    "fields": {
        "key": "hostname",
        "value": "5",
        "owner_configuration": 29
    }
},
{
    "model": "system.configurationentry",
    "pk": 161,
    "fields": {
        "key": "mac",
        "value": "5",
        "owner_configuration": 29
    }
},
{
    "model": "system.configurationentry",
    "pk": 162,
    "fields": {
        "key": "os2borgerpc_version",
        "value": "5",
        "owner_configuration": 29
    }
},
{
    "model": "system.configurationentry",
    "pk": 163,
    "fields": {
        "key": "security_updates",
        "value": "5",
        "owner_configuration": 29
    }
},
{
    "model": "system.configurationentry",
    "pk": 164,
    "fields": {
        "key": "site",
        "value": "5",
        "owner_configuration": 29
    }
},
{
    "model": "system.configurationentry",
    "pk": 165,
    "fields": {
        "key": "uid",
        "value": "5",
        "owner_configuration": 29
    }
},
{
    "model": "system.configurationentry",
    "pk": 166,
    "fields": {
        "key": "updates",
        "value": "5",
        "owner_configuration": 29
    }
},
{
    "model": "system.configurationentry",
    "pk": 167,
    "fields": {
        "key": "_os2borgerpc.client_version",
        "value": "5",
        "owner_configuration": 30
    }
},
{
    "model": "system.configurationentry",
    "pk": 168,
    "fields": {
        "key": "admin_url",
        "value": "5",
        "owner_configuration": 30
    }
},
{
    "model": "system.configurationentry",
    "pk": 169,
    "fields": {
        "key": "distribution",
        "value": "5",
        "owner_configuration": 30
    }
},
{
    "model": "system.configurationentry",
    "pk": 170,
    "fields": {
        "key": "fresh_install",
        "value": "5",
        "owner_configuration": 30
    }
},
{
    "model": "system.configurationentry",
    "pk": 171,
    "fields": {
        "key": "hostname",
        "value": "5",
        "owner_configuration": 30
    }
},
{
    "model": "system.configurationentry",
    "pk": 172,
    "fields": {
        "key": "job_timeout",
        "value": "5",
        "owner_configuration": 30
    }
},
{
    "model": "system.configurationentry",
    "pk": 173,
    "fields": {
        "key": "mac",
        "value": "5",
        "owner_configuration": 30
    }
},
{
    "model": "system.configurationentry",
    "pk": 174,
    "fields": {
        "key": "os2borgerpc_version",
        "value": "5",
        "owner_configuration": 30
    }
},
{
    "model": "system.configurationentry",
    "pk": 175,
    "fields": {
        "key": "security_updates",
        "value": "5",
        "owner_configuration": 30
    }
},
{
    "model": "system.configurationentry",
    "pk": 176,
    "fields": {
        "key": "site",
        "value": "5",
        "owner_configuration": 30
    }
},
{
    "model": "system.configurationentry",
    "pk": 177,
    "fields": {
        "key": "uid",
        "value": "5",
        "owner_configuration": 30
    }
},
{
    "model": "system.configurationentry",
    "pk": 178,
    "fields": {
        "key": "updates",
        "value": "5",
        "owner_configuration": 30
    }
},
{
    "model": "system.configurationentry",
    "pk": 204,
    "fields": {
        "key": "os2_product",
        "value": "5",
        "owner_configuration": 17
    }
},
{
    "model": "system.configurationentry",
    "pk": 205,
    "fields": {
        "key": "os2_product",
        "value": "5",
        "owner_configuration": 18
    }
},
{
    "model": "system.configurationentry",
    "pk": 206,
    "fields": {
        "key": "os2_product",
        "value": "5",
        "owner_configuration": 3
    }
},
{
    "model": "system.configurationentry",
    "pk": 207,
    "fields": {
        "key": "os2_product",
        "value": "5",
        "owner_configuration": 15
    }
},
{
    "model": "system.configurationentry",
    "pk": 208,
    "fields": {
        "key": "os2_product",
        "value": "5",
        "owner_configuration": 22
    }
},
{
    "model": "system.configurationentry",
    "pk": 209,
    "fields": {
        "key": "os2_product",
        "value": "5",
        "owner_configuration": 28
    }
},
{
    "model": "system.configurationentry",
    "pk": 211,
    "fields": {
        "key": "os2_product",
        "value": "5",
        "owner_configuration": 9
    }
},
{
    "model": "system.configurationentry",
    "pk": 216,
    "fields": {
        "key": "q",
        "value": "5",
        "owner_configuration": 1
    }
},
{
    "model": "system.configurationentry",
    "pk": 217,
    "fields": {
        "key": "_os2borgerpc.client_version",
        "value": "5",
        "owner_configuration": 32
    }
},
{
    "model": "system.configurationentry",
    "pk": 218,
    "fields": {
        "key": "admin_url",
        "value": "5",
        "owner_configuration": 32
    }
},
{
    "model": "system.configurationentry",
    "pk": 219,
    "fields": {
        "key": "distribution",
        "value": "5",
        "owner_configuration": 32
    }
},
{
    "model": "system.configurationentry",
    "pk": 220,
    "fields": {
        "key": "fresh_install",
        "value": "5",
        "owner_configuration": 32
    }
},
{
    "model": "system.configurationentry",
    "pk": 221,
    "fields": {
        "key": "hostname",
        "value": "5",
        "owner_configuration": 32
    }
},
{
    "model": "system.configurationentry",
    "pk": 222,
    "fields": {
        "key": "job_timeout",
        "value": "5",
        "owner_configuration": 32
    }
},
{
    "model": "system.configurationentry",
    "pk": 223,
    "fields": {
        "key": "mac",
        "value": "5",
        "owner_configuration": 32
    }
},
{
    "model": "system.configurationentry",
    "pk": 224,
    "fields": {
        "key": "os2_product",
        "value": "5",
        "owner_configuration": 32
    }
},
{
    "model": "system.configurationentry",
    "pk": 225,
    "fields": {
        "key": "os2borgerpc_version",
        "value": "5",
        "owner_configuration": 32
    }
},
{
    "model": "system.configurationentry",
    "pk": 226,
    "fields": {
        "key": "security_updates",
        "value": "5",
        "owner_configuration": 32
    }
},
{
    "model": "system.configurationentry",
    "pk": 227,
    "fields": {
        "key": "site",
        "value": "5",
        "owner_configuration": 32
    }
},
{
    "model": "system.configurationentry",
    "pk": 228,
    "fields": {
        "key": "uid",
        "value": "5",
        "owner_configuration": 32
    }
},
{
    "model": "system.configurationentry",
    "pk": 229,
    "fields": {
        "key": "updates",
        "value": "5",
        "owner_configuration": 32
    }
},
{
    "model": "system.configurationentry",
    "pk": 230,
    "fields": {
        "key": "admin_url",
        "value": "5",
        "owner_configuration": 34
    }
},
{
    "model": "system.configurationentry",
    "pk": 231,
    "fields": {
        "key": "distribution",
        "value": "5",
        "owner_configuration": 34
    }
},
{
    "model": "system.configurationentry",
    "pk": 232,
    "fields": {
        "key": "fresh_install",
        "value": "5",
        "owner_configuration": 34
    }
},
{
    "model": "system.configurationentry",
    "pk": 233,
    "fields": {
        "key": "hostname",
        "value": "5",
        "owner_configuration": 34
    }
},
{
    "model": "system.configurationentry",
    "pk": 234,
    "fields": {
        "key": "mac",
        "value": "5",
        "owner_configuration": 34
    }
},
{
    "model": "system.configurationentry",
    "pk": 235,
    "fields": {
        "key": "os2borgerpc_version",
        "value": "5",
        "owner_configuration": 34
    }
},
{
    "model": "system.configurationentry",
    "pk": 236,
    "fields": {
        "key": "site",
        "value": "5",
        "owner_configuration": 34
    }
},
{
    "model": "system.configurationentry",
    "pk": 237,
    "fields": {
        "key": "uid",
        "value": "5",
        "owner_configuration": 34
    }
},
{
    "model": "system.configurationentry",
    "pk": 238,
    "fields": {
        "key": "os2_product",
        "value": "5",
        "owner_configuration": 34
    }
},
{
    "model": "system.configurationentry",
    "pk": 239,
    "fields": {
        "key": "job_timeout",
        "value": "5",
        "owner_configuration": 34
    }
},
{
    "model": "system.configurationentry",
    "pk": 240,
    "fields": {
        "key": "_os2borgerpc.client_version",
        "value": "5",
        "owner_configuration": 34
    }
},
{
    "model": "system.configurationentry",
    "pk": 241,
    "fields": {
        "key": "updates",
        "value": "5",
        "owner_configuration": 34
    }
},
{
    "model": "system.configurationentry",
    "pk": 242,
    "fields": {
        "key": "security_updates",
        "value": "5",
        "owner_configuration": 34
    }
},
{
    "model": "system.configurationentry",
    "pk": 243,
    "fields": {
        "key": "_os2borgerpc.client_version",
        "value": "5",
        "owner_configuration": 38
    }
},
{
    "model": "system.configurationentry",
    "pk": 244,
    "fields": {
        "key": "_os_name",
        "value": "5",
        "owner_configuration": 38
    }
},
{
    "model": "system.configurationentry",
    "pk": 245,
    "fields": {
        "key": "_os_release",
        "value": "5",
        "owner_configuration": 38
    }
},
{
    "model": "system.configurationentry",
    "pk": 246,
    "fields": {
        "key": "admin_url",
        "value": "5",
        "owner_configuration": 38
    }
},
{
    "model": "system.configurationentry",
    "pk": 247,
    "fields": {
        "key": "distribution",
        "value": "5",
        "owner_configuration": 38
    }
},
{
    "model": "system.configurationentry",
    "pk": 248,
    "fields": {
        "key": "fresh_install",
        "value": "5",
        "owner_configuration": 38
    }
},
{
    "model": "system.configurationentry",
    "pk": 249,
    "fields": {
        "key": "hostname",
        "value": "5",
        "owner_configuration": 38
    }
},
{
    "model": "system.configurationentry",
    "pk": 250,
    "fields": {
        "key": "job_timeout",
        "value": "5",
        "owner_configuration": 38
    }
},
{
    "model": "system.configurationentry",
    "pk": 251,
    "fields": {
        "key": "mac",
        "value": "5",
        "owner_configuration": 38
    }
},
{
    "model": "system.configurationentry",
    "pk": 252,
    "fields": {
        "key": "os2_product",
        "value": "5",
        "owner_configuration": 38
    }
},
{
    "model": "system.configurationentry",
    "pk": 253,
    "fields": {
        "key": "os2borgerpc_version",
        "value": "5",
        "owner_configuration": 38
    }
},
{
    "model": "system.configurationentry",
    "pk": 254,
    "fields": {
        "key": "security_updates",
        "value": "5",
        "owner_configuration": 38
    }
},
{
    "model": "system.configurationentry",
    "pk": 255,
    "fields": {
        "key": "site",
        "value": "5",
        "owner_configuration": 38
    }
},
{
    "model": "system.configurationentry",
    "pk": 256,
    "fields": {
        "key": "test",
        "value": "5",
        "owner_configuration": 38
    }
},
{
    "model": "system.configurationentry",
    "pk": 257,
    "fields": {
        "key": "uid",
        "value": "5",
        "owner_configuration": 38
    }
},
{
    "model": "system.configurationentry",
    "pk": 258,
    "fields": {
        "key": "updates",
        "value": "5",
        "owner_configuration": 38
    }
},
{
    "model": "system.configurationentry",
    "pk": 295,
    "fields": {
        "key": "_os2borgerpc.client_version",
        "value": "5",
        "owner_configuration": 44
    }
},
{
    "model": "system.configurationentry",
    "pk": 296,
    "fields": {
        "key": "_os_name",
        "value": "5",
        "owner_configuration": 44
    }
},
{
    "model": "system.configurationentry",
    "pk": 297,
    "fields": {
        "key": "_os_release",
        "value": "5",
        "owner_configuration": 44
    }
},
{
    "model": "system.configurationentry",
    "pk": 298,
    "fields": {
        "key": "admin_url",
        "value": "5",
        "owner_configuration": 44
    }
},
{
    "model": "system.configurationentry",
    "pk": 299,
    "fields": {
        "key": "distribution",
        "value": "5",
        "owner_configuration": 44
    }
},
{
    "model": "system.configurationentry",
    "pk": 300,
    "fields": {
        "key": "hostname",
        "value": "5",
        "owner_configuration": 44
    }
},
{
    "model": "system.configurationentry",
    "pk": 301,
    "fields": {
        "key": "job_timeout",
        "value": "5",
        "owner_configuration": 44
    }
},
{
    "model": "system.configurationentry",
    "pk": 302,
    "fields": {
        "key": "mac",
        "value": "5",
        "owner_configuration": 44
    }
},
{
    "model": "system.configurationentry",
    "pk": 303,
    "fields": {
        "key": "os2_product",
        "value": "5",
        "owner_configuration": 44
    }
},
{
    "model": "system.configurationentry",
    "pk": 304,
    "fields": {
        "key": "os2borgerpc_version",
        "value": "5",
        "owner_configuration": 44
    }
},
{
    "model": "system.configurationentry",
    "pk": 305,
    "fields": {
        "key": "security_updates",
        "value": "5",
        "owner_configuration": 44
    }
},
{
    "model": "system.configurationentry",
    "pk": 306,
    "fields": {
        "key": "site",
        "value": "5",
        "owner_configuration": 44
    }
},
{
    "model": "system.configurationentry",
    "pk": 307,
    "fields": {
        "key": "test",
        "value": "5",
        "owner_configuration": 44
    }
},
{
    "model": "system.configurationentry",
    "pk": 308,
    "fields": {
        "key": "uid",
        "value": "5",
        "owner_configuration": 44
    }
},
{
    "model": "system.configurationentry",
    "pk": 309,
    "fields": {
        "key": "updates",
        "value": "5",
        "owner_configuration": 44
    }
},
{
    "model": "system.configurationentry",
    "pk": 310,
    "fields": {
        "key": "_os2borgerpc.client_version",
        "value": "5",
        "owner_configuration": 45
    }
},
{
    "model": "system.configurationentry",
    "pk": 311,
    "fields": {
        "key": "_os_name",
        "value": "5",
        "owner_configuration": 45
    }
},
{
    "model": "system.configurationentry",
    "pk": 312,
    "fields": {
        "key": "_os_release",
        "value": "5",
        "owner_configuration": 45
    }
},
{
    "model": "system.configurationentry",
    "pk": 313,
    "fields": {
        "key": "admin_url",
        "value": "5",
        "owner_configuration": 45
    }
},
{
    "model": "system.configurationentry",
    "pk": 314,
    "fields": {
        "key": "distribution",
        "value": "5",
        "owner_configuration": 45
    }
},
{
    "model": "system.configurationentry",
    "pk": 315,
    "fields": {
        "key": "fsf",
        "value": "5",
        "owner_configuration": 45
    }
},
{
    "model": "system.configurationentry",
    "pk": 316,
    "fields": {
        "key": "hostname",
        "value": "5",
        "owner_configuration": 45
    }
},
{
    "model": "system.configurationentry",
    "pk": 317,
    "fields": {
        "key": "job_timeout",
        "value": "5",
        "owner_configuration": 45
    }
},
{
    "model": "system.configurationentry",
    "pk": 318,
    "fields": {
        "key": "mac",
        "value": "5",
        "owner_configuration": 45
    }
},
{
    "model": "system.configurationentry",
    "pk": 319,
    "fields": {
        "key": "os2_product",
        "value": "5",
        "owner_configuration": 45
    }
},
{
    "model": "system.configurationentry",
    "pk": 320,
    "fields": {
        "key": "os2borgerpc_version",
        "value": "5",
        "owner_configuration": 45
    }
},
{
    "model": "system.configurationentry",
    "pk": 321,
    "fields": {
        "key": "q",
        "value": "5",
        "owner_configuration": 45
    }
},
{
    "model": "system.configurationentry",
    "pk": 322,
    "fields": {
        "key": "sdfs",
        "value": "5",
        "owner_configuration": 45
    }
},
{
    "model": "system.configurationentry",
    "pk": 323,
    "fields": {
        "key": "security_updates",
        "value": "5",
        "owner_configuration": 45
    }
},
{
    "model": "system.configurationentry",
    "pk": 324,
    "fields": {
        "key": "site",
        "value": "5",
        "owner_configuration": 45
    }
},
{
    "model": "system.configurationentry",
    "pk": 325,
    "fields": {
        "key": "test",
        "value": "5",
        "owner_configuration": 45
    }
},
{
    "model": "system.configurationentry",
    "pk": 326,
    "fields": {
        "key": "uid",
        "value": "5",
        "owner_configuration": 45
    }
},
{
    "model": "system.configurationentry",
    "pk": 327,
    "fields": {
        "key": "updates",
        "value": "5",
        "owner_configuration": 45
    }
},
{
    "model": "system.configurationentry",
    "pk": 328,
    "fields": {
        "key": "_os2borgerpc.client_version",
        "value": "5",
        "owner_configuration": 46
    }
},
{
    "model": "system.configurationentry",
    "pk": 329,
    "fields": {
        "key": "_os_name",
        "value": "5",
        "owner_configuration": 46
    }
},
{
    "model": "system.configurationentry",
    "pk": 330,
    "fields": {
        "key": "_os_release",
        "value": "5",
        "owner_configuration": 46
    }
},
{
    "model": "system.configurationentry",
    "pk": 331,
    "fields": {
        "key": "admin_url",
        "value": "5",
        "owner_configuration": 46
    }
},
{
    "model": "system.configurationentry",
    "pk": 332,
    "fields": {
        "key": "distribution",
        "value": "5",
        "owner_configuration": 46
    }
},
{
    "model": "system.configurationentry",
    "pk": 333,
    "fields": {
        "key": "hostname",
        "value": "5",
        "owner_configuration": 46
    }
},
{
    "model": "system.configurationentry",
    "pk": 334,
    "fields": {
        "key": "job_timeout",
        "value": "5",
        "owner_configuration": 46
    }
},
{
    "model": "system.configurationentry",
    "pk": 335,
    "fields": {
        "key": "mac",
        "value": "5",
        "owner_configuration": 46
    }
},
{
    "model": "system.configurationentry",
    "pk": 336,
    "fields": {
        "key": "os2_product",
        "value": "5",
        "owner_configuration": 46
    }
},
{
    "model": "system.configurationentry",
    "pk": 337,
    "fields": {
        "key": "os2borgerpc_version",
        "value": "5",
        "owner_configuration": 46
    }
},
{
    "model": "system.configurationentry",
    "pk": 338,
    "fields": {
        "key": "site",
        "value": "5",
        "owner_configuration": 46
    }
},
{
    "model": "system.configurationentry",
    "pk": 339,
    "fields": {
        "key": "test",
        "value": "5",
        "owner_configuration": 46
    }
},
{
    "model": "system.configurationentry",
    "pk": 340,
    "fields": {
        "key": "uid",
        "value": "5",
        "owner_configuration": 46
    }
},
{
    "model": "system.configurationentry",
    "pk": 341,
    "fields": {
        "key": "updates",
        "value": "5",
        "owner_configuration": 46
    }
},
{
    "model": "system.configurationentry",
    "pk": 342,
    "fields": {
        "key": "security_updates",
        "value": "5",
        "owner_configuration": 46
    }
},
{
    "model": "system.configurationentry",
    "pk": 343,
    "fields": {
        "key": "_os2borgerpc.client_version",
        "value": "5",
        "owner_configuration": 48
    }
},
{
    "model": "system.configurationentry",
    "pk": 344,
    "fields": {
        "key": "_os_name",
        "value": "5",
        "owner_configuration": 48
    }
},
{
    "model": "system.configurationentry",
    "pk": 345,
    "fields": {
        "key": "_os_release",
        "value": "5",
        "owner_configuration": 48
    }
},
{
    "model": "system.configurationentry",
    "pk": 346,
    "fields": {
        "key": "admin_url",
        "value": "5",
        "owner_configuration": 48
    }
},
{
    "model": "system.configurationentry",
    "pk": 347,
    "fields": {
        "key": "distribution",
        "value": "5",
        "owner_configuration": 48
    }
},
{
    "model": "system.configurationentry",
    "pk": 348,
    "fields": {
        "key": "hostname",
        "value": "5",
        "owner_configuration": 48
    }
},
{
    "model": "system.configurationentry",
    "pk": 349,
    "fields": {
        "key": "job_timeout",
        "value": "5",
        "owner_configuration": 48
    }
},
{
    "model": "system.configurationentry",
    "pk": 350,
    "fields": {
        "key": "mac",
        "value": "5",
        "owner_configuration": 48
    }
},
{
    "model": "system.configurationentry",
    "pk": 351,
    "fields": {
        "key": "os2_product",
        "value": "5",
        "owner_configuration": 48
    }
},
{
    "model": "system.configurationentry",
    "pk": 352,
    "fields": {
        "key": "os2borgerpc_version",
        "value": "5",
        "owner_configuration": 48
    }
},
{
    "model": "system.configurationentry",
    "pk": 353,
    "fields": {
        "key": "security_updates",
        "value": "5",
        "owner_configuration": 48
    }
},
{
    "model": "system.configurationentry",
    "pk": 354,
    "fields": {
        "key": "site",
        "value": "5",
        "owner_configuration": 48
    }
},
{
    "model": "system.configurationentry",
    "pk": 355,
    "fields": {
        "key": "test",
        "value": "5",
        "owner_configuration": 48
    }
},
{
    "model": "system.configurationentry",
    "pk": 356,
    "fields": {
        "key": "uid",
        "value": "5",
        "owner_configuration": 48
    }
},
{
    "model": "system.configurationentry",
    "pk": 357,
    "fields": {
        "key": "updates",
        "value": "5",
        "owner_configuration": 48
    }
},
{
    "model": "system.configurationentry",
    "pk": 358,
    "fields": {
        "key": "_os2borgerpc.client_version",
        "value": "5",
        "owner_configuration": 49
    }
},
{
    "model": "system.configurationentry",
    "pk": 359,
    "fields": {
        "key": "admin_url",
        "value": "5",
        "owner_configuration": 49
    }
},
{
    "model": "system.configurationentry",
    "pk": 360,
    "fields": {
        "key": "distribution",
        "value": "5",
        "owner_configuration": 49
    }
},
{
    "model": "system.configurationentry",
    "pk": 361,
    "fields": {
        "key": "fresh_install",
        "value": "5",
        "owner_configuration": 49
    }
},
{
    "model": "system.configurationentry",
    "pk": 362,
    "fields": {
        "key": "hostname",
        "value": "5",
        "owner_configuration": 49
    }
},
{
    "model": "system.configurationentry",
    "pk": 363,
    "fields": {
        "key": "job_timeout",
        "value": "5",
        "owner_configuration": 49
    }
},
{
    "model": "system.configurationentry",
    "pk": 364,
    "fields": {
        "key": "mac",
        "value": "5",
        "owner_configuration": 49
    }
},
{
    "model": "system.configurationentry",
    "pk": 365,
    "fields": {
        "key": "os2_product",
        "value": "5",
        "owner_configuration": 49
    }
},
{
    "model": "system.configurationentry",
    "pk": 366,
    "fields": {
        "key": "os2borgerpc_version",
        "value": "5",
        "owner_configuration": 49
    }
},
{
    "model": "system.configurationentry",
    "pk": 367,
    "fields": {
        "key": "security_updates",
        "value": "5",
        "owner_configuration": 49
    }
},
{
    "model": "system.configurationentry",
    "pk": 368,
    "fields": {
        "key": "site",
        "value": "5",
        "owner_configuration": 49
    }
},
{
    "model": "system.configurationentry",
    "pk": 369,
    "fields": {
        "key": "test",
        "value": "5",
        "owner_configuration": 49
    }
},
{
    "model": "system.configurationentry",
    "pk": 370,
    "fields": {
        "key": "uid",
        "value": "5",
        "owner_configuration": 49
    }
},
{
    "model": "system.configurationentry",
    "pk": 371,
    "fields": {
        "key": "updates",
        "value": "5",
        "owner_configuration": 49
    }
},
{
    "model": "system.configurationentry",
    "pk": 372,
    "fields": {
        "key": "_os_release",
        "value": "5",
        "owner_configuration": 49
    }
},
{
    "model": "system.configurationentry",
    "pk": 373,
    "fields": {
        "key": "_os_name",
        "value": "5",
        "owner_configuration": 49
    }
},
{
    "model": "system.configurationentry",
    "pk": 374,
    "fields": {
        "key": "_os2borgerpc.client_version",
        "value": "5",
        "owner_configuration": 50
    }
},
{
    "model": "system.configurationentry",
    "pk": 375,
    "fields": {
        "key": "admin_url",
        "value": "5",
        "owner_configuration": 50
    }
},
{
    "model": "system.configurationentry",
    "pk": 376,
    "fields": {
        "key": "distribution",
        "value": "5",
        "owner_configuration": 50
    }
},
{
    "model": "system.configurationentry",
    "pk": 377,
    "fields": {
        "key": "fresh_install",
        "value": "5",
        "owner_configuration": 50
    }
},
{
    "model": "system.configurationentry",
    "pk": 378,
    "fields": {
        "key": "hostname",
        "value": "5",
        "owner_configuration": 50
    }
},
{
    "model": "system.configurationentry",
    "pk": 379,
    "fields": {
        "key": "job_timeout",
        "value": "5",
        "owner_configuration": 50
    }
},
{
    "model": "system.configurationentry",
    "pk": 380,
    "fields": {
        "key": "mac",
        "value": "5",
        "owner_configuration": 50
    }
},
{
    "model": "system.configurationentry",
    "pk": 381,
    "fields": {
        "key": "os2_product",
        "value": "5",
        "owner_configuration": 50
    }
},
{
    "model": "system.configurationentry",
    "pk": 382,
    "fields": {
        "key": "os2borgerpc_version",
        "value": "5",
        "owner_configuration": 50
    }
},
{
    "model": "system.configurationentry",
    "pk": 383,
    "fields": {
        "key": "security_updates",
        "value": "5",
        "owner_configuration": 50
    }
},
{
    "model": "system.configurationentry",
    "pk": 384,
    "fields": {
        "key": "site",
        "value": "5",
        "owner_configuration": 50
    }
},
{
    "model": "system.configurationentry",
    "pk": 385,
    "fields": {
        "key": "test",
        "value": "5",
        "owner_configuration": 50
    }
},
{
    "model": "system.configurationentry",
    "pk": 386,
    "fields": {
        "key": "uid",
        "value": "5",
        "owner_configuration": 50
    }
},
{
    "model": "system.configurationentry",
    "pk": 387,
    "fields": {
        "key": "updates",
        "value": "5",
        "owner_configuration": 50
    }
},
{
    "model": "system.configurationentry",
    "pk": 388,
    "fields": {
        "key": "user_login_duration",
        "value": "5",
        "owner_configuration": 50
    }
},
{
    "model": "system.configurationentry",
    "pk": 389,
    "fields": {
        "key": "user_quarantine_duration",
        "value": "5",
        "owner_configuration": 50
    }
},
{
    "model": "system.configurationentry",
    "pk": 390,
    "fields": {
        "key": "_os2borgerpc.client_version",
        "value": "5",
        "owner_configuration": 51
    }
},
{
    "model": "system.configurationentry",
    "pk": 391,
    "fields": {
        "key": "admin_url",
        "value": "5",
        "owner_configuration": 51
    }
},
{
    "model": "system.configurationentry",
    "pk": 392,
    "fields": {
        "key": "distribution",
        "value": "5",
        "owner_configuration": 51
    }
},
{
    "model": "system.configurationentry",
    "pk": 393,
    "fields": {
        "key": "hostname",
        "value": "5",
        "owner_configuration": 51
    }
},
{
    "model": "system.configurationentry",
    "pk": 394,
    "fields": {
        "key": "job_timeout",
        "value": "5",
        "owner_configuration": 51
    }
},
{
    "model": "system.configurationentry",
    "pk": 395,
    "fields": {
        "key": "mac",
        "value": "5",
        "owner_configuration": 51
    }
},
{
    "model": "system.configurationentry",
    "pk": 396,
    "fields": {
        "key": "os2_product",
        "value": "5",
        "owner_configuration": 51
    }
},
{
    "model": "system.configurationentry",
    "pk": 397,
    "fields": {
        "key": "security_updates",
        "value": "5",
        "owner_configuration": 51
    }
},
{
    "model": "system.configurationentry",
    "pk": 398,
    "fields": {
        "key": "site",
        "value": "5",
        "owner_configuration": 51
    }
},
{
    "model": "system.configurationentry",
    "pk": 399,
    "fields": {
        "key": "test",
        "value": "5",
        "owner_configuration": 51
    }
},
{
    "model": "system.configurationentry",
    "pk": 400,
    "fields": {
        "key": "uid",
        "value": "5",
        "owner_configuration": 51
    }
},
{
    "model": "system.configurationentry",
    "pk": 401,
    "fields": {
        "key": "updates",
        "value": "5",
        "owner_configuration": 51
    }
},
{
    "model": "system.configurationentry",
    "pk": 416,
    "fields": {
        "key": "_os2borgerpc.client_version",
        "value": "5",
        "owner_configuration": 55
    }
},
{
    "model": "system.configurationentry",
    "pk": 417,
    "fields": {
        "key": "_os_name",
        "value": "5",
        "owner_configuration": 55
    }
},
{
    "model": "system.configurationentry",
    "pk": 418,
    "fields": {
        "key": "_os_release",
        "value": "5",
        "owner_configuration": 55
    }
},
{
    "model": "system.configurationentry",
    "pk": 419,
    "fields": {
        "key": "admin_url",
        "value": "5",
        "owner_configuration": 55
    }
},
{
    "model": "system.configurationentry",
    "pk": 420,
    "fields": {
        "key": "distribution",
        "value": "5",
        "owner_configuration": 55
    }
},
{
    "model": "system.configurationentry",
    "pk": 421,
    "fields": {
        "key": "hostname",
        "value": "5",
        "owner_configuration": 55
    }
},
{
    "model": "system.configurationentry",
    "pk": 422,
    "fields": {
        "key": "job_timeout",
        "value": "5",
        "owner_configuration": 55
    }
},
{
    "model": "system.configurationentry",
    "pk": 423,
    "fields": {
        "key": "mac",
        "value": "5",
        "owner_configuration": 55
    }
},
{
    "model": "system.configurationentry",
    "pk": 424,
    "fields": {
        "key": "os2_product",
        "value": "5",
        "owner_configuration": 55
    }
},
{
    "model": "system.configurationentry",
    "pk": 425,
    "fields": {
        "key": "security_updates",
        "value": "5",
        "owner_configuration": 55
    }
},
{
    "model": "system.configurationentry",
    "pk": 426,
    "fields": {
        "key": "site",
        "value": "5",
        "owner_configuration": 55
    }
},
{
    "model": "system.configurationentry",
    "pk": 427,
    "fields": {
        "key": "test",
        "value": "5",
        "owner_configuration": 55
    }
},
{
    "model": "system.configurationentry",
    "pk": 428,
    "fields": {
        "key": "uid",
        "value": "5",
        "owner_configuration": 55
    }
},
{
    "model": "system.configurationentry",
    "pk": 429,
    "fields": {
        "key": "updates",
        "value": "5",
        "owner_configuration": 55
    }
},
{
    "model": "system.configurationentry",
    "pk": 444,
    "fields": {
        "key": "_os2borgerpc.client_version",
        "value": "5",
        "owner_configuration": 54
    }
},
{
    "model": "system.configurationentry",
    "pk": 445,
    "fields": {
        "key": "_os_name",
        "value": "5",
        "owner_configuration": 54
    }
},
{
    "model": "system.configurationentry",
    "pk": 446,
    "fields": {
        "key": "_os_release",
        "value": "5",
        "owner_configuration": 54
    }
},
{
    "model": "system.configurationentry",
    "pk": 447,
    "fields": {
        "key": "admin_url",
        "value": "5",
        "owner_configuration": 54
    }
},
{
    "model": "system.configurationentry",
    "pk": 448,
    "fields": {
        "key": "distribution",
        "value": "5",
        "owner_configuration": 54
    }
},
{
    "model": "system.configurationentry",
    "pk": 449,
    "fields": {
        "key": "hostname",
        "value": "5",
        "owner_configuration": 54
    }
},
{
    "model": "system.configurationentry",
    "pk": 450,
    "fields": {
        "key": "job_timeout",
        "value": "5",
        "owner_configuration": 54
    }
},
{
    "model": "system.configurationentry",
    "pk": 451,
    "fields": {
        "key": "mac",
        "value": "5",
        "owner_configuration": 54
    }
},
{
    "model": "system.configurationentry",
    "pk": 452,
    "fields": {
        "key": "os2_product",
        "value": "5",
        "owner_configuration": 54
    }
},
{
    "model": "system.configurationentry",
    "pk": 453,
    "fields": {
        "key": "os2borgerpc_version",
        "value": "5",
        "owner_configuration": 54
    }
},
{
    "model": "system.configurationentry",
    "pk": 454,
    "fields": {
        "key": "security_updates",
        "value": "5",
        "owner_configuration": 54
    }
},
{
    "model": "system.configurationentry",
    "pk": 455,
    "fields": {
        "key": "site",
        "value": "5",
        "owner_configuration": 54
    }
},
{
    "model": "system.configurationentry",
    "pk": 456,
    "fields": {
        "key": "uid",
        "value": "5",
        "owner_configuration": 54
    }
},
{
    "model": "system.configurationentry",
    "pk": 457,
    "fields": {
        "key": "updates",
        "value": "5",
        "owner_configuration": 54
    }
},
{
    "model": "system.configurationentry",
    "pk": 458,
    "fields": {
        "key": "_os2borgerpc.client_version",
        "value": "5",
        "owner_configuration": 56
    }
},
{
    "model": "system.configurationentry",
    "pk": 459,
    "fields": {
        "key": "_os_name",
        "value": "5",
        "owner_configuration": 56
    }
},
{
    "model": "system.configurationentry",
    "pk": 460,
    "fields": {
        "key": "_os_release",
        "value": "5",
        "owner_configuration": 56
    }
},
{
    "model": "system.configurationentry",
    "pk": 461,
    "fields": {
        "key": "admin_url",
        "value": "5",
        "owner_configuration": 56
    }
},
{
    "model": "system.configurationentry",
    "pk": 462,
    "fields": {
        "key": "distribution",
        "value": "5",
        "owner_configuration": 56
    }
},
{
    "model": "system.configurationentry",
    "pk": 463,
    "fields": {
        "key": "hostname",
        "value": "5",
        "owner_configuration": 56
    }
},
{
    "model": "system.configurationentry",
    "pk": 464,
    "fields": {
        "key": "job_timeout",
        "value": "5",
        "owner_configuration": 56
    }
},
{
    "model": "system.configurationentry",
    "pk": 465,
    "fields": {
        "key": "mac",
        "value": "5",
        "owner_configuration": 56
    }
},
{
    "model": "system.configurationentry",
    "pk": 466,
    "fields": {
        "key": "os2_product",
        "value": "5",
        "owner_configuration": 56
    }
},
{
    "model": "system.configurationentry",
    "pk": 467,
    "fields": {
        "key": "os2borgerpc_version",
        "value": "5",
        "owner_configuration": 56
    }
},
{
    "model": "system.configurationentry",
    "pk": 468,
    "fields": {
        "key": "security_updates",
        "value": "5",
        "owner_configuration": 56
    }
},
{
    "model": "system.configurationentry",
    "pk": 469,
    "fields": {
        "key": "site",
        "value": "5",
        "owner_configuration": 56
    }
},
{
    "model": "system.configurationentry",
    "pk": 470,
    "fields": {
        "key": "test",
        "value": "5",
        "owner_configuration": 56
    }
},
{
    "model": "system.configurationentry",
    "pk": 471,
    "fields": {
        "key": "uid",
        "value": "5",
        "owner_configuration": 56
    }
},
{
    "model": "system.configurationentry",
    "pk": 472,
    "fields": {
        "key": "updates",
        "value": "5",
        "owner_configuration": 56
    }
},
{
    "model": "system.configurationentry",
    "pk": 473,
    "fields": {
        "key": "_os2borgerpc.client_version",
        "value": "5",
        "owner_configuration": 57
    }
},
{
    "model": "system.configurationentry",
    "pk": 474,
    "fields": {
        "key": "_os_name",
        "value": "5",
        "owner_configuration": 57
    }
},
{
    "model": "system.configurationentry",
    "pk": 475,
    "fields": {
        "key": "_os_release",
        "value": "5",
        "owner_configuration": 57
    }
},
{
    "model": "system.configurationentry",
    "pk": 476,
    "fields": {
        "key": "admin_url",
        "value": "5",
        "owner_configuration": 57
    }
},
{
    "model": "system.configurationentry",
    "pk": 477,
    "fields": {
        "key": "distribution",
        "value": "5",
        "owner_configuration": 57
    }
},
{
    "model": "system.configurationentry",
    "pk": 478,
    "fields": {
        "key": "hostname",
        "value": "5",
        "owner_configuration": 57
    }
},
{
    "model": "system.configurationentry",
    "pk": 479,
    "fields": {
        "key": "job_timeout",
        "value": "5",
        "owner_configuration": 57
    }
},
{
    "model": "system.configurationentry",
    "pk": 480,
    "fields": {
        "key": "mac",
        "value": "5",
        "owner_configuration": 57
    }
},
{
    "model": "system.configurationentry",
    "pk": 481,
    "fields": {
        "key": "os2_product",
        "value": "5",
        "owner_configuration": 57
    }
},
{
    "model": "system.configurationentry",
    "pk": 482,
    "fields": {
        "key": "os2borgerpc_version",
        "value": "5",
        "owner_configuration": 57
    }
},
{
    "model": "system.configurationentry",
    "pk": 483,
    "fields": {
        "key": "security_updates",
        "value": "5",
        "owner_configuration": 57
    }
},
{
    "model": "system.configurationentry",
    "pk": 484,
    "fields": {
        "key": "site",
        "value": "5",
        "owner_configuration": 57
    }
},
{
    "model": "system.configurationentry",
    "pk": 485,
    "fields": {
        "key": "test",
        "value": "5",
        "owner_configuration": 57
    }
},
{
    "model": "system.configurationentry",
    "pk": 486,
    "fields": {
        "key": "uid",
        "value": "5",
        "owner_configuration": 57
    }
},
{
    "model": "system.configurationentry",
    "pk": 487,
    "fields": {
        "key": "updates",
        "value": "5",
        "owner_configuration": 57
    }
},
{
    "model": "system.configurationentry",
    "pk": 488,
    "fields": {
        "key": "admin_url",
        "value": "5",
        "owner_configuration": 59
    }
},
{
    "model": "system.configurationentry",
    "pk": 489,
    "fields": {
        "key": "distribution",
        "value": "5",
        "owner_configuration": 59
    }
},
{
    "model": "system.configurationentry",
    "pk": 490,
    "fields": {
        "key": "hostname",
        "value": "5",
        "owner_configuration": 59
    }
},
{
    "model": "system.configurationentry",
    "pk": 491,
    "fields": {
        "key": "mac",
        "value": "5",
        "owner_configuration": 59
    }
},
{
    "model": "system.configurationentry",
    "pk": 492,
    "fields": {
        "key": "os2_product",
        "value": "5",
        "owner_configuration": 59
    }
},
{
    "model": "system.configurationentry",
    "pk": 493,
    "fields": {
        "key": "os2borgerpc_version",
        "value": "5",
        "owner_configuration": 59
    }
},
{
    "model": "system.configurationentry",
    "pk": 494,
    "fields": {
        "key": "site",
        "value": "5",
        "owner_configuration": 59
    }
},
{
    "model": "system.configurationentry",
    "pk": 495,
    "fields": {
        "key": "uid",
        "value": "5",
        "owner_configuration": 59
    }
},
{
    "model": "system.configurationentry",
    "pk": 496,
    "fields": {
        "key": "job_timeout",
        "value": "5",
        "owner_configuration": 59
    }
},
{
    "model": "system.configurationentry",
    "pk": 497,
    "fields": {
        "key": "_os2borgerpc.client_version",
        "value": "5",
        "owner_configuration": 59
    }
},
{
    "model": "system.configurationentry",
    "pk": 498,
    "fields": {
        "key": "_os_release",
        "value": "5",
        "owner_configuration": 59
    }
},
{
    "model": "system.configurationentry",
    "pk": 499,
    "fields": {
        "key": "_os_name",
        "value": "5",
        "owner_configuration": 59
    }
},
{
    "model": "system.configurationentry",
    "pk": 500,
    "fields": {
        "key": "updates",
        "value": "5",
        "owner_configuration": 59
    }
},
{
    "model": "system.configurationentry",
    "pk": 501,
    "fields": {
        "key": "security_updates",
        "value": "5",
        "owner_configuration": 59
    }
},
{
    "model": "system.site",
    "pk": 1,
    "fields": {
        "name": "Magenta",
        "uid": "magenta",
        "configuration": 1,
        "paid_for_access_until": "2025-04-02",
        "created": null,
        "isil": "DK-100000",
        "user_login_duration": "01:00:00",
        "user_quarantine_duration": "04:00:00",
        "rerun_asc": false
    }
},
{
    "model": "system.site",
    "pk": 9,
    "fields": {
        "name": "Magenta Test",
        "uid": "magenta-test",
        "configuration": 60,
        "paid_for_access_until": "2025-01-17",
        "created": null,
        "isil": "DK-100000",
        "user_login_duration": "01:00:00",
        "user_quarantine_duration": "04:00:00",
        "rerun_asc": false
    }
},
{
    "model": "system.site",
    "pk": 10,
    "fields": {
        "name": "Site3",
        "uid": "site3",
        "configuration": 61,
        "paid_for_access_until": "2024-04-01",
        "created": null,
        "isil": "",
        "user_login_duration": "01:00:00",
        "user_quarantine_duration": "04:00:00",
        "rerun_asc": false
    }
},
{
    "model": "system.featurepermission",
    "pk": 1,
    "fields": {
        "name": "Tidsplan",
        "uid": "wake_plan",
        "sites": [
            1
        ]
    }
},
{
    "model": "system.wakechangeevent",
    "pk": 1,
    "fields": {
        "name": "Vinterferie",
        "date_start": "2022-10-12",
        "time_start": null,
        "date_end": "2022-12-12",
        "time_end": null,
        "type": "CLOSED",
        "site": 9
    }
},
{
    "model": "system.wakechangeevent",
    "pk": 2,
    "fields": {
        "name": "Helligdag",
        "date_start": "2022-10-12",
        "time_start": "12:04:06",
        "date_end": "2022-10-12",
        "time_end": "17:04:07",
        "type": "ALTERED_HOURS",
        "site": 1
    }
},
{
    "model": "system.wakechangeevent",
    "pk": 3,
    "fields": {
        "name": "Efterrsferie",
        "date_start": "2022-09-12",
        "time_start": null,
        "date_end": "2022-10-12",
        "time_end": null,
        "type": "CLOSED",
        "site": 1
    }
},
{
    "model": "system.wakechangeevent",
    "pk": 4,
    "fields": {
        "name": "Helligdag2",
        "date_start": "2022-10-12",
        "time_start": "12:04:30",
        "date_end": "2022-10-12",
        "time_end": "18:04:34",
        "type": "ALTERED_HOURS",
        "site": 1
    }
},
{
    "model": "system.wakechangeevent",
    "pk": 5,
    "fields": {
        "name": "Efterrsferie2",
        "date_start": "2022-09-12",
        "time_start": null,
        "date_end": "2022-10-12",
        "time_end": null,
        "type": "CLOSED",
        "site": 1
    }
},
{
    "model": "system.wakechangeevent",
    "pk": 6,
    "fields": {
        "name": "Vinterferie2",
        "date_start": "2022-10-12",
        "time_start": "12:03:35",
        "date_end": "2022-12-12",
        "time_end": "20:03:36",
        "type": "ALTERED_HOURS",
        "site": 1
    }
},
{
    "model": "system.wakechangeevent",
    "pk": 7,
    "fields": {
        "name": "Helligdag3",
        "date_start": "2022-10-12",
        "time_start": null,
        "date_end": "2022-10-12",
        "time_end": null,
        "type": "CLOSED",
        "site": 1
    }
},
{
    "model": "system.wakechangeevent",
    "pk": 8,
    "fields": {
        "name": "Efterrsferie3",
        "date_start": "2022-09-12",
        "time_start": "12:04:15",
        "date_end": "2022-10-12",
        "time_end": "20:04:16",
        "type": "ALTERED_HOURS",
        "site": 1
    }
},
{
    "model": "system.wakechangeevent",
    "pk": 9,
    "fields": {
        "name": "Vinterferie3",
        "date_start": "2022-10-12",
        "time_start": null,
        "date_end": "2022-12-12",
        "time_end": null,
        "type": "CLOSED",
        "site": 1
    }
},
{
    "model": "system.wakechangeevent",
    "pk": 10,
    "fields": {
        "name": "Helligdag4",
        "date_start": "2022-10-12",
        "time_start": "12:04:06",
        "date_end": "2022-10-12",
        "time_end": "17:04:07",
        "type": "ALTERED_HOURS",
        "site": 1
    }
},
{
    "model": "system.wakechangeevent",
    "pk": 11,
    "fields": {
        "name": "Efterrsferie4",
        "date_start": "2022-09-12",
        "time_start": null,
        "date_end": "2022-10-12",
        "time_end": null,
        "type": "CLOSED",
        "site": 1
    }
},
{
    "model": "system.wakechangeevent",
    "pk": 12,
    "fields": {
        "name": "Vinterferie4",
        "date_start": "2022-10-12",
        "time_start": "12:03:35",
        "date_end": "2022-12-12",
        "time_end": "20:03:36",
        "type": "ALTERED_HOURS",
        "site": 1
    }
},
{
    "model": "system.wakechangeevent",
    "pk": 13,
    "fields": {
        "name": "Helligdag5",
        "date_start": "2022-10-12",
        "time_start": "12:04:06",
        "date_end": "2022-10-12",
        "time_end": "17:04:07",
        "type": "CLOSED",
        "site": 1
    }
},
{
    "model": "system.wakechangeevent",
    "pk": 14,
    "fields": {
        "name": "Efterrsferie5",
        "date_start": "2022-09-12",
        "time_start": "12:04:15",
        "date_end": "2022-10-12",
        "time_end": "20:04:16",
        "type": "ALTERED_HOURS",
        "site": 1
    }
},
{
    "model": "system.wakechangeevent",
    "pk": 15,
    "fields": {
        "name": "Vinterferie5",
        "date_start": "2022-10-12",
        "time_start": "12:03:35",
        "date_end": "2022-12-12",
        "time_end": "20:03:36",
        "type": "CLOSED",
        "site": 1
    }
},
{
    "model": "system.wakechangeevent",
    "pk": 16,
    "fields": {
        "name": "Helligdag6",
        "date_start": "2022-10-12",
        "time_start": "12:04:06",
        "date_end": "2022-10-12",
        "time_end": "17:04:07",
        "type": "ALTERED_HOURS",
        "site": 1
    }
},
{
    "model": "system.wakechangeevent",
    "pk": 17,
    "fields": {
        "name": "Efterrsferie6",
        "date_start": "2022-09-12",
        "time_start": "12:04:15",
        "date_end": "2022-10-12",
        "time_end": "20:04:16",
        "type": "CLOSED",
        "site": 1
    }
},
{
    "model": "system.wakechangeevent",
    "pk": 18,
    "fields": {
        "name": "Vinterferie6",
        "date_start": "2022-10-12",
        "time_start": "12:03:35",
        "date_end": "2022-12-12",
        "time_end": "20:03:36",
        "type": "ALTERED_HOURS",
        "site": 1
    }
},
{
    "model": "system.wakechangeevent",
    "pk": 19,
    "fields": {
        "name": "Helligdag7",
        "date_start": "2022-10-12",
        "time_start": "12:04:06",
        "date_end": "2022-10-12",
        "time_end": "17:04:07",
        "type": "CLOSED",
        "site": 1
    }
},
{
    "model": "system.wakechangeevent",
    "pk": 20,
    "fields": {
        "name": "Efterrsferie7",
        "date_start": "2022-09-12",
        "time_start": "12:04:15",
        "date_end": "2022-10-12",
        "time_end": "20:04:16",
        "type": "ALTERED_HOURS",
        "site": 1
    }
},
{
    "model": "system.wakechangeevent",
    "pk": 21,
    "fields": {
        "name": "Vinterferie7",
        "date_start": "2022-10-12",
        "time_start": "12:03:35",
        "date_end": "2022-12-12",
        "time_end": "20:03:36",
        "type": "CLOSED",
        "site": 1
    }
},
{
    "model": "system.wakechangeevent",
    "pk": 22,
    "fields": {
        "name": "Helligdag8",
        "date_start": "2022-10-12",
        "time_start": "12:04:06",
        "date_end": "2022-10-12",
        "time_end": "17:04:07",
        "type": "ALTERED_HOURS",
        "site": 1
    }
},
{
    "model": "system.wakechangeevent",
    "pk": 23,
    "fields": {
        "name": "Efterrsferie8",
        "date_start": "2022-09-12",
        "time_start": "12:04:15",
        "date_end": "2022-10-12",
        "time_end": "20:04:16",
        "type": "CLOSED",
        "site": 1
    }
},
{
    "model": "system.wakechangeevent",
    "pk": 24,
    "fields": {
        "name": "Vinterferie8",
        "date_start": "2022-10-12",
        "time_start": "12:03:35",
        "date_end": "2022-12-12",
        "time_end": "20:03:36",
        "type": "ALTERED_HOURS",
        "site": 1
    }
},
{
    "model": "system.wakechangeevent",
    "pk": 25,
    "fields": {
        "name": "Helligdag9",
        "date_start": "2022-10-12",
        "time_start": null,
        "date_end": "2022-10-12",
        "time_end": null,
        "type": "CLOSED",
        "site": 1
    }
},
{
    "model": "system.wakeweekplan",
    "pk": 1,
    "fields": {
        "name": "Stuen",
        "enabled": true,
        "sleep_state": "OFF",
        "monday_on": "08:00:00",
        "monday_off": "20:00:00",
        "monday_open": true,
        "tuesday_on": "08:00:00",
        "tuesday_off": "20:00:00",
        "tuesday_open": false,
        "wednesday_on": "08:00:00",
        "wednesday_off": "20:00:00",
        "wednesday_open": true,
        "thursday_on": "08:00:00",
        "thursday_off": "20:00:00",
        "thursday_open": true,
        "friday_on": "08:00:00",
        "friday_off": "20:00:00",
        "friday_open": true,
        "saturday_on": "08:00:00",
        "saturday_off": "20:00:00",
        "saturday_open": true,
        "sunday_on": "08:00:00",
        "sunday_off": "20:00:00",
        "sunday_open": true,
        "site": 1,
        "wake_change_events": []
    }
},
{
    "model": "system.wakeweekplan",
    "pk": 2,
    "fields": {
        "name": "Frste sal",
        "enabled": false,
        "sleep_state": "STANDBY",
        "monday_on": "08:00:00",
        "monday_off": "20:00:00",
        "monday_open": true,
        "tuesday_on": "08:00:00",
        "tuesday_off": "20:00:00",
        "tuesday_open": false,
        "wednesday_on": "08:00:00",
        "wednesday_off": "20:00:00",
        "wednesday_open": true,
        "thursday_on": "08:00:00",
        "thursday_off": "20:00:00",
        "thursday_open": true,
        "friday_on": "08:00:00",
        "friday_off": "20:00:00",
        "friday_open": true,
        "saturday_on": "08:00:00",
        "saturday_off": "20:00:00",
        "saturday_open": true,
        "sunday_on": "08:00:00",
        "sunday_off": "20:00:00",
        "sunday_open": true,
        "site": 9,
        "wake_change_events": [
            1
        ]
    }
},
{
    "model": "system.wakeweekplan",
    "pk": 3,
    "fields": {
        "name": "Salen",
        "enabled": false,
        "sleep_state": "MEM",
        "monday_on": "01:00:00",
        "monday_off": "23:00:00",
        "monday_open": true,
        "tuesday_on": "08:00:00",
        "tuesday_off": "20:00:00",
        "tuesday_open": false,
        "wednesday_on": "08:00:00",
        "wednesday_off": "20:00:00",
        "wednesday_open": true,
        "thursday_on": "08:00:00",
        "thursday_off": "20:00:00",
        "thursday_open": true,
        "friday_on": "08:00:00",
        "friday_off": "20:00:00",
        "friday_open": true,
        "saturday_on": "08:00:00",
        "saturday_off": "20:00:00",
        "saturday_open": true,
        "sunday_on": "08:00:00",
        "sunday_off": "20:00:00",
        "sunday_open": true,
        "site": 1,
        "wake_change_events": [
            3,
            2
        ]
    }
},
{
    "model": "system.wakeweekplan",
    "pk": 4,
    "fields": {
        "name": "Kontoret",
        "enabled": true,
        "sleep_state": "FREEZE",
        "monday_on": "01:00:00",
        "monday_off": "23:00:00",
        "monday_open": true,
        "tuesday_on": "08:00:00",
        "tuesday_off": "20:00:00",
        "tuesday_open": false,
        "wednesday_on": "08:00:00",
        "wednesday_off": "20:00:00",
        "wednesday_open": true,
        "thursday_on": "08:00:00",
        "thursday_off": "20:00:00",
        "thursday_open": true,
        "friday_on": "08:00:00",
        "friday_off": "20:00:00",
        "friday_open": true,
        "saturday_on": "08:00:00",
        "saturday_off": "20:00:00",
        "saturday_open": true,
        "sunday_on": "08:00:00",
        "sunday_off": "20:00:00",
        "sunday_open": true,
        "site": 1,
        "wake_change_events": [
            3,
            4
        ]
    }
},
{
    "model": "system.wakeweekplan",
    "pk": 5,
    "fields": {
        "name": "Vinterhaven",
        "enabled": false,
        "sleep_state": "OFF",
        "monday_on": "01:00:00",
        "monday_off": "23:00:00",
        "monday_open": true,
        "tuesday_on": "08:00:00",
        "tuesday_off": "20:00:00",
        "tuesday_open": false,
        "wednesday_on": "08:00:00",
        "wednesday_off": "20:00:00",
        "wednesday_open": true,
        "thursday_on": "08:00:00",
        "thursday_off": "20:00:00",
        "thursday_open": true,
        "friday_on": "08:00:00",
        "friday_off": "20:00:00",
        "friday_open": true,
        "saturday_on": "08:00:00",
        "saturday_off": "20:00:00",
        "saturday_open": true,
        "sunday_on": "08:00:00",
        "sunday_off": "20:00:00",
        "sunday_open": true,
        "site": 1,
        "wake_change_events": [
            5,
            4,
            6
        ]
    }
},
{
    "model": "system.wakeweekplan",
    "pk": 6,
    "fields": {
        "name": "Trnet",
        "enabled": true,
        "sleep_state": "MEM",
        "monday_on": "01:00:00",
        "monday_off": "23:00:00",
        "monday_open": true,
        "tuesday_on": "08:00:00",
        "tuesday_off": "20:00:00",
        "tuesday_open": false,
        "wednesday_on": "08:00:00",
        "wednesday_off": "20:00:00",
        "wednesday_open": true,
        "thursday_on": "08:00:00",
        "thursday_off": "20:00:00",
        "thursday_open": true,
        "friday_on": "08:00:00",
        "friday_off": "20:00:00",
        "friday_open": true,
        "saturday_on": "08:00:00",
        "saturday_off": "20:00:00",
        "saturday_open": true,
        "sunday_on": "08:00:00",
        "sunday_off": "20:00:00",
        "sunday_open": true,
        "site": 1,
        "wake_change_events": [
            5,
            8,
            6,
            7
        ]
    }
},
{
    "model": "system.wakeweekplan",
    "pk": 7,
    "fields": {
        "name": "Gyden",
        "enabled": false,
        "sleep_state": "MEM",
        "monday_on": "01:00:00",
        "monday_off": "23:00:00",
        "monday_open": true,
        "tuesday_on": "08:00:00",
        "tuesday_off": "20:00:00",
        "tuesday_open": false,
        "wednesday_on": "08:00:00",
        "wednesday_off": "20:00:00",
        "wednesday_open": true,
        "thursday_on": "08:00:00",
        "thursday_off": "20:00:00",
        "thursday_open": true,
        "friday_on": "08:00:00",
        "friday_off": "20:00:00",
        "friday_open": true,
        "saturday_on": "08:00:00",
        "saturday_off": "20:00:00",
        "saturday_open": true,
        "sunday_on": "08:00:00",
        "sunday_off": "20:00:00",
        "sunday_open": true,
        "site": 1,
        "wake_change_events": [
            6
        ]
    }
},
{
    "model": "system.wakeweekplan",
    "pk": 8,
    "fields": {
        "name": "Entren",
        "enabled": false,
        "sleep_state": "FREEZE",
        "monday_on": "01:00:00",
        "monday_off": "23:00:00",
        "monday_open": true,
        "tuesday_on": "08:00:00",
        "tuesday_off": "20:00:00",
        "tuesday_open": false,
        "wednesday_on": null,
        "wednesday_off": null,
        "wednesday_open": false,
        "thursday_on": null,
        "thursday_off": null,
        "thursday_open": false,
        "friday_on": "08:00:00",
        "friday_off": "20:00:00",
        "friday_open": true,
        "saturday_on": null,
        "saturday_off": null,
        "saturday_open": false,
        "sunday_on": "08:00:00",
        "sunday_off": "20:00:00",
        "sunday_open": true,
        "site": 1,
        "wake_change_events": [
            7
        ]
    }
},
{
    "model": "system.wakeweekplan",
    "pk": 9,
    "fields": {
        "name": "blehaven",
        "enabled": true,
        "sleep_state": "STANDBY",
        "monday_on": "01:00:00",
        "monday_off": "23:00:00",
        "monday_open": true,
        "tuesday_on": "08:00:00",
        "tuesday_off": "20:00:00",
        "tuesday_open": false,
        "wednesday_on": "08:00:00",
        "wednesday_off": "20:00:00",
        "wednesday_open": true,
        "thursday_on": null,
        "thursday_off": null,
        "thursday_open": false,
        "friday_on": "08:00:00",
        "friday_off": "20:00:00",
        "friday_open": true,
        "saturday_on": "08:00:00",
        "saturday_off": "20:00:00",
        "saturday_open": false,
        "sunday_on": "08:00:00",
        "sunday_off": "20:00:00",
        "sunday_open": true,
        "site": 1,
        "wake_change_events": [
            8,
            11,
            1,
            9,
            10
        ]
    }
},
{
    "model": "system.wakeweekplan",
    "pk": 10,
    "fields": {
        "name": "Fyrrummet",
        "enabled": true,
        "sleep_state": "OFF",
        "monday_on": "08:00:00",
        "monday_off": "20:00:00",
        "monday_open": true,
        "tuesday_on": "08:00:00",
        "tuesday_off": "20:00:00",
        "tuesday_open": true,
        "wednesday_on": "08:00:00",
        "wednesday_off": "20:00:00",
        "wednesday_open": true,
        "thursday_on": "08:00:00",
        "thursday_off": "20:00:00",
        "thursday_open": true,
        "friday_on": "08:00:00",
        "friday_off": "20:00:00",
        "friday_open": true,
        "saturday_on": "08:00:00",
        "saturday_off": "20:00:00",
        "saturday_open": false,
        "sunday_on": "08:00:00",
        "sunday_off": "20:00:00",
        "sunday_open": false,
        "site": 1,
        "wake_change_events": []
    }
},
{
    "model": "system.pcgroup",
    "pk": 1,
    "fields": {
        "name": "Gruppe3",
        "description": "",
        "site": 1,
        "configuration": 5,
        "wake_week_plan": 1,
        "supervisors": []
    }
},
{
    "model": "system.pcgroup",
    "pk": 3,
    "fields": {
        "name": "Gruppe5",
        "description": "",
        "site": 1,
        "configuration": 21,
        "wake_week_plan": 3,
        "supervisors": []
    }
},
{
    "model": "system.pcgroup",
    "pk": 9,
    "fields": {
        "name": "Gruppe4",
        "description": "",
        "site": 1,
        "configuration": 33,
        "wake_week_plan": 1,
        "supervisors": []
    }
},
{
    "model": "system.pcgroup",
    "pk": 10,
    "fields": {
        "name": "Gruppe1",
        "description": "test",
        "site": 1,
        "configuration": 35,
        "wake_week_plan": null,
        "supervisors": []
    }
},
{
    "model": "system.pcgroup",
    "pk": 17,
    "fields": {
        "name": "Gruppe2",
        "description": "-",
        "site": 1,
        "configuration": 58,
        "wake_week_plan": null,
        "supervisors": []
    }
},
{
    "model": "system.pc",
    "pk": 1,
    "fields": {
        "mac": "",
        "name": "pc3",
        "uid": "pc3",
        "description": "",
        "configuration": 3,
        "site": 1,
        "is_activated": true,
        "created": "2020-11-30T18:15:43.997",
        "last_seen": "2020-12-01T14:15:03",
        "location": "",
        "pc_groups": [
            10,
            17
        ]
    }
},
{
    "model": "system.pc",
    "pk": 6,
    "fields": {
        "mac": "",
        "name": "pc4",
        "uid": "pc4",
        "description": "",
        "configuration": 15,
        "site": 9,
        "is_activated": true,
        "created": "2021-01-11T11:03:36.510",
        "last_seen": "2021-01-11T15:30:04",
        "location": "",
        "pc_groups": []
    }
},
{
    "model": "system.pc",
    "pk": 8,
    "fields": {
        "mac": "",
        "name": "pc1",
        "uid": "pc1",
        "description": "doner",
        "configuration": 17,
        "site": 1,
        "is_activated": true,
        "created": "2021-01-21T08:50:37.470",
        "last_seen": "2021-01-21T09:05:02",
        "location": "",
        "pc_groups": [
            10
        ]
    }
},
{
    "model": "system.pc",
    "pk": 9,
    "fields": {
        "mac": "",
        "name": "pc2",
        "uid": "pc2",
        "description": "",
        "configuration": 18,
        "site": 1,
        "is_activated": true,
        "created": "2021-01-21T11:16:10.403",
        "last_seen": "2021-01-28T12:50:03",
        "location": "beskrivelse 2",
        "pc_groups": [
            10,
            3
        ]
    }
},
{
    "model": "system.pc",
    "pk": 12,
    "fields": {
        "mac": "",
        "name": "pc13",
        "uid": "pc13",
        "description": "",
        "configuration": 28,
        "site": 1,
        "is_activated": true,
        "created": "2021-01-29T12:52:58.793",
        "last_seen": "2021-01-29T14:14:32",
        "location": "",
        "pc_groups": []
    }
},
{
    "model": "system.pc",
    "pk": 16,
    "fields": {
        "mac": "",
        "name": "pc14",
        "uid": "pc14",
        "description": "",
        "configuration": 32,
        "site": 1,
        "is_activated": true,
        "created": "2021-08-25T10:01:37.352",
        "last_seen": "2021-08-25T15:30:08",
        "location": "",
        "pc_groups": []
    }
},
{
    "model": "system.pc",
    "pk": 18,
    "fields": {
        "mac": "",
        "name": "pc11",
        "uid": "pc11",
        "description": "-",
        "configuration": 1,
        "site": 1,
        "is_activated": true,
        "created": "2021-09-11T13:33:02.398",
        "last_seen": null,
        "location": "",
        "pc_groups": []
    }
},
{
    "model": "system.pc",
    "pk": 22,
    "fields": {
        "mac": "",
        "name": "pc12",
        "uid": "pc12",
        "description": "",
        "configuration": 46,
        "site": 1,
        "is_activated": true,
        "created": "2021-11-25T15:34:19.791",
        "last_seen": "2021-11-30T10:30:02",
        "location": "",
        "pc_groups": [
            17
        ]
    }
},
{
    "model": "system.pc",
    "pk": 23,
    "fields": {
        "mac": "",
        "name": "pc9",
        "uid": "pc9",
        "description": "",
        "configuration": 48,
        "site": 1,
        "is_activated": true,
        "created": "2021-11-29T09:22:59.334",
        "last_seen": "2021-12-01T11:35:04",
        "location": "",
        "pc_groups": [
            9
        ]
    }
},
{
    "model": "system.pc",
    "pk": 24,
    "fields": {
        "mac": "",
        "name": "pc15",
        "uid": "pc15",
        "description": "",
        "configuration": 49,
        "site": 1,
        "is_activated": true,
        "created": "2021-11-29T10:39:13.906",
        "last_seen": "2022-01-18T10:45:11",
        "location": "",
        "pc_groups": [
            17
        ]
    }
},
{
    "model": "system.pc",
    "pk": 25,
    "fields": {
        "mac": "",
        "name": "pc8",
        "uid": "pc8",
        "description": "",
        "configuration": 50,
        "site": 1,
        "is_activated": true,
        "created": "2021-11-30T12:59:58.700",
        "last_seen": "2022-01-10T09:20:08",
        "location": "",
        "pc_groups": [
            17
        ]
    }
},
{
    "model": "system.pc",
    "pk": 26,
    "fields": {
        "mac": "",
        "name": "pc10",
        "uid": "pc10",
        "description": "",
        "configuration": 51,
        "site": 1,
        "is_activated": true,
        "created": "2021-11-30T13:03:03.481",
        "last_seen": "2022-01-14T16:55:06",
        "location": "",
        "pc_groups": [
            17,
            9
        ]
    }
},
{
    "model": "system.pc",
    "pk": 28,
    "fields": {
        "mac": "",
        "name": "pc7",
        "uid": "pc7",
        "description": "",
        "configuration": 55,
        "site": 1,
        "is_activated": true,
        "created": "2021-12-02T13:32:08.296",
        "last_seen": "2021-12-02T15:05:05",
        "location": "",
        "pc_groups": [
            9
        ]
    }
},
{
    "model": "system.pc",
    "pk": 30,
    "fields": {
        "mac": "",
        "name": "pc6",
        "uid": "pc6",
        "description": "",
        "configuration": 57,
        "site": 9,
        "is_activated": true,
        "created": "2022-01-05T14:43:09.479",
        "last_seen": "2022-01-17T17:20:05",
        "location": "",
        "pc_groups": []
    }
},
{
    "model": "system.pc",
    "pk": 31,
    "fields": {
        "mac": "",
        "name": "pc5",
        "uid": "pc5",
        "description": "",
        "configuration": 59,
        "site": 1,
        "is_activated": true,
        "created": "2022-01-10T11:37:48.592",
        "last_seen": "2022-01-14T15:10:04",
        "location": "beskrivelse 5",
        "pc_groups": [
            17
        ]
    }
},
{
    "model": "system.scripttag",
    "pk": 1,
    "fields": {
        "name": "System"
    }
},
{
    "model": "system.scripttag",
    "pk": 2,
    "fields": {
        "name": "OS2displayPC"
    }
},
{
    "model": "system.scripttag",
    "pk": 3,
    "fields": {
        "name": "Chrome"
    }
},
{
    "model": "system.scripttag",
    "pk": 4,
    "fields": {
        "name": "Desktop"
    }
},
{
    "model": "system.script",
    "pk": 1,
    "fields": {
        "created": "2021-08-10T09:12:51.835",
        "modified": "2022-06-09T14:51:21.784",
        "user_created": "",
        "user_modified": "magenta",
        "name": "Detekter sudo-krsel",
        "uid": null,
        "description": "Email: john@doe.comDette script alarmerer, hvis der bliver forsgt at kre en sudo kommando p maskinen.\r\n\r\n \r\nUdarbejdet af john@doe.com",
        "site": null,
        "executable_code": "script_uploads/sudo_event.py",
        "is_security_script": true,
        "is_hidden": false,
        "maintained_by_magenta": false,
        "tags": []
    }
},
{
    "model": "system.script",
    "pk": 2,
    "fields": {
        "created": "2021-08-10T09:12:51.835",
        "modified": "2022-06-09T14:51:07.103",
        "user_created": "",
        "user_modified": "magenta",
        "name": "Detekter nyt keyboard",
        "uid": null,
        "description": "Keyboard detect script som forsger at finde keyboard inputs helt tilbage fra sidste gang systemet blev tjekket.",
        "site": null,
        "executable_code": "script_uploads/keyboard_event.py",
        "is_security_script": true,
        "is_hidden": false,
        "maintained_by_magenta": false,
        "tags": []
    }
},
{
    "model": "system.script",
    "pk": 3,
    "fields": {
        "created": "2021-08-10T09:12:51.835",
        "modified": "2022-01-26T15:18:02.204",
        "user_created": "",
        "user_modified": "magenta",
        "name": "Bluetooth - Fjern ikon fra menu-bjlke",
        "uid": null,
        "description": "Dette script fjerner Bluetooth ikonet fra Ubuntus menu-bjlke.\r\n\r\nTestet p Ubuntu 20.04.",
        "site": 1,
        "executable_code": "script_uploads/remove_bluetooth_applet_GFCSe0M.sh",
        "is_security_script": false,
        "is_hidden": false,
        "maintained_by_magenta": false,
        "tags": []
    }
},
{
    "model": "system.script",
    "pk": 5,
    "fields": {
        "created": "2021-08-10T09:12:51.835",
        "modified": "2022-01-26T15:16:32.818",
        "user_created": "",
        "user_modified": "magenta",
        "name": "Chrome - Autostart tilfj/fjern",
        "uid": null,
        "description": "Dette script tilfjer eller fjerner Google Chrome fra autostart. Det er endvidere muligt at f Google Chrome til at starte op i fuldskrm.\r\n\r\nAutostart betyder at Google Chrome vil starte op nr brugeren logger ind.\r\n\r\nHvis du tilfjer \"Ja\" som argument bliver Google Chrome tilfjet til autostart og bnet i fuldskrm.\r\nHvis du tilfjer \"Nej\" som argument bliver Google Chrome tilfjet til autostart og bnet i normal skrm strelse.\r\nHvis du tilfjer \"Fjern\" som argument bliver Google Chrome fjernet fra autostart.\r\n\r\nTestet p Ubuntu 20.04",
        "site": null,
        "executable_code": "script_uploads/chrome_autostart_cP5Rsu2.sh",
        "is_security_script": false,
        "is_hidden": false,
        "maintained_by_magenta": false,
        "tags": [
            3
        ]
    }
},
{
    "model": "system.script",
    "pk": 6,
    "fields": {
        "created": "2021-08-10T09:12:51.835",
        "modified": "2022-01-26T15:16:16.929",
        "user_created": "",
        "user_modified": "magenta",
        "name": "Chrome - Deaktiver autologin",
        "uid": null,
        "description": "Deaktiverer browserlogin og 'husk password' for Google Chrome.\r\n\r\nDette script kan kres uden at have installeret Google Chrome.\r\n\r\nTestet p Ubuntu 20.04",
        "site": null,
        "executable_code": "script_uploads/chrome_policy_deactivate_login_m0TvmUo.sh",
        "is_security_script": false,
        "is_hidden": false,
        "maintained_by_magenta": false,
        "tags": [
            3
        ]
    }
},
{
    "model": "system.script",
    "pk": 7,
    "fields": {
        "created": "2021-08-10T09:12:51.835",
        "modified": "2022-01-26T15:16:10.864",
        "user_created": "",
        "user_modified": "magenta",
        "name": "Chrome - Deaktiver nglering",
        "uid": null,
        "description": "Dette script deaktivere Ubuntu pop-up nr Publikumsbruger bner Google Chrome. \r\nGoogle-Chrome nsker at oprette en standard nglering.\r\n\r\nTestet p Ubuntu 20.04.",
        "site": null,
        "executable_code": "script_uploads/chrome_disable_keyring.sh",
        "is_security_script": false,
        "is_hidden": false,
        "maintained_by_magenta": false,
        "tags": [
            3
        ]
    }
},
{
    "model": "system.script",
    "pk": 8,
    "fields": {
        "created": "2021-08-10T09:12:51.835",
        "modified": "2021-09-30T13:27:09.584",
        "user_created": "",
        "user_modified": "flash_gordon",
        "name": "Chrome - Installr",
        "uid": null,
        "description": "Installerer Google Chrome.",
        "site": null,
        "executable_code": "script_uploads/chrome_install_KDwvq0C.sh",
        "is_security_script": false,
        "is_hidden": false,
        "maintained_by_magenta": false,
        "tags": [
            3
        ]
    }
},
{
    "model": "system.script",
    "pk": 9,
    "fields": {
        "created": "2021-08-10T09:12:51.835",
        "modified": "2023-05-08T14:12:46.883",
        "user_created": "",
        "user_modified": "magenta",
        "name": "Chrome - Skift startside",
        "uid": null,
        "description": "Scriptet skifter startside for Google Chrome for brugeren Borger.\r\nScriptet forventer en hjemmeside URL som input paramter.",
        "site": null,
        "executable_code": "script_uploads/chrome_policy_homepage_hd2Rmxs.sh",
        "is_security_script": false,
        "is_hidden": false,
        "maintained_by_magenta": false,
        "tags": [
            3
        ]
    }
},
{
    "model": "system.script",
    "pk": 10,
    "fields": {
        "created": "2021-08-10T09:12:51.835",
        "modified": "2021-09-30T13:26:58.614",
        "user_created": "",
        "user_modified": "flash_gordon",
        "name": "Chrome - St som default browser",
        "uid": null,
        "description": "Baseret p policies.\r\n\r\nTestet p Ubuntu 20.04.",
        "site": null,
        "executable_code": "script_uploads/chrome_policy_default_browser.sh",
        "is_security_script": false,
        "is_hidden": false,
        "maintained_by_magenta": false,
        "tags": [
            3
        ]
    }
},
{
    "model": "system.script",
    "pk": 11,
    "fields": {
        "created": "2021-08-10T09:12:51.835",
        "modified": "2021-09-30T13:30:10.289",
        "user_created": "",
        "user_modified": "flash_gordon",
        "name": "Desktop - Fjern \"Luk ned\" og \"Genstart\" fra sessionmenuen og blokr for nedlukning via systempolitik",
        "uid": null,
        "description": "Opdateret til Ubuntu 20.04 (dog stadig med baglns-kompatibilitet).",
        "site": null,
        "executable_code": "script_uploads/polkit_policy_shutdown_R6uMvd2.sh",
        "is_security_script": false,
        "is_hidden": false,
        "maintained_by_magenta": false,
        "tags": [
            4
        ]
    }
},
{
    "model": "system.script",
    "pk": 12,
    "fields": {
        "created": "2021-08-10T09:12:51.835",
        "modified": "2021-09-30T13:30:03.787",
        "user_created": "",
        "user_modified": "flash_gordon",
        "name": "Desktop - Fjern besked om opdatering",
        "uid": null,
        "description": "Dette script fjerner popup om ny LTS-version.\r\n\r\nTestet p Ubuntu 20.04.",
        "site": null,
        "executable_code": "script_uploads/remove_new_release_message.sh",
        "is_security_script": false,
        "is_hidden": false,
        "maintained_by_magenta": false,
        "tags": [
            4
        ]
    }
},
{
    "model": "system.script",
    "pk": 13,
    "fields": {
        "created": "2021-08-10T09:12:51.835",
        "modified": "2022-01-26T15:15:34.367",
        "user_created": "",
        "user_modified": "magenta",
        "name": "Desktop - Skift baggrundsbillede",
        "uid": null,
        "description": "Dette script skifter baggrundsbillede for borger p en OS2borgerPC.\r\nScriptet tager en baggrundsbillede fil som parameter.\r\nBorger behver ikke at logge ud fr baggrundsbillede skifter.\r\nEfterflgende vil det ikke vre muligt for borger at skifte baggrundsbilledet.\r\n\r\nTestet p Ubuntu 20.04.",
        "site": null,
        "executable_code": "script_uploads/dconf_policy_desktop.sh",
        "is_security_script": false,
        "is_hidden": false,
        "maintained_by_magenta": false,
        "tags": [
            4
        ]
    }
},
{
    "model": "system.script",
    "pk": 14,
    "fields": {
        "created": "2021-08-10T09:12:51.835",
        "modified": "2022-01-26T15:15:40.905",
        "user_created": "",
        "user_modified": "magenta",
        "name": "Desktop - Vis tilgngelighedsfunktioner",
        "uid": null,
        "description": "Viser en menu for at styre systemets tilgngelighedsfunktioner verste p skrmen.\r\n\r\nTestet p Ubuntu 20.04.",
        "site": null,
        "executable_code": "script_uploads/dconf_policy.sh",
        "is_security_script": false,
        "is_hidden": false,
        "maintained_by_magenta": false,
        "tags": [
            4
        ]
    }
},
{
    "model": "system.script",
    "pk": 16,
    "fields": {
        "created": "2021-08-10T09:12:51.835",
        "modified": "2021-08-10T09:24:03.341",
        "user_created": "",
        "user_modified": "",
        "name": "OS2borgerPC - Skift start tidspunkt og interval",
        "uid": null,
        "description": "This script sets the cron.d/bibos_jobmanager job to execute at a random startup time with a certain interval. So if the interval is 5 minutes, the jobmanager could run at\r\n 1, 6, 11...56 every hour, instead of 0, 5, 10 ...55.\r\n\r\nStart time is chosen randomly within interval.\r\n\r\nTestet p Ubuntu 20.04.",
        "site": null,
        "executable_code": "script_uploads/randomize_jobmanager.sh",
        "is_security_script": false,
        "is_hidden": false,
        "maintained_by_magenta": false,
        "tags": [
            2
        ]
    }
},
{
    "model": "system.script",
    "pk": 17,
    "fields": {
        "created": "2021-08-10T09:12:51.835",
        "modified": "2021-08-10T09:23:42.962",
        "user_created": "",
        "user_modified": "",
        "name": "OS2DisplayPC - Installer Chromium",
        "uid": null,
        "description": "Installr Chromium og en minimal X.\r\n\r\nOpgradering af Chromium-install-scriptet til Ubuntu 20.04.",
        "site": null,
        "executable_code": "script_uploads/chromium_install.sh",
        "is_security_script": false,
        "is_hidden": false,
        "maintained_by_magenta": false,
        "tags": [
            2
        ]
    }
},
{
    "model": "system.script",
    "pk": 18,
    "fields": {
        "created": "2021-08-10T09:12:51.835",
        "modified": "2021-08-10T09:23:36.807",
        "user_created": "",
        "user_modified": "",
        "name": "OS2displayPC - Installer SSH og VNC",
        "uid": null,
        "description": "Installer SSH og VNC for fjernadgang. \r\n\r\nDu kan lave SSH-forbindelse med det almindelige Unix-password.\r\n\r\nGiv VNC-passwordet med som parameter.",
        "site": null,
        "executable_code": "script_uploads/vnc_and_ssh_install_7Q7CazQ.sh",
        "is_security_script": false,
        "is_hidden": false,
        "maintained_by_magenta": false,
        "tags": [
            2
        ]
    }
},
{
    "model": "system.script",
    "pk": 19,
    "fields": {
        "created": "2021-08-10T09:12:51.835",
        "modified": "2021-12-02T13:39:30.625",
        "user_created": "",
        "user_modified": "mowgli",
        "name": "OS2displayPC - Autostart Chromium",
        "uid": null,
        "description": "Start Chromium i kiosk-mode og st start-URL-en.\r\n\r\nDer angives en forsinkelse fr browseren startes, der kan hjlpe med at lse evt. timing issues (som regel virker det fint med 1 sekund, der angives ved tallet 1).\r\n\r\nSkrmens hjde og bredde skal sttes til skrmens korrekte oplsning.\r\n\r\nDesuden skal der angives en orientering, som kan vre \"left\", \"right\" eller \"normal\".",
        "site": null,
        "executable_code": "script_uploads/chromium_setup_ocWvyJg.sh",
        "is_security_script": false,
        "is_hidden": false,
        "maintained_by_magenta": false,
        "tags": [
            2
        ]
    }
},
{
    "model": "system.script",
    "pk": 20,
    "fields": {
        "created": "2021-08-10T09:12:51.835",
        "modified": "2021-09-30T13:41:26.875",
        "user_created": "",
        "user_modified": "flash_gordon",
        "name": "System - Aktivr automatisk borgerlogin",
        "uid": null,
        "description": "Skift frem og tilbage mellem automatisk login for publikum eller ej.\r\n\r\nScriptet tager n parameter, som kan vre \"--enable\" eller \"--disable\", som slr automatisk login til hhv. fra.\r\n\r\nAutomatisk login er som standard slet TIL p publikums-PC'er.  \r\n\r\nHvis man slr det FRA, skal man bruge scriptet \"Skift password for bruger\" til at stte et kendt password for publikumsbrugeren.",
        "site": null,
        "executable_code": "script_uploads/user_automatic_login.sh",
        "is_security_script": false,
        "is_hidden": false,
        "maintained_by_magenta": false,
        "tags": [
            1
        ]
    }
},
{
    "model": "system.script",
    "pk": 21,
    "fields": {
        "created": "2021-08-10T09:12:51.835",
        "modified": "2022-01-26T15:13:15.258",
        "user_created": "",
        "user_modified": "magenta",
        "name": "System - Aktivr automatiske opdateringer",
        "uid": null,
        "description": "Dette script aktiverer automatiske opdateringer. \r\nNr du slr automatiske opdateringer til skal du vlge om du bde vil have sikkerhedsopdateringer og generelle opdateringer slet til, eller blot sikkerhedsopdateringer.\r\nHvis du nsker at det kun er sikkerhedsopdateringer der skal sles til skal du tilfje parametren \"sikkerhed\". Hvis det derimod er bde sikkerhedsopdateringer og generelle opdateringer skal du tilfje parametren \"alt\".\r\n\r\nVr opmrksom p at med det nyeste os2borgerpc-image er sikkerhedsopdateringer slet til.\r\nMagenta anbefaler at kun sikkerhedsopdateringer er slet til. Isr hvis man gr brug af Google Chrome.\r\n\r\nInfo om de to opdateringsmuligheder:\r\n\r\nSikkerhedsopdateringer:\r\nDe vigtigste opdateringer, som retter srbarheder i systemet og dets programmer.\r\n\r\nGenerelle opdateringer:\r\nRetter fejl i tilfjelsesprogrammerne.\r\n\r\nTestet p Ubuntu 20.04.",
        "site": null,
        "executable_code": "script_uploads/apt_periodic_control_qqYafra.sh",
        "is_security_script": false,
        "is_hidden": false,
        "maintained_by_magenta": false,
        "tags": [
            1
        ]
    }
},
{
    "model": "system.script",
    "pk": 22,
    "fields": {
        "created": "2021-08-10T09:12:51.835",
        "modified": "2021-09-30T13:41:36.967",
        "user_created": "",
        "user_modified": "flash_gordon",
        "name": "System - Genstart computer efter X minutter",
        "uid": null,
        "description": "Genstart computeren n gang efter et foruddefineret antal minutter.\r\n\r\nHvis antallet af minutter er strre end fem, bliver brugeren notificeret frst. Brugeren har ingen mulighed for at undg genstarten.\r\n\r\nTestet p Ubuntu 20.04.",
        "site": null,
        "executable_code": "script_uploads/reboot_after_time_aG4Gjkw.sh",
        "is_security_script": false,
        "is_hidden": false,
        "maintained_by_magenta": false,
        "tags": [
            1
        ]
    }
},
{
    "model": "system.script",
    "pk": 23,
    "fields": {
        "created": "2021-08-10T09:12:51.835",
        "modified": "2021-09-30T13:41:42.820",
        "user_created": "",
        "user_modified": "flash_gordon",
        "name": "System - Genstart computeren NU",
        "uid": null,
        "description": "Genstarter computeren med det samme.\r\n\r\nAdvarsel: Jobs lavet ud fra dette script vil altid ende i status \"Afsendt\".\r\n\r\nTestet p Ubuntu 20.04.",
        "site": null,
        "executable_code": "script_uploads/reboot_now.sh",
        "is_security_script": false,
        "is_hidden": false,
        "maintained_by_magenta": false,
        "tags": [
            1
        ]
    }
},
{
    "model": "system.script",
    "pk": 24,
    "fields": {
        "created": "2021-08-10T09:12:51.835",
        "modified": "2022-01-26T15:13:31.797",
        "user_created": "",
        "user_modified": "magenta",
        "name": "System - Grub: Aktiver sikkerhed",
        "uid": null,
        "description": "Dette script vil gre at alle grub menuerne p nr Ubuntu vil krve en adgangskode for brugeren superuser. \r\n\r\nDet er vigtigt at man afprver scriptet p en enkelt borgerpc fr man ruller det ud p dem alle sammen.\r\n\r\nDet er ogs vigtigt at man husker det kodeord man stter p grub.\r\nDet er dog muligt at ndre det igen hvis man glemmer kodeordet. \r\n\r\n*Note: Man kan lse om hvad grub er, her: https://help.ubuntu.com/community/Grub2\r\n\r\nTestet p Ubuntu 20.04.",
        "site": null,
        "executable_code": "script_uploads/grub_set_password_HdoIPiZ.py",
        "is_security_script": false,
        "is_hidden": false,
        "maintained_by_magenta": false,
        "tags": [
            1
        ]
    }
},
{
    "model": "system.script",
    "pk": 25,
    "fields": {
        "created": "2021-08-10T09:12:51.835",
        "modified": "2021-09-30T13:41:54.489",
        "user_created": "",
        "user_modified": "flash_gordon",
        "name": "System - Log altid ud efter X minutter uden besked",
        "uid": null,
        "description": "Log altid brugeren ud efter et antal minutter uden at give besked.\r\n\r\nTestet p Ubuntu 20.04.",
        "site": null,
        "executable_code": "script_uploads/always_logout_after_time.sh",
        "is_security_script": false,
        "is_hidden": false,
        "maintained_by_magenta": false,
        "tags": [
            1
        ]
    }
},
{
    "model": "system.script",
    "pk": 26,
    "fields": {
        "created": "2021-08-10T09:12:51.835",
        "modified": "2022-01-26T15:13:52.581",
        "user_created": "",
        "user_modified": "magenta",
        "name": "System - Log bruger ud efter X minutter med besked",
        "uid": null,
        "description": "Log altid brugeren ud efter et antal minutter. Det vil sige, at hvis dette script kaldes med parameteren \"60\", vil brugerne altid automatisk blive logget ud en time efter, at de loggede ind.\r\n\r\nScriptet tager alts n parameter, antallet af minutter. Hvis antallet af minutter er mindre end fem (anbefales kun til test), fr brugeren ikke besked om det frst.\r\n\r\nEllers vil brugeren f en tydelig besked fem minutter fr nedlukning.\r\n\r\nTestet p Ubuntu 20.04. Der er i 20.04 ikke noget problem med ,  og  i dialogteksterne.",
        "site": null,
        "executable_code": "script_uploads/setup_inactive_logout.sh",
        "is_security_script": false,
        "is_hidden": false,
        "maintained_by_magenta": false,
        "tags": [
            1
        ]
    }
},
{
    "model": "system.script",
    "pk": 27,
    "fields": {
        "created": "2021-08-10T09:12:51.835",
        "modified": "2022-01-26T15:13:44.437",
        "user_created": "",
        "user_modified": "magenta",
        "name": "System - Log brugeren ud",
        "uid": null,
        "description": "Dette script logger brugeren borger(user) ud med det samme.",
        "site": null,
        "executable_code": "script_uploads/logout_user.sh",
        "is_security_script": false,
        "is_hidden": false,
        "maintained_by_magenta": false,
        "tags": [
            1
        ]
    }
},
{
    "model": "system.script",
    "pk": 28,
    "fields": {
        "created": "2021-08-10T09:12:51.835",
        "modified": "2022-01-26T15:13:57.595",
        "user_created": "",
        "user_modified": "magenta",
        "name": "System - Luk ned dagligt",
        "uid": null,
        "description": "Lukker computeren ned p et bestemt tidspunkt hver dag.\r\n\r\nParametrene angiver timer og minutter i klokkeslettet.\r\n\r\nDet er muligt at angive \"--off\" som frste parameter og en blank som anden parameter. Dette standser den daglige nedlukning.\r\n\r\nBrugeren varskos fem minutter fr nedlukningen.\r\n\r\nNB: Brugeren har ingen mulighed for at undg dette.\r\n\r\nTestet p Ubuntu 20.04.",
        "site": null,
        "executable_code": "script_uploads/shutdown_at_time.sh",
        "is_security_script": false,
        "is_hidden": false,
        "maintained_by_magenta": false,
        "tags": [
            1
        ]
    }
},
{
    "model": "system.script",
    "pk": 29,
    "fields": {
        "created": "2021-08-10T09:12:51.835",
        "modified": "2021-09-30T13:42:23.733",
        "user_created": "",
        "user_modified": "flash_gordon",
        "name": "System - Luk ned og vgn dagligt",
        "uid": null,
        "description": "Dette script stter computeren til at lukke ned og vgne op p det samme tidspunkt hver dag.\r\nSom argument tager scriptet HH:MM (tidspunktet for nedlukning) og antallet af timer computeren skal vgne op efter nedlukning.\r\n\r\nDet er muligt at angive \"--off\" som frste parameter og 0 og 0 som de nste to parametre. Dette standser den daglige nedlukning.\r\nScriptet er baseret p \"System - Luk ned dagligt\" https://bibos-admin.magenta-aps.dk/site/magenta/scripts/12/",
        "site": null,
        "executable_code": "script_uploads/shutdown_and_wakeup_R3wRh69.sh",
        "is_security_script": false,
        "is_hidden": false,
        "maintained_by_magenta": false,
        "tags": [
            1
        ]
    }
},
{
    "model": "system.script",
    "pk": 30,
    "fields": {
        "created": "2021-08-10T09:12:51.835",
        "modified": "2022-01-26T15:14:11.937",
        "user_created": "",
        "user_modified": "magenta",
        "name": "System - Opdater alt",
        "uid": null,
        "description": "Dettte script opdaterer alle pakker p systemet. \r\n\r\nS det anbefales at kre dette script hvis en opdatering ude p maskinen er get galt, eller hvis man kun har sat automatiske sikkerhedsopdateringer til.\r\n\r\nTestet p Ubuntu 20.04.",
        "site": null,
        "executable_code": "script_uploads/update_all_7LM3G3y.sh",
        "is_security_script": false,
        "is_hidden": false,
        "maintained_by_magenta": false,
        "tags": [
            1
        ]
    }
},
{
    "model": "system.script",
    "pk": 31,
    "fields": {
        "created": "2021-08-10T09:12:51.835",
        "modified": "2022-01-26T15:14:21.909",
        "user_created": "",
        "user_modified": "magenta",
        "name": "System - rotr skrm",
        "uid": null,
        "description": "Rotrer den frste skrm der bliver fundet til \"normal\", \"left\" eller \"right\".\r\n\r\n\r\nTestet p Ubuntu 20.04",
        "site": null,
        "executable_code": "script_uploads/rotate_display_6g79WvQ.sh",
        "is_security_script": false,
        "is_hidden": false,
        "maintained_by_magenta": false,
        "tags": [
            1
        ]
    }
},
{
    "model": "system.script",
    "pk": 32,
    "fields": {
        "created": "2021-08-10T09:12:51.835",
        "modified": "2021-09-30T13:42:40.123",
        "user_created": "",
        "user_modified": "flash_gordon",
        "name": "System - Set system clock from BIOS",
        "uid": null,
        "description": "Dette script stter local time fra BIOS.\r\n\r\nTestet p Ubuntu 20.04.",
        "site": null,
        "executable_code": "script_uploads/set_local_time_from_bios.sh",
        "is_security_script": false,
        "is_hidden": false,
        "maintained_by_magenta": false,
        "tags": [
            1
        ]
    }
},
{
    "model": "system.script",
    "pk": 33,
    "fields": {
        "created": "2021-08-10T09:12:51.835",
        "modified": "2022-01-26T15:14:30.786",
        "user_created": "",
        "user_modified": "magenta",
        "name": "System - Skift lydudgang",
        "uid": null,
        "description": "Skifter den default-lydudgang, systemet benytter. (Publikums-brugeren m gerne skifte lydudgang under brug, men denne ndring vil ogs slettes ved logout.)\r\nndringerne vil ogs vre der efter borgerPC'en har vret slukket.\r\n\r\nScriptet virker p OS2borgerPC 16.04 og 20.04.",
        "site": null,
        "executable_code": "script_uploads/pulse_policy_profile.sh",
        "is_security_script": false,
        "is_hidden": false,
        "maintained_by_magenta": false,
        "tags": [
            1
        ]
    }
},
{
    "model": "system.script",
    "pk": 34,
    "fields": {
        "created": "2021-08-10T09:12:51.835",
        "modified": "2021-09-30T13:42:48.545",
        "user_created": "",
        "user_modified": "flash_gordon",
        "name": "System - Skift navn p en computer",
        "uid": null,
        "description": "ndring af hostname p en maskine; den skifter IKKE navn mv. i admin systemet. Maskinen skal genstartes fr ndringen trder i kraft.\r\n\r\nTestet p Ubuntu 20.04.",
        "site": null,
        "executable_code": "script_uploads/change_computer_name1.sh",
        "is_security_script": false,
        "is_hidden": false,
        "maintained_by_magenta": false,
        "tags": [
            1
        ]
    }
},
{
    "model": "system.script",
    "pk": 35,
    "fields": {
        "created": "2021-08-10T09:12:51.835",
        "modified": "2023-05-08T14:14:39.285",
        "user_created": "",
        "user_modified": "magenta",
        "name": "System - Skift kodeord for Borger",
        "uid": null,
        "description": "Skifter publikumsbrugerens password til det angivne.\r\n\r\nParametre:\r\n\r\n-password\r\n-passwordigen - det nye password og en gentagelse, for at sikre at brugeren kan skrive det to gange.\r\n\r\nDa publikumsbrugeren logger ind automatisk, er det normalt ikke ndvendigt at stte et password for denne bruger.\r\n\r\nPasswords vises p.t. i klartekst, nr man indtaster dem. Pas derfor p ikke at blive kigget over skulderen e.l.\r\n\r\nTestet p Ubuntu 20.04.",
        "site": null,
        "executable_code": "script_uploads/change_user_password_bO697ab.sh",
        "is_security_script": false,
        "is_hidden": false,
        "maintained_by_magenta": false,
        "tags": [
            1
        ]
    }
},
{
    "model": "system.script",
    "pk": 36,
    "fields": {
        "created": "2021-08-10T09:12:51.835",
        "modified": "2023-05-08T14:17:13.412",
        "user_created": "",
        "user_modified": "magenta",
        "name": "System - Skift kodeord for superuser",
        "uid": null,
        "description": "Skift til det angivne superbrugerpassword.\r\n\r\nParametre:\r\n\r\n-password\r\n-passwordigen - det nye password og en gentagelse, for at sikre at brugeren kan skrive det to gange.\r\n\r\nDet er MEGET VIGTIGT at skifte fra standard-passwordet til et andet, s snart en BibOS-maskine er frdiginstalleret. Passwords vises p.t. i klartekst, nr man indtaster dem. Pas derfor p ikke at blive kigget over skulderen e.l.\r\n\r\nTestet p Ubuntu 20.04.",
        "site": null,
        "executable_code": "script_uploads/change_superuser_password_6zL696e.sh",
        "is_security_script": false,
        "is_hidden": false,
        "maintained_by_magenta": false,
        "tags": [
            1
        ]
    }
},
{
    "model": "system.script",
    "pk": 37,
    "fields": {
        "created": "2021-08-10T09:12:51.835",
        "modified": "2021-08-10T09:20:23.484",
        "user_created": "",
        "user_modified": "",
        "name": "System - Tilfj Exfat support",
        "uid": null,
        "description": "Gr det muligt for Ubuntu at tilkoble et Windows exfat drev.\r\n\r\nTestet p Ubuntu 20.04.\r\n\r\nUdviklet af: Unkown.",
        "site": null,
        "executable_code": "script_uploads/Exfat_enable_qCyiT2z.sh",
        "is_security_script": false,
        "is_hidden": false,
        "maintained_by_magenta": false,
        "tags": [
            1
        ]
    }
},
{
    "model": "system.script",
    "pk": 56,
    "fields": {
        "created": "2021-08-10T09:12:51.835",
        "modified": "2021-08-10T09:12:51.853",
        "user_created": "",
        "user_modified": "",
        "name": "Ping-advarsel",
        "uid": null,
        "description": "Ping!",
        "site": 1,
        "executable_code": "script_uploads/pingevent.py",
        "is_security_script": true,
        "is_hidden": false,
        "maintained_by_magenta": false,
        "tags": []
    }
},
{
    "model": "system.script",
    "pk": 58,
    "fields": {
        "created": "2021-08-10T09:12:51.835",
        "modified": "2022-01-26T15:09:26.671",
        "user_created": "",
        "user_modified": "magenta",
        "name": "Test scriptfilnavne",
        "uid": null,
        "description": "dfsdf",
        "site": 1,
        "executable_code": "script_uploads/diagnostic_logfiles_b649s9e.sh",
        "is_security_script": false,
        "is_hidden": false,
        "maintained_by_magenta": false,
        "tags": []
    }
},
{
    "model": "system.script",
    "pk": 59,
    "fields": {
        "created": "2021-08-10T09:12:51.835",
        "modified": "2021-08-25T16:19:38.683",
        "user_created": "",
        "user_modified": "mowgli",
        "name": "script test",
        "uid": null,
        "description": "1",
        "site": 1,
        "executable_code": "script_uploads/test-script_xKItgpL.sh",
        "is_security_script": false,
        "is_hidden": false,
        "maintained_by_magenta": false,
        "tags": []
    }
},
{
    "model": "system.script",
    "pk": 60,
    "fields": {
        "created": "2021-08-10T09:12:51.835",
        "modified": "2021-08-25T16:19:45.291",
        "user_created": "",
        "user_modified": "mowgli",
        "name": "script test 2",
        "uid": null,
        "description": "2",
        "site": 1,
        "executable_code": "script_uploads/dbus-address.sh",
        "is_security_script": false,
        "is_hidden": false,
        "maintained_by_magenta": false,
        "tags": []
    }
},
{
    "model": "system.script",
    "pk": 61,
    "fields": {
        "created": "2021-08-10T09:12:51.835",
        "modified": "2022-01-26T15:08:35.963",
        "user_created": "",
        "user_modified": "magenta",
        "name": "St baggrundsbillede",
        "uid": null,
        "description": "a",
        "site": 1,
        "executable_code": "script_uploads/emptyish.sh",
        "is_security_script": false,
        "is_hidden": false,
        "maintained_by_magenta": false,
        "tags": []
    }
},
{
    "model": "system.script",
    "pk": 62,
    "fields": {
        "created": "2021-08-10T09:12:51.835",
        "modified": "2022-01-26T15:09:59.510",
        "user_created": "",
        "user_modified": "magenta",
        "name": "test",
        "uid": null,
        "description": "Just a test script",
        "site": 1,
        "executable_code": "script_uploads/test.sh",
        "is_security_script": false,
        "is_hidden": false,
        "maintained_by_magenta": false,
        "tags": [
            1
        ]
    }
},
{
    "model": "system.script",
    "pk": 68,
    "fields": {
        "created": "2021-08-25T11:19:11.606",
        "modified": "2022-01-26T15:15:27.842",
        "user_created": "mowgli",
        "user_modified": "magenta",
        "name": "Desktop - Logud-knap med valgfrit ikon",
        "uid": null,
        "description": "Tilfjer en logud-knap til skrivebordet, med valgfrit navn og ikon (uploades), og mulighed for at bestemme om der skal logges ud jeblikkeligt, \r\neller om brugeren skal bekrfte frst.\r\n\r\nParametre:\r\n\r\n1: Navnet du nsker, knappen skal have p skrivebordet.\r\n2. Om der skal genstartes jeblikkeligt eller om brugeren skal sprges om bekrftelse (med mulighed for at stoppe logud).\r\n3. Hvilket ikon logudknappen skal have (en kvadratisk .SVG- eller .PNG-fil).\r\n\r\nBemrk: Dette script forudstter at ogs scriptet \"Desktop - Aktiver genveje\" kres for at aktivere knappen.\r\n\r\nnsker du at slette genvejen, kan det gres med scriptet \"Desktop - Tilfj/Fjern programgenvej p skrivebord\".",
        "site": null,
        "executable_code": "script_uploads/desktop_logout_button_icon_W0J3c67.sh",
        "is_security_script": false,
        "is_hidden": false,
        "maintained_by_magenta": false,
        "tags": [
            4
        ]
    }
},
{
    "model": "system.script",
    "pk": 69,
    "fields": {
        "created": "2021-08-25T11:20:13.670",
        "modified": "2022-01-26T15:18:12.344",
        "user_created": "mowgli",
        "user_modified": "magenta",
        "name": "Desktop - Aktiver genveje",
        "uid": null,
        "description": "\"Aktiverer\" genveje p skrivebordet.\r\n\r\nInden dette script kres kan man godt tilfje en genvej, men det rette ikon ikke dukke op, og programmet vil i stedet blive bnet i et tekstredigeringsprogram.\r\n\r\nDer skal logges ud og ind igen - eller alternativt genstartes - fr det tager effekt.\r\nScriptet skal kun kres n gang - s virker genveje der er tilfjet til skrivebordet bde fr og efter.",
        "site": 1,
        "executable_code": "script_uploads/desktop_activate_shortcuts.sh",
        "is_security_script": false,
        "is_hidden": false,
        "maintained_by_magenta": false,
        "tags": []
    }
},
{
    "model": "system.script",
    "pk": 74,
    "fields": {
        "created": "2021-11-28T15:43:34.421",
        "modified": "2022-01-26T15:12:05.296",
        "user_created": "mowgli",
        "user_modified": "magenta",
        "name": "OS2borgerPC - Log altid ud efter X minutter med nedtller",
        "uid": null,
        "description": "Opstter en OS2borgerPC til altid at logge ud efter et bestemt antal sekunder, med en visuel nedtller p skrmen, til at vise, hvor lnge, der er tilbage.\r\n\r\nScriptet tager 4 parametre:\r\n  1. Aktivr?: ja/nej\r\n  2. Antal sekunder fr logud\r\n  3. Hvilket x-koordinat nedtller-vinduet skal have.\r\n  3. Hvilket y-koordinat nedtller-vinduet skal have.",
        "site": null,
        "executable_code": "script_uploads/always_logout_after_time_visual_WRE7ERj.sh",
        "is_security_script": false,
        "is_hidden": false,
        "maintained_by_magenta": false,
        "tags": []
    }
},
{
    "model": "system.script",
    "pk": 75,
    "fields": {
        "created": "2021-11-28T15:44:26.423",
        "modified": "2022-01-26T15:12:10.354",
        "user_created": "mowgli",
        "user_modified": "magenta",
        "name": "Cicero - Installr PAM-modul",
        "uid": null,
        "description": "Opstter en OS2borgerPC til at tjekke op mod Cicero ved login for Borger.\r\n\r\nScriptet tager t parameter:\r\n1: Aktivr: ja/nej\r\n\r\nDette script afhnger af, at flgende andre scripts er krt:\r\n- System - Aktivr automatisk borgerlogin (det skal sls fra)\r\n\r\n...og det vil oftest ogs bruges sammen med:\r\nOS2borgerPC - Log altid ud efter X minutter med nedtller",
        "site": null,
        "executable_code": "script_uploads/cicero_install_pam_gsMTFne.sh",
        "is_security_script": false,
        "is_hidden": false,
        "maintained_by_magenta": false,
        "tags": []
    }
},
{
    "model": "system.script",
    "pk": 76,
    "fields": {
        "created": "2021-11-30T14:50:10.592",
        "modified": "2021-11-30T14:50:40.156",
        "user_created": "mowgli",
        "user_modified": "",
        "name": "OS2borgerPC - Opdater klient (yanked)",
        "uid": null,
        "description": "Midlertidigt script ifm. test af PAM, der opdaterer klienten til nyeste version",
        "site": null,
        "executable_code": "script_uploads/update_client_yanked.sh",
        "is_security_script": false,
        "is_hidden": false,
        "maintained_by_magenta": false,
        "tags": []
    }
},
{
    "model": "system.script",
    "pk": 77,
    "fields": {
        "created": "2021-12-02T13:40:43.310",
        "modified": "2021-12-02T13:40:51.799",
        "user_created": "mowgli",
        "user_modified": "mowgli",
        "name": "OS2displayPC - Chromium - Skift startside",
        "uid": null,
        "description": "-",
        "site": 1,
        "executable_code": "script_uploads/chromium_change_homepage.sh",
        "is_security_script": false,
        "is_hidden": false,
        "maintained_by_magenta": false,
        "tags": []
    }
},
{
    "model": "system.script",
    "pk": 78,
    "fields": {
        "created": "2022-01-04T16:36:40.662",
        "modified": "2022-01-04T16:41:07.708",
        "user_created": "mowgli",
        "user_modified": "mowgli",
        "name": "System - Sl to-faktor autentifikation for superbruger til",
        "uid": null,
        "description": "Slr tidsbaseret totrinsbekrftelse til for superbrugeren, ved login p en borgerPC.\r\n\r\nG frst ind p siden \"Totrinsbekrftelse\" i menuen til venstre her p adminsitet, for at se processen for at sl totrinsbekrftelse til.\r\n\r\nS snart du har genereret en sikkerhedsngle p ovenstende side, skal dette script kres med sikkerhedsngle som det andet parameter.\r\n\r\nFra nste login, vil der nu for superbrugeren vre et ekstra skridt i loginprocessen efter koden, hvor der skal indtastes totrins-koden.\r\n\r\nTager det ikke effekt jeblikkeligt efter logud, foresls en genstart af maskinen.\r\n\r\nInputparametre:\r\n1. Aktivr?: 'Ja' slr totrinsbekrftelse til, 'nej' slr det fra.\r\n2: Sikkerhedsngle: Sikkerhedsnglen totrinsbekrftelse-systemet internt har brug for. \r\nSamme sikkerhedsngle for flere computere betyder, du kan logge ind p flere computere med samme totrins-koder, fremfor hver computer skal tilfjes individuelt til din totrinsbekrftelse-app.",
        "site": null,
        "executable_code": "script_uploads/setup_two_factor_superuser_BAk1AH4.sh",
        "is_security_script": false,
        "is_hidden": false,
        "maintained_by_magenta": false,
        "tags": [
            1
        ]
    }
},
{
    "model": "system.script",
    "pk": 79,
    "fields": {
        "created": "2022-01-17T11:45:01.720",
        "modified": "2022-01-26T15:07:45.964",
        "user_created": "flash_gordon",
        "user_modified": "magenta",
        "name": "OS2borgerPC - Spr adgang til terminalen",
        "uid": null,
        "description": "Spr adgangen til terminalen for publikumsbrugeren (superuser har stadig adgang).\r\n\r\nBemrk, at brugerens adgang til terminalen ikke i sig selv er et sikkerhedshul. Brugeren kan fra terminalen gre prcis de ting, som vedkommende har tilladelse til i forvejen.\r\n\r\nHvis brugeren er i stand til at udfordre systemets sikkerhed fra terminalen, skyldes det alts de underliggende tilladelser - ikke terminaladgangen, som ikke gr en grundlggende forskel.\r\n\r\nBlokering af terminaladgangen er dermed dybest set en lappelsning, som kan vre ganske fornuftig - men de underliggende problemer burde adresseres, og hvis de bliver det, vil det ikke lngere vre ndvendigt at blokere for terminaladgangen.",
        "site": 1,
        "executable_code": "script_uploads/test_sHq1sWl.sh",
        "is_security_script": false,
        "is_hidden": false,
        "maintained_by_magenta": false,
        "tags": []
    }
},
{
    "model": "system.script",
    "pk": 80,
    "fields": {
        "created": "2022-01-18T10:06:14.551",
        "modified": "2022-01-26T15:09:01.715",
        "user_created": "flash_gordon",
        "user_modified": "magenta",
        "name": "Desktop - Sl skriverettigheder for skrivebord fra/til",
        "uid": null,
        "description": "Slr skriverettigheder for skrivebordet til og fra for Borger-brugeren.\r\n\r\nArgumenter:\r\n  1. Aktivr?: \r\n     ja: brugeren har IKKE rettighed til at lgge filer p skrivebordet (standard)\r\n     nej: brugeren har rettighed til at lgge filer p skrivebordet",
        "site": 1,
        "executable_code": "script_uploads/desktop_toggle_writable_uD7ggxo.sh",
        "is_security_script": false,
        "is_hidden": false,
        "maintained_by_magenta": false,
        "tags": []
    }
},
{
    "model": "system.script",
    "pk": 81,
    "fields": {
        "created": "2022-06-09T14:51:56.693",
        "modified": "2022-06-09T14:51:56.704",
        "user_created": "magenta",
        "user_modified": "",
        "name": "Detekter lst/udlbet bruger",
        "uid": null,
        "description": "f",
        "site": null,
        "executable_code": "script_uploads/detect_user_expired_event.py",
        "is_security_script": true,
        "is_hidden": false,
        "maintained_by_magenta": false,
        "tags": []
    }
},
{
    "model": "system.script",
    "pk": 82,
    "fields": {
        "created": "2022-10-25T10:48:10.835",
        "modified": "2022-10-25T10:48:10.835",
        "user_created": "",
        "user_modified": "magenta",
        "name": "Tnd/sluk tidsplan - Tilfj tidsplan",
        "uid": "wake_plan_set",
        "description": "Dette script tilfjer en tnd/sluk tidsplan til en pc.\r\n\r\nTestet p Ubuntu 20.04.",
        "site": null,
        "executable_code": "script_uploads/on_off_schedule_set.sh",
        "is_security_script": false,
        "is_hidden": true,
        "maintained_by_magenta": false,
        "tags": []
    }
},
{
    "model": "system.script",
    "pk": 83,
    "fields": {
        "created": "2022-10-25T10:48:10.835",
        "modified": "2022-10-25T10:48:10.835",
        "user_created": "",
        "user_modified": "magenta",
        "name": "Tnd/sluk tidsplan - Fjern tidsplan",
        "uid": "wake_plan_remove",
        "description": "Dette script fjerner en tnd/sluk tidsplan fra en pc.\r\n\r\nTestet p Ubuntu 20.04.",
        "site": null,
        "executable_code": "script_uploads/on_off_schedule_remove.sh",
        "is_security_script": false,
        "is_hidden": true,
        "maintained_by_magenta": false,
        "tags": []
    }
},
{
    "model": "system.script",
    "pk": 84,
    "fields": {
        "created": "2023-05-08T14:18:22.789",
        "modified": "2023-05-08T14:18:31.724",
        "user_created": "magenta",
        "user_modified": "magenta",
        "name": "Script med valgfrit parameter",
        "uid": null,
        "description": "test",
        "site": 1,
        "executable_code": "script_uploads/emptyish.sh",
        "is_security_script": false,
        "is_hidden": false,
        "maintained_by_magenta": false,
        "tags": []
    }
},
{
    "model": "system.batch",
    "pk": 1,
    "fields": {
        "name": "Gruppe1, Chrome - Installr, 2022-01-26 15:22:28",
        "script": 8,
        "site": 1
    }
},
{
    "model": "system.batch",
    "pk": 2,
    "fields": {
        "name": "Gruppe1, Chrome - Deaktiver autologin, 2022-01-26 15:22:28",
        "script": 6,
        "site": 1
    }
},
{
    "model": "system.batch",
    "pk": 3,
    "fields": {
        "name": "Gruppe1, Chrome - Deaktiver nglering, 2022-01-26 15:22:28",
        "script": 7,
        "site": 1
    }
},
{
    "model": "system.batch",
    "pk": 4,
    "fields": {
        "name": "Gruppe1, Chrome - St som default browser, 2022-01-26 15:22:28",
        "script": 10,
        "site": 1
    }
},
{
    "model": "system.batch",
    "pk": 5,
    "fields": {
        "name": "Gruppe1, Chrome - Skift startside, 2022-01-26 15:22:28",
        "script": 9,
        "site": 1
    }
},
{
    "model": "system.batch",
    "pk": 6,
    "fields": {
        "name": "Gruppe1, System - Log brugeren ud, 2022-01-26 15:23:47",
        "script": 27,
        "site": 1
    }
},
{
    "model": "system.batch",
    "pk": 7,
    "fields": {
        "name": "Gruppe1, System - rotr skrm, 2022-01-26 15:23:47",
        "script": 31,
        "site": 1
    }
},
{
    "model": "system.batch",
    "pk": 8,
    "fields": {
        "name": "Gruppe1, Chrome - Installr, 2022-01-26 15:25:06",
        "script": 8,
        "site": 1
    }
},
{
    "model": "system.batch",
    "pk": 9,
    "fields": {
        "name": "Gruppe1, Chrome - Deaktiver autologin, 2022-01-26 15:25:06",
        "script": 6,
        "site": 1
    }
},
{
    "model": "system.batch",
    "pk": 10,
    "fields": {
        "name": "Gruppe1, Chrome - Deaktiver nglering, 2022-01-26 15:25:06",
        "script": 7,
        "site": 1
    }
},
{
    "model": "system.batch",
    "pk": 11,
    "fields": {
        "name": "Gruppe1, Chrome - St som default browser, 2022-01-26 15:25:06",
        "script": 10,
        "site": 1
    }
},
{
    "model": "system.batch",
    "pk": 12,
    "fields": {
        "name": "Gruppe1, Chrome - Skift startside, 2022-01-26 15:25:06",
        "script": 9,
        "site": 1
    }
},
{
    "model": "system.batch",
    "pk": 13,
    "fields": {
        "name": "Gruppe1, System - Log brugeren ud, 2022-01-26 15:25:06",
        "script": 27,
        "site": 1
    }
},
{
    "model": "system.batch",
    "pk": 14,
    "fields": {
        "name": "Gruppe1, System - rotr skrm, 2022-01-26 15:25:06",
        "script": 31,
        "site": 1
    }
},
{
    "model": "system.batch",
    "pk": 15,
    "fields": {
        "name": "Gruppe2, Bluetooth - Fjern ikon fra menu-bjlke, 2022-02-12 20:22:10",
        "script": 3,
        "site": 1
    }
},
{
    "model": "system.batch",
    "pk": 16,
    "fields": {
        "name": "Gruppe2, Bluetooth - Fjern ikon fra menu-bjlke, 2022-02-12 20:22:10",
        "script": 3,
        "site": 1
    }
},
{
    "model": "system.batch",
    "pk": 17,
    "fields": {
        "name": "Gruppe2, Bluetooth - Fjern ikon fra menu-bjlke, 2022-02-12 20:22:10",
        "script": 3,
        "site": 1
    }
},
{
    "model": "system.batch",
    "pk": 18,
    "fields": {
        "name": "Gruppe2, Bluetooth - Fjern ikon fra menu-bjlke, 2022-02-12 20:22:10",
        "script": 3,
        "site": 1
    }
},
{
    "model": "system.batch",
    "pk": 19,
    "fields": {
        "name": "Gruppe2, Bluetooth - Fjern ikon fra menu-bjlke, 2022-02-12 20:22:10",
        "script": 3,
        "site": 1
    }
},
{
    "model": "system.batch",
    "pk": 20,
    "fields": {
        "name": "Gruppe2, Bluetooth - Fjern ikon fra menu-bjlke, 2022-02-12 20:22:10",
        "script": 3,
        "site": 1
    }
},
{
    "model": "system.batch",
    "pk": 21,
    "fields": {
        "name": "Gruppe2, Bluetooth - Fjern ikon fra menu-bjlke, 2022-02-12 20:22:10",
        "script": 3,
        "site": 1
    }
},
{
    "model": "system.batch",
    "pk": 22,
    "fields": {
        "name": "Gruppe2, Bluetooth - Fjern ikon fra menu-bjlke, 2022-02-12 20:22:10",
        "script": 3,
        "site": 1
    }
},
{
    "model": "system.batch",
    "pk": 23,
    "fields": {
        "name": "Gruppe2, Bluetooth - Fjern ikon fra menu-bjlke, 2022-02-12 20:22:10",
        "script": 3,
        "site": 1
    }
},
{
    "model": "system.batch",
    "pk": 24,
    "fields": {
        "name": "Gruppe2, Bluetooth - Fjern ikon fra menu-bjlke, 2022-02-12 20:22:10",
        "script": 3,
        "site": 1
    }
},
{
    "model": "system.batch",
    "pk": 25,
    "fields": {
        "name": "Gruppe2, Bluetooth - Fjern ikon fra menu-bjlke, 2022-02-12 20:22:10",
        "script": 3,
        "site": 1
    }
},
{
    "model": "system.batch",
    "pk": 26,
    "fields": {
        "name": "Gruppe2, Bluetooth - Fjern ikon fra menu-bjlke, 2022-02-12 20:22:10",
        "script": 3,
        "site": 1
    }
},
{
    "model": "system.batch",
    "pk": 27,
    "fields": {
        "name": "Gruppe2, Bluetooth - Fjern ikon fra menu-bjlke, 2022-02-12 20:22:10",
        "script": 3,
        "site": 1
    }
},
{
    "model": "system.batch",
    "pk": 28,
    "fields": {
        "name": "Gruppe2, Bluetooth - Fjern ikon fra menu-bjlke, 2022-02-12 20:22:10",
        "script": 3,
        "site": 1
    }
},
{
    "model": "system.batch",
    "pk": 29,
    "fields": {
        "name": "Gruppe2, Bluetooth - Fjern ikon fra menu-bjlke, 2022-02-12 20:22:10",
        "script": 3,
        "site": 1
    }
},
{
    "model": "system.batch",
    "pk": 30,
    "fields": {
        "name": "",
        "script": 77,
        "site": 1
    }
},
{
    "model": "system.batch",
    "pk": 31,
    "fields": {
        "name": "",
        "script": 3,
        "site": 1
    }
},
{
    "model": "system.batch",
    "pk": 32,
    "fields": {
        "name": "",
        "script": 3,
        "site": 1
    }
},
{
    "model": "system.batch",
    "pk": 33,
    "fields": {
        "name": "",
        "script": 76,
        "site": 1
    }
},
{
    "model": "system.batch",
    "pk": 34,
    "fields": {
        "name": "",
        "script": 76,
        "site": 1
    }
},
{
    "model": "system.batch",
    "pk": 35,
    "fields": {
        "name": "",
        "script": 76,
        "site": 1
    }
},
{
    "model": "system.batch",
    "pk": 36,
    "fields": {
        "name": "",
        "script": 76,
        "site": 1
    }
},
{
    "model": "system.batch",
    "pk": 37,
    "fields": {
        "name": "",
        "script": 76,
        "site": 1
    }
},
{
    "model": "system.batch",
    "pk": 38,
    "fields": {
        "name": "",
        "script": 76,
        "site": 1
    }
},
{
    "model": "system.batch",
    "pk": 39,
    "fields": {
        "name": "",
        "script": 76,
        "site": 1
    }
},
{
    "model": "system.batch",
    "pk": 40,
    "fields": {
        "name": "",
        "script": 76,
        "site": 1
    }
},
{
    "model": "system.batch",
    "pk": 41,
    "fields": {
        "name": "",
        "script": 76,
        "site": 1
    }
},
{
    "model": "system.batch",
    "pk": 42,
    "fields": {
        "name": "Gruppe4",
        "script": 8,
        "site": 1
    }
},
{
    "model": "system.batch",
    "pk": 43,
    "fields": {
        "name": "Gruppe4",
        "script": 9,
        "site": 1
    }
},
{
    "model": "system.batch",
    "pk": 44,
    "fields": {
        "name": "Gruppe2",
        "script": 3,
        "site": 1
    }
},
{
    "model": "system.batch",
    "pk": 45,
    "fields": {
        "name": "Gruppe2",
        "script": 3,
        "site": 1
    }
},
{
    "model": "system.batch",
    "pk": 46,
    "fields": {
        "name": "Gruppe2",
        "script": 3,
        "site": 1
    }
},
{
    "model": "system.batch",
    "pk": 47,
    "fields": {
        "name": "Gruppe2",
        "script": 3,
        "site": 1
    }
},
{
    "model": "system.batch",
    "pk": 48,
    "fields": {
        "name": "Gruppe2",
        "script": 3,
        "site": 1
    }
},
{
    "model": "system.batch",
    "pk": 49,
    "fields": {
        "name": "Gruppe2",
        "script": 3,
        "site": 1
    }
},
{
    "model": "system.batch",
    "pk": 50,
    "fields": {
        "name": "Gruppe2",
        "script": 3,
        "site": 1
    }
},
{
    "model": "system.batch",
    "pk": 51,
    "fields": {
        "name": "Gruppe2",
        "script": 3,
        "site": 1
    }
},
{
    "model": "system.batch",
    "pk": 52,
    "fields": {
        "name": "Gruppe2",
        "script": 3,
        "site": 1
    }
},
{
    "model": "system.batch",
    "pk": 53,
    "fields": {
        "name": "Gruppe2",
        "script": 3,
        "site": 1
    }
},
{
    "model": "system.batch",
    "pk": 54,
    "fields": {
        "name": "Gruppe2",
        "script": 3,
        "site": 1
    }
},
{
    "model": "system.batch",
    "pk": 55,
    "fields": {
        "name": "Gruppe2",
        "script": 3,
        "site": 1
    }
},
{
    "model": "system.batch",
    "pk": 56,
    "fields": {
        "name": "Gruppe2",
        "script": 3,
        "site": 1
    }
},
{
    "model": "system.batch",
    "pk": 57,
    "fields": {
        "name": "Gruppe2",
        "script": 3,
        "site": 1
    }
},
{
    "model": "system.batch",
    "pk": 58,
    "fields": {
        "name": "Gruppe2",
        "script": 3,
        "site": 1
    }
},
{
    "model": "system.batch",
    "pk": 59,
    "fields": {
        "name": "Gruppe4",
        "script": 36,
        "site": 1
    }
},
{
    "model": "system.batch",
    "pk": 60,
    "fields": {
        "name": "Gruppe4",
        "script": 84,
        "site": 1
    }
},
{
    "model": "system.associatedscript",
    "pk": 6,
    "fields": {
        "group": 10,
        "script": 8,
        "position": 0
    }
},
{
    "model": "system.associatedscript",
    "pk": 7,
    "fields": {
        "group": 10,
        "script": 9,
        "position": 1
    }
},
{
    "model": "system.associatedscript",
    "pk": 10,
    "fields": {
        "group": 3,
        "script": 8,
        "position": 0
    }
},
{
    "model": "system.associatedscript",
    "pk": 12,
    "fields": {
        "group": 10,
        "script": 8,
        "position": 2
    }
},
{
    "model": "system.associatedscript",
    "pk": 13,
    "fields": {
        "group": 10,
        "script": 6,
        "position": 3
    }
},
{
    "model": "system.associatedscript",
    "pk": 14,
    "fields": {
        "group": 10,
        "script": 7,
        "position": 4
    }
},
{
    "model": "system.associatedscript",
    "pk": 15,
    "fields": {
        "group": 10,
        "script": 10,
        "position": 5
    }
},
{
    "model": "system.associatedscript",
    "pk": 16,
    "fields": {
        "group": 10,
        "script": 9,
        "position": 6
    }
},
{
    "model": "system.associatedscript",
    "pk": 17,
    "fields": {
        "group": 10,
        "script": 27,
        "position": 7
    }
},
{
    "model": "system.associatedscript",
    "pk": 18,
    "fields": {
        "group": 10,
        "script": 31,
        "position": 8
    }
},
{
    "model": "system.associatedscript",
    "pk": 21,
    "fields": {
        "group": 17,
        "script": 3,
        "position": 0
    }
},
{
    "model": "system.associatedscript",
    "pk": 22,
    "fields": {
        "group": 17,
        "script": 3,
        "position": 1
    }
},
{
    "model": "system.associatedscript",
    "pk": 23,
    "fields": {
        "group": 17,
        "script": 3,
        "position": 2
    }
},
{
    "model": "system.associatedscript",
    "pk": 24,
    "fields": {
        "group": 17,
        "script": 3,
        "position": 3
    }
},
{
    "model": "system.associatedscript",
    "pk": 25,
    "fields": {
        "group": 17,
        "script": 3,
        "position": 4
    }
},
{
    "model": "system.associatedscript",
    "pk": 26,
    "fields": {
        "group": 17,
        "script": 3,
        "position": 5
    }
},
{
    "model": "system.associatedscript",
    "pk": 27,
    "fields": {
        "group": 17,
        "script": 3,
        "position": 6
    }
},
{
    "model": "system.associatedscript",
    "pk": 28,
    "fields": {
        "group": 17,
        "script": 3,
        "position": 7
    }
},
{
    "model": "system.associatedscript",
    "pk": 29,
    "fields": {
        "group": 17,
        "script": 3,
        "position": 8
    }
},
{
    "model": "system.associatedscript",
    "pk": 30,
    "fields": {
        "group": 17,
        "script": 3,
        "position": 9
    }
},
{
    "model": "system.associatedscript",
    "pk": 31,
    "fields": {
        "group": 17,
        "script": 3,
        "position": 10
    }
},
{
    "model": "system.associatedscript",
    "pk": 32,
    "fields": {
        "group": 17,
        "script": 3,
        "position": 11
    }
},
{
    "model": "system.associatedscript",
    "pk": 33,
    "fields": {
        "group": 17,
        "script": 3,
        "position": 12
    }
},
{
    "model": "system.associatedscript",
    "pk": 34,
    "fields": {
        "group": 17,
        "script": 3,
        "position": 13
    }
},
{
    "model": "system.associatedscript",
    "pk": 35,
    "fields": {
        "group": 17,
        "script": 3,
        "position": 14
    }
},
{
    "model": "system.associatedscript",
    "pk": 36,
    "fields": {
        "group": 10,
        "script": 36,
        "position": 9
    }
},
{
    "model": "system.associatedscript",
    "pk": 37,
    "fields": {
        "group": 10,
        "script": 84,
        "position": 10
    }
},
{
    "model": "system.job",
    "pk": 1,
    "fields": {
        "status": "NEW",
        "log_output": "",
        "created": "2020-11-30T18:15:43.997",
        "started": null,
        "finished": null,
        "user": 35,
        "batch": 8,
        "pc": 8
    }
},
{
    "model": "system.job",
    "pk": 2,
    "fields": {
        "status": "NEW",
        "log_output": "",
        "created": null,
        "started": null,
        "finished": null,
        "user": 37,
        "batch": 8,
        "pc": 9
    }
},
{
    "model": "system.job",
    "pk": 3,
    "fields": {
        "status": "NEW",
        "log_output": "",
        "created": null,
        "started": null,
        "finished": null,
        "user": 38,
        "batch": 8,
        "pc": 1
    }
},
{
    "model": "system.job",
    "pk": 4,
    "fields": {
        "status": "NEW",
        "log_output": "",
        "created": null,
        "started": null,
        "finished": null,
        "user": 38,
        "batch": 8,
        "pc": 6
    }
},
{
    "model": "system.job",
    "pk": 5,
    "fields": {
        "status": "NEW",
        "log_output": "",
        "created": null,
        "started": null,
        "finished": null,
        "user": 38,
        "batch": 9,
        "pc": 8
    }
},
{
    "model": "system.job",
    "pk": 6,
    "fields": {
        "status": "NEW",
        "log_output": "",
        "created": null,
        "started": null,
        "finished": null,
        "user": 39,
        "batch": 9,
        "pc": 9
    }
},
{
    "model": "system.job",
    "pk": 7,
    "fields": {
        "status": "NEW",
        "log_output": "",
        "created": null,
        "started": null,
        "finished": null,
        "user": 39,
        "batch": 9,
        "pc": 1
    }
},
{
    "model": "system.job",
    "pk": 8,
    "fields": {
        "status": "NEW",
        "log_output": "",
        "created": null,
        "started": null,
        "finished": null,
        "user": 39,
        "batch": 9,
        "pc": 6
    }
},
{
    "model": "system.job",
    "pk": 9,
    "fields": {
        "status": "NEW",
        "log_output": "",
        "created": null,
        "started": null,
        "finished": null,
        "user": 39,
        "batch": 10,
        "pc": 8
    }
},
{
    "model": "system.job",
    "pk": 10,
    "fields": {
        "status": "NEW",
        "log_output": "",
        "created": null,
        "started": null,
        "finished": null,
        "user": 35,
        "batch": 10,
        "pc": 9
    }
},
{
    "model": "system.job",
    "pk": 11,
    "fields": {
        "status": "NEW",
        "log_output": "",
        "created": null,
        "started": null,
        "finished": null,
        "user": 37,
        "batch": 10,
        "pc": 1
    }
},
{
    "model": "system.job",
    "pk": 12,
    "fields": {
        "status": "NEW",
        "log_output": "",
        "created": null,
        "started": null,
        "finished": null,
        "user": 35,
        "batch": 10,
        "pc": 6
    }
},
{
    "model": "system.job",
    "pk": 13,
    "fields": {
        "status": "NEW",
        "log_output": "",
        "created": null,
        "started": null,
        "finished": null,
        "user": 35,
        "batch": 11,
        "pc": 8
    }
},
{
    "model": "system.job",
    "pk": 14,
    "fields": {
        "status": "NEW",
        "log_output": "",
        "created": null,
        "started": null,
        "finished": null,
        "user": 35,
        "batch": 11,
        "pc": 9
    }
},
{
    "model": "system.job",
    "pk": 15,
    "fields": {
        "status": "NEW",
        "log_output": "",
        "created": null,
        "started": null,
        "finished": null,
        "user": 35,
        "batch": 11,
        "pc": 1
    }
},
{
    "model": "system.job",
    "pk": 16,
    "fields": {
        "status": "NEW",
        "log_output": "",
        "created": null,
        "started": null,
        "finished": null,
        "user": 35,
        "batch": 11,
        "pc": 6
    }
},
{
    "model": "system.job",
    "pk": 17,
    "fields": {
        "status": "NEW",
        "log_output": "",
        "created": null,
        "started": null,
        "finished": null,
        "user": 35,
        "batch": 12,
        "pc": 8
    }
},
{
    "model": "system.job",
    "pk": 18,
    "fields": {
        "status": "NEW",
        "log_output": "",
        "created": null,
        "started": null,
        "finished": null,
        "user": 35,
        "batch": 12,
        "pc": 9
    }
},
{
    "model": "system.job",
    "pk": 19,
    "fields": {
        "status": "NEW",
        "log_output": "",
        "created": null,
        "started": null,
        "finished": null,
        "user": 35,
        "batch": 12,
        "pc": 1
    }
},
{
    "model": "system.job",
    "pk": 20,
    "fields": {
        "status": "NEW",
        "log_output": "",
        "created": null,
        "started": null,
        "finished": null,
        "user": 35,
        "batch": 12,
        "pc": 6
    }
},
{
    "model": "system.job",
    "pk": 21,
    "fields": {
        "status": "NEW",
        "log_output": "",
        "created": null,
        "started": null,
        "finished": null,
        "user": 35,
        "batch": 13,
        "pc": 8
    }
},
{
    "model": "system.job",
    "pk": 22,
    "fields": {
        "status": "NEW",
        "log_output": "",
        "created": null,
        "started": null,
        "finished": null,
        "user": 35,
        "batch": 13,
        "pc": 9
    }
},
{
    "model": "system.job",
    "pk": 23,
    "fields": {
        "status": "NEW",
        "log_output": "",
        "created": null,
        "started": null,
        "finished": null,
        "user": 35,
        "batch": 13,
        "pc": 1
    }
},
{
    "model": "system.job",
    "pk": 24,
    "fields": {
        "status": "NEW",
        "log_output": "",
        "created": null,
        "started": null,
        "finished": null,
        "user": 35,
        "batch": 13,
        "pc": 6
    }
},
{
    "model": "system.job",
    "pk": 25,
    "fields": {
        "status": "NEW",
        "log_output": "",
        "created": null,
        "started": null,
        "finished": null,
        "user": 35,
        "batch": 14,
        "pc": 8
    }
},
{
    "model": "system.job",
    "pk": 26,
    "fields": {
        "status": "NEW",
        "log_output": "",
        "created": null,
        "started": null,
        "finished": null,
        "user": 35,
        "batch": 14,
        "pc": 9
    }
},
{
    "model": "system.job",
    "pk": 27,
    "fields": {
        "status": "NEW",
        "log_output": "",
        "created": null,
        "started": null,
        "finished": null,
        "user": 35,
        "batch": 14,
        "pc": 1
    }
},
{
    "model": "system.job",
    "pk": 28,
    "fields": {
        "status": "NEW",
        "log_output": "",
        "created": null,
        "started": null,
        "finished": null,
        "user": 35,
        "batch": 14,
        "pc": 6
    }
},
{
    "model": "system.job",
    "pk": 29,
    "fields": {
        "status": "NEW",
        "log_output": "",
        "created": null,
        "started": null,
        "finished": null,
        "user": 35,
        "batch": 15,
        "pc": 1
    }
},
{
    "model": "system.job",
    "pk": 30,
    "fields": {
        "status": "NEW",
        "log_output": "",
        "created": null,
        "started": null,
        "finished": null,
        "user": 35,
        "batch": 15,
        "pc": 6
    }
},
{
    "model": "system.job",
    "pk": 31,
    "fields": {
        "status": "NEW",
        "log_output": "",
        "created": null,
        "started": null,
        "finished": null,
        "user": 35,
        "batch": 15,
        "pc": 8
    }
},
{
    "model": "system.job",
    "pk": 32,
    "fields": {
        "status": "NEW",
        "log_output": "",
        "created": null,
        "started": null,
        "finished": null,
        "user": 35,
        "batch": 15,
        "pc": 9
    }
},
{
    "model": "system.job",
    "pk": 33,
    "fields": {
        "status": "NEW",
        "log_output": "",
        "created": null,
        "started": null,
        "finished": null,
        "user": 35,
        "batch": 15,
        "pc": 12
    }
},
{
    "model": "system.job",
    "pk": 34,
    "fields": {
        "status": "NEW",
        "log_output": "",
        "created": null,
        "started": null,
        "finished": null,
        "user": 35,
        "batch": 15,
        "pc": 16
    }
},
{
    "model": "system.job",
    "pk": 35,
    "fields": {
        "status": "NEW",
        "log_output": "",
        "created": null,
        "started": null,
        "finished": null,
        "user": 35,
        "batch": 15,
        "pc": 18
    }
},
{
    "model": "system.job",
    "pk": 36,
    "fields": {
        "status": "NEW",
        "log_output": "",
        "created": null,
        "started": null,
        "finished": null,
        "user": 35,
        "batch": 15,
        "pc": 22
    }
},
{
    "model": "system.job",
    "pk": 37,
    "fields": {
        "status": "NEW",
        "log_output": "",
        "created": null,
        "started": null,
        "finished": null,
        "user": 35,
        "batch": 15,
        "pc": 23
    }
},
{
    "model": "system.job",
    "pk": 38,
    "fields": {
        "status": "NEW",
        "log_output": "",
        "created": null,
        "started": null,
        "finished": null,
        "user": 35,
        "batch": 15,
        "pc": 24
    }
},
{
    "model": "system.job",
    "pk": 39,
    "fields": {
        "status": "NEW",
        "log_output": "",
        "created": null,
        "started": null,
        "finished": null,
        "user": 35,
        "batch": 15,
        "pc": 25
    }
},
{
    "model": "system.job",
    "pk": 40,
    "fields": {
        "status": "NEW",
        "log_output": "",
        "created": null,
        "started": null,
        "finished": null,
        "user": 35,
        "batch": 15,
        "pc": 26
    }
},
{
    "model": "system.job",
    "pk": 41,
    "fields": {
        "status": "NEW",
        "log_output": "",
        "created": null,
        "started": null,
        "finished": null,
        "user": 35,
        "batch": 15,
        "pc": 28
    }
},
{
    "model": "system.job",
    "pk": 42,
    "fields": {
        "status": "NEW",
        "log_output": "",
        "created": null,
        "started": null,
        "finished": null,
        "user": 35,
        "batch": 15,
        "pc": 31
    }
},
{
    "model": "system.job",
    "pk": 43,
    "fields": {
        "status": "NEW",
        "log_output": "",
        "created": null,
        "started": null,
        "finished": null,
        "user": 35,
        "batch": 16,
        "pc": 1
    }
},
{
    "model": "system.job",
    "pk": 44,
    "fields": {
        "status": "NEW",
        "log_output": "",
        "created": null,
        "started": null,
        "finished": null,
        "user": 35,
        "batch": 16,
        "pc": 6
    }
},
{
    "model": "system.job",
    "pk": 45,
    "fields": {
        "status": "NEW",
        "log_output": "",
        "created": null,
        "started": null,
        "finished": null,
        "user": 35,
        "batch": 16,
        "pc": 8
    }
},
{
    "model": "system.job",
    "pk": 46,
    "fields": {
        "status": "NEW",
        "log_output": "",
        "created": null,
        "started": null,
        "finished": null,
        "user": 35,
        "batch": 16,
        "pc": 9
    }
},
{
    "model": "system.job",
    "pk": 47,
    "fields": {
        "status": "NEW",
        "log_output": "",
        "created": null,
        "started": null,
        "finished": null,
        "user": 35,
        "batch": 16,
        "pc": 12
    }
},
{
    "model": "system.job",
    "pk": 48,
    "fields": {
        "status": "NEW",
        "log_output": "",
        "created": null,
        "started": null,
        "finished": null,
        "user": 35,
        "batch": 16,
        "pc": 16
    }
},
{
    "model": "system.job",
    "pk": 49,
    "fields": {
        "status": "NEW",
        "log_output": "",
        "created": null,
        "started": null,
        "finished": null,
        "user": 35,
        "batch": 16,
        "pc": 18
    }
},
{
    "model": "system.job",
    "pk": 50,
    "fields": {
        "status": "NEW",
        "log_output": "",
        "created": null,
        "started": null,
        "finished": null,
        "user": 35,
        "batch": 16,
        "pc": 22
    }
},
{
    "model": "system.job",
    "pk": 51,
    "fields": {
        "status": "NEW",
        "log_output": "",
        "created": null,
        "started": null,
        "finished": null,
        "user": 35,
        "batch": 16,
        "pc": 23
    }
},
{
    "model": "system.job",
    "pk": 52,
    "fields": {
        "status": "NEW",
        "log_output": "",
        "created": null,
        "started": null,
        "finished": null,
        "user": 35,
        "batch": 16,
        "pc": 24
    }
},
{
    "model": "system.job",
    "pk": 53,
    "fields": {
        "status": "NEW",
        "log_output": "",
        "created": null,
        "started": null,
        "finished": null,
        "user": 35,
        "batch": 16,
        "pc": 25
    }
},
{
    "model": "system.job",
    "pk": 54,
    "fields": {
        "status": "NEW",
        "log_output": "",
        "created": null,
        "started": null,
        "finished": null,
        "user": 35,
        "batch": 16,
        "pc": 26
    }
},
{
    "model": "system.job",
    "pk": 55,
    "fields": {
        "status": "NEW",
        "log_output": "",
        "created": null,
        "started": null,
        "finished": null,
        "user": 35,
        "batch": 16,
        "pc": 28
    }
},
{
    "model": "system.job",
    "pk": 56,
    "fields": {
        "status": "NEW",
        "log_output": "",
        "created": null,
        "started": null,
        "finished": null,
        "user": 35,
        "batch": 16,
        "pc": 31
    }
},
{
    "model": "system.job",
    "pk": 57,
    "fields": {
        "status": "NEW",
        "log_output": "",
        "created": null,
        "started": null,
        "finished": null,
        "user": 35,
        "batch": 17,
        "pc": 1
    }
},
{
    "model": "system.job",
    "pk": 58,
    "fields": {
        "status": "NEW",
        "log_output": "",
        "created": null,
        "started": null,
        "finished": null,
        "user": 35,
        "batch": 17,
        "pc": 6
    }
},
{
    "model": "system.job",
    "pk": 59,
    "fields": {
        "status": "NEW",
        "log_output": "",
        "created": null,
        "started": null,
        "finished": null,
        "user": 35,
        "batch": 17,
        "pc": 8
    }
},
{
    "model": "system.job",
    "pk": 60,
    "fields": {
        "status": "NEW",
        "log_output": "",
        "created": null,
        "started": null,
        "finished": null,
        "user": 35,
        "batch": 17,
        "pc": 9
    }
},
{
    "model": "system.job",
    "pk": 61,
    "fields": {
        "status": "NEW",
        "log_output": "",
        "created": null,
        "started": null,
        "finished": null,
        "user": 35,
        "batch": 17,
        "pc": 12
    }
},
{
    "model": "system.job",
    "pk": 62,
    "fields": {
        "status": "NEW",
        "log_output": "",
        "created": null,
        "started": null,
        "finished": null,
        "user": 35,
        "batch": 17,
        "pc": 16
    }
},
{
    "model": "system.job",
    "pk": 63,
    "fields": {
        "status": "NEW",
        "log_output": "",
        "created": null,
        "started": null,
        "finished": null,
        "user": 35,
        "batch": 17,
        "pc": 18
    }
},
{
    "model": "system.job",
    "pk": 64,
    "fields": {
        "status": "NEW",
        "log_output": "",
        "created": null,
        "started": null,
        "finished": null,
        "user": 35,
        "batch": 17,
        "pc": 22
    }
},
{
    "model": "system.job",
    "pk": 65,
    "fields": {
        "status": "NEW",
        "log_output": "",
        "created": null,
        "started": null,
        "finished": null,
        "user": 35,
        "batch": 17,
        "pc": 23
    }
},
{
    "model": "system.job",
    "pk": 66,
    "fields": {
        "status": "NEW",
        "log_output": "",
        "created": null,
        "started": null,
        "finished": null,
        "user": 35,
        "batch": 17,
        "pc": 24
    }
},
{
    "model": "system.job",
    "pk": 67,
    "fields": {
        "status": "NEW",
        "log_output": "",
        "created": null,
        "started": null,
        "finished": null,
        "user": 35,
        "batch": 17,
        "pc": 25
    }
},
{
    "model": "system.job",
    "pk": 68,
    "fields": {
        "status": "NEW",
        "log_output": "",
        "created": null,
        "started": null,
        "finished": null,
        "user": 35,
        "batch": 17,
        "pc": 26
    }
},
{
    "model": "system.job",
    "pk": 69,
    "fields": {
        "status": "NEW",
        "log_output": "",
        "created": null,
        "started": null,
        "finished": null,
        "user": 35,
        "batch": 17,
        "pc": 28
    }
},
{
    "model": "system.job",
    "pk": 70,
    "fields": {
        "status": "NEW",
        "log_output": "",
        "created": null,
        "started": null,
        "finished": null,
        "user": 35,
        "batch": 17,
        "pc": 31
    }
},
{
    "model": "system.job",
    "pk": 71,
    "fields": {
        "status": "NEW",
        "log_output": "",
        "created": null,
        "started": null,
        "finished": null,
        "user": 35,
        "batch": 18,
        "pc": 1
    }
},
{
    "model": "system.job",
    "pk": 72,
    "fields": {
        "status": "NEW",
        "log_output": "",
        "created": null,
        "started": null,
        "finished": null,
        "user": 35,
        "batch": 18,
        "pc": 6
    }
},
{
    "model": "system.job",
    "pk": 73,
    "fields": {
        "status": "NEW",
        "log_output": "",
        "created": null,
        "started": null,
        "finished": null,
        "user": 35,
        "batch": 18,
        "pc": 8
    }
},
{
    "model": "system.job",
    "pk": 74,
    "fields": {
        "status": "NEW",
        "log_output": "",
        "created": null,
        "started": null,
        "finished": null,
        "user": 35,
        "batch": 18,
        "pc": 9
    }
},
{
    "model": "system.job",
    "pk": 75,
    "fields": {
        "status": "NEW",
        "log_output": "",
        "created": null,
        "started": null,
        "finished": null,
        "user": 35,
        "batch": 18,
        "pc": 12
    }
},
{
    "model": "system.job",
    "pk": 76,
    "fields": {
        "status": "NEW",
        "log_output": "",
        "created": null,
        "started": null,
        "finished": null,
        "user": 35,
        "batch": 18,
        "pc": 16
    }
},
{
    "model": "system.job",
    "pk": 77,
    "fields": {
        "status": "NEW",
        "log_output": "",
        "created": null,
        "started": null,
        "finished": null,
        "user": 35,
        "batch": 18,
        "pc": 18
    }
},
{
    "model": "system.job",
    "pk": 78,
    "fields": {
        "status": "NEW",
        "log_output": "",
        "created": null,
        "started": null,
        "finished": null,
        "user": 35,
        "batch": 18,
        "pc": 22
    }
},
{
    "model": "system.job",
    "pk": 79,
    "fields": {
        "status": "NEW",
        "log_output": "",
        "created": null,
        "started": null,
        "finished": null,
        "user": 35,
        "batch": 18,
        "pc": 23
    }
},
{
    "model": "system.job",
    "pk": 80,
    "fields": {
        "status": "NEW",
        "log_output": "",
        "created": null,
        "started": null,
        "finished": null,
        "user": 35,
        "batch": 18,
        "pc": 24
    }
},
{
    "model": "system.job",
    "pk": 81,
    "fields": {
        "status": "NEW",
        "log_output": "",
        "created": null,
        "started": null,
        "finished": null,
        "user": 35,
        "batch": 18,
        "pc": 25
    }
},
{
    "model": "system.job",
    "pk": 82,
    "fields": {
        "status": "NEW",
        "log_output": "",
        "created": null,
        "started": null,
        "finished": null,
        "user": 35,
        "batch": 18,
        "pc": 26
    }
},
{
    "model": "system.job",
    "pk": 83,
    "fields": {
        "status": "NEW",
        "log_output": "",
        "created": null,
        "started": null,
        "finished": null,
        "user": 35,
        "batch": 18,
        "pc": 28
    }
},
{
    "model": "system.job",
    "pk": 84,
    "fields": {
        "status": "NEW",
        "log_output": "",
        "created": null,
        "started": null,
        "finished": null,
        "user": 35,
        "batch": 18,
        "pc": 31
    }
},
{
    "model": "system.job",
    "pk": 85,
    "fields": {
        "status": "NEW",
        "log_output": "",
        "created": null,
        "started": null,
        "finished": null,
        "user": 35,
        "batch": 19,
        "pc": 1
    }
},
{
    "model": "system.job",
    "pk": 86,
    "fields": {
        "status": "NEW",
        "log_output": "",
        "created": null,
        "started": null,
        "finished": null,
        "user": 35,
        "batch": 19,
        "pc": 6
    }
},
{
    "model": "system.job",
    "pk": 87,
    "fields": {
        "status": "NEW",
        "log_output": "",
        "created": null,
        "started": null,
        "finished": null,
        "user": 35,
        "batch": 19,
        "pc": 8
    }
},
{
    "model": "system.job",
    "pk": 88,
    "fields": {
        "status": "NEW",
        "log_output": "",
        "created": null,
        "started": null,
        "finished": null,
        "user": 35,
        "batch": 19,
        "pc": 9
    }
},
{
    "model": "system.job",
    "pk": 89,
    "fields": {
        "status": "NEW",
        "log_output": "",
        "created": null,
        "started": null,
        "finished": null,
        "user": 35,
        "batch": 19,
        "pc": 12
    }
},
{
    "model": "system.job",
    "pk": 90,
    "fields": {
        "status": "NEW",
        "log_output": "",
        "created": null,
        "started": null,
        "finished": null,
        "user": 35,
        "batch": 19,
        "pc": 16
    }
},
{
    "model": "system.job",
    "pk": 91,
    "fields": {
        "status": "NEW",
        "log_output": "",
        "created": null,
        "started": null,
        "finished": null,
        "user": 35,
        "batch": 19,
        "pc": 18
    }
},
{
    "model": "system.job",
    "pk": 92,
    "fields": {
        "status": "NEW",
        "log_output": "",
        "created": null,
        "started": null,
        "finished": null,
        "user": 35,
        "batch": 19,
        "pc": 22
    }
},
{
    "model": "system.job",
    "pk": 93,
    "fields": {
        "status": "NEW",
        "log_output": "",
        "created": null,
        "started": null,
        "finished": null,
        "user": 35,
        "batch": 19,
        "pc": 23
    }
},
{
    "model": "system.job",
    "pk": 94,
    "fields": {
        "status": "NEW",
        "log_output": "",
        "created": null,
        "started": null,
        "finished": null,
        "user": 35,
        "batch": 19,
        "pc": 24
    }
},
{
    "model": "system.job",
    "pk": 95,
    "fields": {
        "status": "NEW",
        "log_output": "",
        "created": null,
        "started": null,
        "finished": null,
        "user": 35,
        "batch": 19,
        "pc": 25
    }
},
{
    "model": "system.job",
    "pk": 96,
    "fields": {
        "status": "NEW",
        "log_output": "",
        "created": null,
        "started": null,
        "finished": null,
        "user": 35,
        "batch": 19,
        "pc": 26
    }
},
{
    "model": "system.job",
    "pk": 97,
    "fields": {
        "status": "NEW",
        "log_output": "",
        "created": null,
        "started": null,
        "finished": null,
        "user": 35,
        "batch": 19,
        "pc": 28
    }
},
{
    "model": "system.job",
    "pk": 98,
    "fields": {
        "status": "NEW",
        "log_output": "",
        "created": null,
        "started": null,
        "finished": null,
        "user": 35,
        "batch": 19,
        "pc": 31
    }
},
{
    "model": "system.job",
    "pk": 99,
    "fields": {
        "status": "NEW",
        "log_output": "",
        "created": null,
        "started": null,
        "finished": null,
        "user": 35,
        "batch": 20,
        "pc": 1
    }
},
{
    "model": "system.job",
    "pk": 100,
    "fields": {
        "status": "NEW",
        "log_output": "",
        "created": null,
        "started": null,
        "finished": null,
        "user": 35,
        "batch": 20,
        "pc": 6
    }
},
{
    "model": "system.job",
    "pk": 101,
    "fields": {
        "status": "NEW",
        "log_output": "",
        "created": null,
        "started": null,
        "finished": null,
        "user": 35,
        "batch": 20,
        "pc": 8
    }
},
{
    "model": "system.job",
    "pk": 102,
    "fields": {
        "status": "NEW",
        "log_output": "",
        "created": null,
        "started": null,
        "finished": null,
        "user": 35,
        "batch": 20,
        "pc": 9
    }
},
{
    "model": "system.job",
    "pk": 103,
    "fields": {
        "status": "NEW",
        "log_output": "",
        "created": null,
        "started": null,
        "finished": null,
        "user": 35,
        "batch": 20,
        "pc": 12
    }
},
{
    "model": "system.job",
    "pk": 104,
    "fields": {
        "status": "NEW",
        "log_output": "",
        "created": null,
        "started": null,
        "finished": null,
        "user": 35,
        "batch": 20,
        "pc": 16
    }
},
{
    "model": "system.job",
    "pk": 105,
    "fields": {
        "status": "NEW",
        "log_output": "",
        "created": null,
        "started": null,
        "finished": null,
        "user": 35,
        "batch": 20,
        "pc": 18
    }
},
{
    "model": "system.job",
    "pk": 106,
    "fields": {
        "status": "NEW",
        "log_output": "",
        "created": null,
        "started": null,
        "finished": null,
        "user": 35,
        "batch": 20,
        "pc": 22
    }
},
{
    "model": "system.job",
    "pk": 107,
    "fields": {
        "status": "FAILED",
        "log_output": "oh no",
        "created": null,
        "started": "2020-11-30T18:15:43.997",
        "finished": "2020-11-30T18:15:45.997",
        "user": 38,
        "batch": 20,
        "pc": 23
    }
},
{
    "model": "system.job",
    "pk": 108,
    "fields": {
        "status": "NEW",
        "log_output": "",
        "created": null,
        "started": null,
        "finished": null,
        "user": 37,
        "batch": 20,
        "pc": 24
    }
},
{
    "model": "system.job",
    "pk": 109,
    "fields": {
        "status": "NEW",
        "log_output": "",
        "created": null,
        "started": null,
        "finished": null,
        "user": 39,
        "batch": 20,
        "pc": 25
    }
},
{
    "model": "system.job",
    "pk": 110,
    "fields": {
        "status": "NEW",
        "log_output": "",
        "created": null,
        "started": null,
        "finished": null,
        "user": 35,
        "batch": 20,
        "pc": 26
    }
},
{
    "model": "system.job",
    "pk": 111,
    "fields": {
        "status": "NEW",
        "log_output": "",
        "created": null,
        "started": null,
        "finished": null,
        "user": 39,
        "batch": 20,
        "pc": 28
    }
},
{
    "model": "system.job",
    "pk": 112,
    "fields": {
        "status": "NEW",
        "log_output": "",
        "created": null,
        "started": null,
        "finished": null,
        "user": 35,
        "batch": 20,
        "pc": 31
    }
},
{
    "model": "system.job",
    "pk": 113,
    "fields": {
        "status": "NEW",
        "log_output": "",
        "created": null,
        "started": null,
        "finished": null,
        "user": 38,
        "batch": 21,
        "pc": 1
    }
},
{
    "model": "system.job",
    "pk": 114,
    "fields": {
        "status": "NEW",
        "log_output": "",
        "created": null,
        "started": null,
        "finished": null,
        "user": 38,
        "batch": 21,
        "pc": 6
    }
},
{
    "model": "system.job",
    "pk": 115,
    "fields": {
        "status": "NEW",
        "log_output": "testing",
        "created": null,
        "started": "2020-11-30T18:15:43.997",
        "finished": "2020-11-30T18:15:45.997",
        "user": 35,
        "batch": 21,
        "pc": 8
    }
},
{
    "model": "system.job",
    "pk": 116,
    "fields": {
        "status": "NEW",
        "log_output": "",
        "created": null,
        "started": "2020-11-30T18:15:43.997",
        "finished": "2020-11-30T18:15:45.997",
        "user": 38,
        "batch": 21,
        "pc": 9
    }
},
{
    "model": "system.job",
    "pk": 117,
    "fields": {
        "status": "SUBMITTED",
        "log_output": "",
        "created": null,
        "started": null,
        "finished": null,
        "user": 37,
        "batch": 21,
        "pc": 12
    }
},
{
    "model": "system.job",
    "pk": 118,
    "fields": {
        "status": "SUBMITTED",
        "log_output": "",
        "created": null,
        "started": null,
        "finished": null,
        "user": 38,
        "batch": 21,
        "pc": 16
    }
},
{
    "model": "system.job",
    "pk": 119,
    "fields": {
        "status": "DONE",
        "log_output": "test",
        "created": null,
        "started": null,
        "finished": null,
        "user": 39,
        "batch": 21,
        "pc": 18
    }
},
{
    "model": "system.job",
    "pk": 120,
    "fields": {
        "status": "DONE",
        "log_output": "test",
        "created": null,
        "started": "2020-11-30T18:15:43.997",
        "finished": "2020-11-30T18:15:45.997",
        "user": 37,
        "batch": 21,
        "pc": 22
    }
},
{
    "model": "system.job",
    "pk": 121,
    "fields": {
        "status": "FAILED",
        "log_output": "test",
        "created": null,
        "started": "2020-11-30T18:15:43.997",
        "finished": "2020-11-30T18:15:45.997",
        "user": 39,
        "batch": 21,
        "pc": 23
    }
},
{
    "model": "system.job",
    "pk": 122,
    "fields": {
        "status": "SUBMITTED",
        "log_output": "",
        "created": null,
        "started": null,
        "finished": null,
        "user": 38,
        "batch": 21,
        "pc": 24
    }
},
{
    "model": "system.job",
    "pk": 123,
    "fields": {
        "status": "DONE",
        "log_output": "",
        "created": null,
        "started": "2020-11-30T18:15:43.997",
        "finished": "2020-11-30T18:15:45.997",
        "user": 37,
        "batch": 21,
        "pc": 25
    }
},
{
    "model": "system.job",
    "pk": 124,
    "fields": {
        "status": "NEW",
        "log_output": "",
        "created": null,
        "started": "2020-11-30T18:15:43.997",
        "finished": "2020-11-30T18:15:45.997",
        "user": 37,
        "batch": 21,
        "pc": 26
    }
},
{
    "model": "system.job",
    "pk": 125,
    "fields": {
        "status": "NEW",
        "log_output": "",
        "created": null,
        "started": "2020-11-30T18:15:43.997",
        "finished": "2020-11-30T18:15:45.997",
        "user": 35,
        "batch": 21,
        "pc": 28
    }
},
{
    "model": "system.job",
    "pk": 126,
    "fields": {
        "status": "NEW",
        "log_output": "",
        "created": "2022-06-07T15:03:21.425",
        "started": null,
        "finished": null,
        "user": 35,
        "batch": 30,
        "pc": 26
    }
},
{
    "model": "system.job",
    "pk": 127,
    "fields": {
        "status": "NEW",
        "log_output": "",
        "created": "2022-06-07T15:04:38.636",
        "started": null,
        "finished": null,
        "user": 37,
        "batch": 31,
        "pc": 12
    }
},
{
    "model": "system.job",
    "pk": 128,
    "fields": {
        "status": "NEW",
        "log_output": "",
        "created": "2022-06-07T15:45:40.155",
        "started": null,
        "finished": null,
        "user": 35,
        "batch": 32,
        "pc": 8
    }
},
{
    "model": "system.job",
    "pk": 129,
    "fields": {
        "status": "NEW",
        "log_output": "",
        "created": "2022-06-07T15:45:40.157",
        "started": null,
        "finished": null,
        "user": 35,
        "batch": 32,
        "pc": 26
    }
},
{
    "model": "system.job",
    "pk": 130,
    "fields": {
        "status": "NEW",
        "log_output": "",
        "created": "2022-06-07T15:45:40.159",
        "started": null,
        "finished": null,
        "user": 35,
        "batch": 32,
        "pc": 18
    }
},
{
    "model": "system.job",
    "pk": 131,
    "fields": {
        "status": "NEW",
        "log_output": "",
        "created": "2022-06-07T15:45:40.161",
        "started": null,
        "finished": null,
        "user": 35,
        "batch": 32,
        "pc": 22
    }
},
{
    "model": "system.job",
    "pk": 132,
    "fields": {
        "status": "NEW",
        "log_output": "",
        "created": "2022-06-07T15:45:40.162",
        "started": null,
        "finished": null,
        "user": 35,
        "batch": 32,
        "pc": 12
    }
},
{
    "model": "system.job",
    "pk": 133,
    "fields": {
        "status": "NEW",
        "log_output": "",
        "created": "2022-06-07T15:45:40.164",
        "started": null,
        "finished": null,
        "user": 35,
        "batch": 32,
        "pc": 16
    }
},
{
    "model": "system.job",
    "pk": 134,
    "fields": {
        "status": "NEW",
        "log_output": "",
        "created": "2022-06-07T15:45:40.166",
        "started": null,
        "finished": null,
        "user": 35,
        "batch": 32,
        "pc": 24
    }
},
{
    "model": "system.job",
    "pk": 135,
    "fields": {
        "status": "NEW",
        "log_output": "",
        "created": "2022-06-07T15:45:40.167",
        "started": null,
        "finished": null,
        "user": 35,
        "batch": 32,
        "pc": 9
    }
},
{
    "model": "system.job",
    "pk": 136,
    "fields": {
        "status": "NEW",
        "log_output": "",
        "created": "2022-06-07T15:45:40.168",
        "started": null,
        "finished": null,
        "user": 35,
        "batch": 32,
        "pc": 1
    }
},
{
    "model": "system.job",
    "pk": 137,
    "fields": {
        "status": "NEW",
        "log_output": "",
        "created": "2022-06-07T15:45:40.169",
        "started": null,
        "finished": null,
        "user": 35,
        "batch": 32,
        "pc": 31
    }
},
{
    "model": "system.job",
    "pk": 138,
    "fields": {
        "status": "NEW",
        "log_output": "",
        "created": "2022-06-07T15:45:40.170",
        "started": null,
        "finished": null,
        "user": 35,
        "batch": 32,
        "pc": 28
    }
},
{
    "model": "system.job",
    "pk": 139,
    "fields": {
        "status": "NEW",
        "log_output": "",
        "created": "2022-06-07T15:45:40.171",
        "started": null,
        "finished": null,
        "user": 35,
        "batch": 32,
        "pc": 25
    }
},
{
    "model": "system.job",
    "pk": 140,
    "fields": {
        "status": "NEW",
        "log_output": "",
        "created": "2022-06-07T15:45:40.172",
        "started": null,
        "finished": null,
        "user": 35,
        "batch": 32,
        "pc": 23
    }
},
{
    "model": "system.job",
    "pk": 141,
    "fields": {
        "status": "NEW",
        "log_output": "",
        "created": "2022-06-07T16:04:24.315",
        "started": null,
        "finished": null,
        "user": 35,
        "batch": 39,
        "pc": 9
    }
},
{
    "model": "system.job",
    "pk": 142,
    "fields": {
        "status": "NEW",
        "log_output": "",
        "created": "2022-06-07T16:04:24.319",
        "started": null,
        "finished": null,
        "user": 35,
        "batch": 39,
        "pc": 1
    }
},
{
    "model": "system.job",
    "pk": 143,
    "fields": {
        "status": "NEW",
        "log_output": "",
        "created": "2022-06-09T14:55:31.369",
        "started": null,
        "finished": null,
        "user": 35,
        "batch": 42,
        "pc": 9
    }
},
{
    "model": "system.job",
    "pk": 144,
    "fields": {
        "status": "NEW",
        "log_output": "",
        "created": "2022-06-09T14:55:31.370",
        "started": null,
        "finished": null,
        "user": 35,
        "batch": 42,
        "pc": 26
    }
},
{
    "model": "system.job",
    "pk": 145,
    "fields": {
        "status": "NEW",
        "log_output": "",
        "created": "2022-06-09T14:55:31.371",
        "started": null,
        "finished": null,
        "user": 35,
        "batch": 42,
        "pc": 28
    }
},
{
    "model": "system.job",
    "pk": 146,
    "fields": {
        "status": "NEW",
        "log_output": "",
        "created": "2022-06-09T14:55:31.379",
        "started": null,
        "finished": null,
        "user": 35,
        "batch": 43,
        "pc": 9
    }
},
{
    "model": "system.job",
    "pk": 147,
    "fields": {
        "status": "NEW",
        "log_output": "",
        "created": "2022-06-09T14:55:31.380",
        "started": null,
        "finished": null,
        "user": 35,
        "batch": 43,
        "pc": 26
    }
},
{
    "model": "system.job",
    "pk": 148,
    "fields": {
        "status": "NEW",
        "log_output": "",
        "created": "2022-06-09T14:55:31.381",
        "started": null,
        "finished": null,
        "user": 35,
        "batch": 43,
        "pc": 28
    }
},
{
    "model": "system.job",
    "pk": 149,
    "fields": {
        "status": "NEW",
        "log_output": "",
        "created": "2022-06-09T14:58:25.656",
        "started": null,
        "finished": null,
        "user": 35,
        "batch": 44,
        "pc": 1
    }
},
{
    "model": "system.job",
    "pk": 150,
    "fields": {
        "status": "NEW",
        "log_output": "",
        "created": "2022-06-09T14:58:25.657",
        "started": null,
        "finished": null,
        "user": 35,
        "batch": 44,
        "pc": 22
    }
},
{
    "model": "system.job",
    "pk": 151,
    "fields": {
        "status": "NEW",
        "log_output": "",
        "created": "2022-06-09T14:58:25.657",
        "started": null,
        "finished": null,
        "user": 35,
        "batch": 44,
        "pc": 24
    }
},
{
    "model": "system.job",
    "pk": 152,
    "fields": {
        "status": "NEW",
        "log_output": "",
        "created": "2022-06-09T14:58:25.658",
        "started": null,
        "finished": null,
        "user": 35,
        "batch": 44,
        "pc": 25
    }
},
{
    "model": "system.job",
    "pk": 153,
    "fields": {
        "status": "NEW",
        "log_output": "",
        "created": "2022-06-09T14:58:25.658",
        "started": null,
        "finished": null,
        "user": 35,
        "batch": 44,
        "pc": 26
    }
},
{
    "model": "system.job",
    "pk": 154,
    "fields": {
        "status": "NEW",
        "log_output": "",
        "created": "2022-06-09T14:58:25.659",
        "started": null,
        "finished": null,
        "user": 35,
        "batch": 44,
        "pc": 31
    }
},
{
    "model": "system.job",
    "pk": 155,
    "fields": {
        "status": "NEW",
        "log_output": "",
        "created": "2022-06-09T14:58:25.661",
        "started": null,
        "finished": null,
        "user": 35,
        "batch": 45,
        "pc": 1
    }
},
{
    "model": "system.job",
    "pk": 156,
    "fields": {
        "status": "NEW",
        "log_output": "",
        "created": "2022-06-09T14:58:25.662",
        "started": null,
        "finished": null,
        "user": 35,
        "batch": 45,
        "pc": 22
    }
},
{
    "model": "system.job",
    "pk": 157,
    "fields": {
        "status": "NEW",
        "log_output": "",
        "created": "2022-06-09T14:58:25.663",
        "started": null,
        "finished": null,
        "user": 35,
        "batch": 45,
        "pc": 24
    }
},
{
    "model": "system.job",
    "pk": 158,
    "fields": {
        "status": "NEW",
        "log_output": "",
        "created": "2022-06-09T14:58:25.663",
        "started": null,
        "finished": null,
        "user": 35,
        "batch": 45,
        "pc": 25
    }
},
{
    "model": "system.job",
    "pk": 159,
    "fields": {
        "status": "NEW",
        "log_output": "",
        "created": "2022-06-09T14:58:25.664",
        "started": null,
        "finished": null,
        "user": 35,
        "batch": 45,
        "pc": 26
    }
},
{
    "model": "system.job",
    "pk": 160,
    "fields": {
        "status": "NEW",
        "log_output": "",
        "created": "2022-06-09T14:58:25.664",
        "started": null,
        "finished": null,
        "user": 35,
        "batch": 45,
        "pc": 31
    }
},
{
    "model": "system.job",
    "pk": 161,
    "fields": {
        "status": "NEW",
        "log_output": "",
        "created": "2022-06-09T14:58:25.667",
        "started": null,
        "finished": null,
        "user": 35,
        "batch": 46,
        "pc": 1
    }
},
{
    "model": "system.job",
    "pk": 162,
    "fields": {
        "status": "NEW",
        "log_output": "",
        "created": "2022-06-09T14:58:25.667",
        "started": null,
        "finished": null,
        "user": 35,
        "batch": 46,
        "pc": 22
    }
},
{
    "model": "system.job",
    "pk": 163,
    "fields": {
        "status": "NEW",
        "log_output": "",
        "created": "2022-06-09T14:58:25.668",
        "started": null,
        "finished": null,
        "user": 35,
        "batch": 46,
        "pc": 24
    }
},
{
    "model": "system.job",
    "pk": 164,
    "fields": {
        "status": "NEW",
        "log_output": "",
        "created": "2022-06-09T14:58:25.668",
        "started": null,
        "finished": null,
        "user": 35,
        "batch": 46,
        "pc": 25
    }
},
{
    "model": "system.job",
    "pk": 165,
    "fields": {
        "status": "NEW",
        "log_output": "",
        "created": "2022-06-09T14:58:25.669",
        "started": null,
        "finished": null,
        "user": 35,
        "batch": 46,
        "pc": 26
    }
},
{
    "model": "system.job",
    "pk": 166,
    "fields": {
        "status": "NEW",
        "log_output": "",
        "created": "2022-06-09T14:58:25.669",
        "started": null,
        "finished": null,
        "user": 35,
        "batch": 46,
        "pc": 31
    }
},
{
    "model": "system.job",
    "pk": 167,
    "fields": {
        "status": "NEW",
        "log_output": "",
        "created": "2022-06-09T14:58:25.672",
        "started": null,
        "finished": null,
        "user": 35,
        "batch": 47,
        "pc": 1
    }
},
{
    "model": "system.job",
    "pk": 168,
    "fields": {
        "status": "NEW",
        "log_output": "",
        "created": "2022-06-09T14:58:25.672",
        "started": null,
        "finished": null,
        "user": 35,
        "batch": 47,
        "pc": 22
    }
},
{
    "model": "system.job",
    "pk": 169,
    "fields": {
        "status": "NEW",
        "log_output": "",
        "created": "2022-06-09T14:58:25.672",
        "started": null,
        "finished": null,
        "user": 35,
        "batch": 47,
        "pc": 24
    }
},
{
    "model": "system.job",
    "pk": 170,
    "fields": {
        "status": "NEW",
        "log_output": "",
        "created": "2022-06-09T14:58:25.673",
        "started": null,
        "finished": null,
        "user": 35,
        "batch": 47,
        "pc": 25
    }
},
{
    "model": "system.job",
    "pk": 171,
    "fields": {
        "status": "NEW",
        "log_output": "",
        "created": "2022-06-09T14:58:25.673",
        "started": null,
        "finished": null,
        "user": 35,
        "batch": 47,
        "pc": 26
    }
},
{
    "model": "system.job",
    "pk": 172,
    "fields": {
        "status": "NEW",
        "log_output": "",
        "created": "2022-06-09T14:58:25.674",
        "started": null,
        "finished": null,
        "user": 35,
        "batch": 47,
        "pc": 31
    }
},
{
    "model": "system.job",
    "pk": 173,
    "fields": {
        "status": "NEW",
        "log_output": "",
        "created": "2022-06-09T14:58:25.676",
        "started": null,
        "finished": null,
        "user": 35,
        "batch": 48,
        "pc": 1
    }
},
{
    "model": "system.job",
    "pk": 174,
    "fields": {
        "status": "NEW",
        "log_output": "",
        "created": "2022-06-09T14:58:25.677",
        "started": null,
        "finished": null,
        "user": 35,
        "batch": 48,
        "pc": 22
    }
},
{
    "model": "system.job",
    "pk": 175,
    "fields": {
        "status": "NEW",
        "log_output": "",
        "created": "2022-06-09T14:58:25.677",
        "started": null,
        "finished": null,
        "user": 35,
        "batch": 48,
        "pc": 24
    }
},
{
    "model": "system.job",
    "pk": 176,
    "fields": {
        "status": "NEW",
        "log_output": "",
        "created": "2022-06-09T14:58:25.678",
        "started": null,
        "finished": null,
        "user": 35,
        "batch": 48,
        "pc": 25
    }
},
{
    "model": "system.job",
    "pk": 177,
    "fields": {
        "status": "NEW",
        "log_output": "",
        "created": "2022-06-09T14:58:25.678",
        "started": null,
        "finished": null,
        "user": 35,
        "batch": 48,
        "pc": 26
    }
},
{
    "model": "system.job",
    "pk": 178,
    "fields": {
        "status": "NEW",
        "log_output": "",
        "created": "2022-06-09T14:58:25.679",
        "started": null,
        "finished": null,
        "user": 35,
        "batch": 48,
        "pc": 31
    }
},
{
    "model": "system.job",
    "pk": 179,
    "fields": {
        "status": "NEW",
        "log_output": "",
        "created": "2022-06-09T14:58:25.681",
        "started": null,
        "finished": null,
        "user": 35,
        "batch": 49,
        "pc": 1
    }
},
{
    "model": "system.job",
    "pk": 180,
    "fields": {
        "status": "NEW",
        "log_output": "",
        "created": "2022-06-09T14:58:25.682",
        "started": null,
        "finished": null,
        "user": 35,
        "batch": 49,
        "pc": 22
    }
},
{
    "model": "system.job",
    "pk": 181,
    "fields": {
        "status": "NEW",
        "log_output": "",
        "created": "2022-06-09T14:58:25.682",
        "started": null,
        "finished": null,
        "user": 35,
        "batch": 49,
        "pc": 24
    }
},
{
    "model": "system.job",
    "pk": 182,
    "fields": {
        "status": "NEW",
        "log_output": "",
        "created": "2022-06-09T14:58:25.683",
        "started": null,
        "finished": null,
        "user": 35,
        "batch": 49,
        "pc": 25
    }
},
{
    "model": "system.job",
    "pk": 183,
    "fields": {
        "status": "NEW",
        "log_output": "",
        "created": "2022-06-09T14:58:25.683",
        "started": null,
        "finished": null,
        "user": 35,
        "batch": 49,
        "pc": 26
    }
},
{
    "model": "system.job",
    "pk": 184,
    "fields": {
        "status": "NEW",
        "log_output": "",
        "created": "2022-06-09T14:58:25.684",
        "started": null,
        "finished": null,
        "user": 35,
        "batch": 49,
        "pc": 31
    }
},
{
    "model": "system.job",
    "pk": 185,
    "fields": {
        "status": "NEW",
        "log_output": "",
        "created": "2022-06-09T14:58:25.686",
        "started": null,
        "finished": null,
        "user": 35,
        "batch": 50,
        "pc": 1
    }
},
{
    "model": "system.job",
    "pk": 186,
    "fields": {
        "status": "NEW",
        "log_output": "",
        "created": "2022-06-09T14:58:25.687",
        "started": null,
        "finished": null,
        "user": 35,
        "batch": 50,
        "pc": 22
    }
},
{
    "model": "system.job",
    "pk": 187,
    "fields": {
        "status": "NEW",
        "log_output": "",
        "created": "2022-06-09T14:58:25.687",
        "started": null,
        "finished": null,
        "user": 35,
        "batch": 50,
        "pc": 24
    }
},
{
    "model": "system.job",
    "pk": 188,
    "fields": {
        "status": "NEW",
        "log_output": "",
        "created": "2022-06-09T14:58:25.688",
        "started": null,
        "finished": null,
        "user": 35,
        "batch": 50,
        "pc": 25
    }
},
{
    "model": "system.job",
    "pk": 189,
    "fields": {
        "status": "NEW",
        "log_output": "",
        "created": "2022-06-09T14:58:25.688",
        "started": null,
        "finished": null,
        "user": 35,
        "batch": 50,
        "pc": 26
    }
},
{
    "model": "system.job",
    "pk": 190,
    "fields": {
        "status": "NEW",
        "log_output": "",
        "created": "2022-06-09T14:58:25.689",
        "started": null,
        "finished": null,
        "user": 35,
        "batch": 50,
        "pc": 31
    }
},
{
    "model": "system.job",
    "pk": 191,
    "fields": {
        "status": "NEW",
        "log_output": "",
        "created": "2022-06-09T14:58:25.691",
        "started": null,
        "finished": null,
        "user": 35,
        "batch": 51,
        "pc": 1
    }
},
{
    "model": "system.job",
    "pk": 192,
    "fields": {
        "status": "NEW",
        "log_output": "",
        "created": "2022-06-09T14:58:25.691",
        "started": null,
        "finished": null,
        "user": 35,
        "batch": 51,
        "pc": 22
    }
},
{
    "model": "system.job",
    "pk": 193,
    "fields": {
        "status": "NEW",
        "log_output": "",
        "created": "2022-06-09T14:58:25.692",
        "started": null,
        "finished": null,
        "user": 35,
        "batch": 51,
        "pc": 24
    }
},
{
    "model": "system.job",
    "pk": 194,
    "fields": {
        "status": "NEW",
        "log_output": "",
        "created": "2022-06-09T14:58:25.692",
        "started": null,
        "finished": null,
        "user": 35,
        "batch": 51,
        "pc": 25
    }
},
{
    "model": "system.job",
    "pk": 195,
    "fields": {
        "status": "NEW",
        "log_output": "",
        "created": "2022-06-09T14:58:25.693",
        "started": null,
        "finished": null,
        "user": 35,
        "batch": 51,
        "pc": 26
    }
},
{
    "model": "system.job",
    "pk": 196,
    "fields": {
        "status": "NEW",
        "log_output": "",
        "created": "2022-06-09T14:58:25.693",
        "started": null,
        "finished": null,
        "user": 35,
        "batch": 51,
        "pc": 31
    }
},
{
    "model": "system.job",
    "pk": 197,
    "fields": {
        "status": "NEW",
        "log_output": "",
        "created": "2022-06-09T14:58:25.696",
        "started": null,
        "finished": null,
        "user": 35,
        "batch": 52,
        "pc": 1
    }
},
{
    "model": "system.job",
    "pk": 198,
    "fields": {
        "status": "NEW",
        "log_output": "",
        "created": "2022-06-09T14:58:25.697",
        "started": null,
        "finished": null,
        "user": 35,
        "batch": 52,
        "pc": 22
    }
},
{
    "model": "system.job",
    "pk": 199,
    "fields": {
        "status": "NEW",
        "log_output": "",
        "created": "2022-06-09T14:58:25.697",
        "started": null,
        "finished": null,
        "user": 35,
        "batch": 52,
        "pc": 24
    }
},
{
    "model": "system.job",
    "pk": 200,
    "fields": {
        "status": "NEW",
        "log_output": "",
        "created": "2022-06-09T14:58:25.698",
        "started": null,
        "finished": null,
        "user": 35,
        "batch": 52,
        "pc": 25
    }
},
{
    "model": "system.job",
    "pk": 201,
    "fields": {
        "status": "NEW",
        "log_output": "",
        "created": "2022-06-09T14:58:25.698",
        "started": null,
        "finished": null,
        "user": 35,
        "batch": 52,
        "pc": 26
    }
},
{
    "model": "system.job",
    "pk": 202,
    "fields": {
        "status": "NEW",
        "log_output": "",
        "created": "2022-06-09T14:58:25.699",
        "started": null,
        "finished": null,
        "user": 35,
        "batch": 52,
        "pc": 31
    }
},
{
    "model": "system.job",
    "pk": 203,
    "fields": {
        "status": "NEW",
        "log_output": "",
        "created": "2022-06-09T14:58:25.701",
        "started": null,
        "finished": null,
        "user": 35,
        "batch": 53,
        "pc": 1
    }
},
{
    "model": "system.job",
    "pk": 204,
    "fields": {
        "status": "NEW",
        "log_output": "",
        "created": "2022-06-09T14:58:25.701",
        "started": null,
        "finished": null,
        "user": 35,
        "batch": 53,
        "pc": 22
    }
},
{
    "model": "system.job",
    "pk": 205,
    "fields": {
        "status": "NEW",
        "log_output": "",
        "created": "2022-06-09T14:58:25.702",
        "started": null,
        "finished": null,
        "user": 35,
        "batch": 53,
        "pc": 24
    }
},
{
    "model": "system.job",
    "pk": 206,
    "fields": {
        "status": "NEW",
        "log_output": "",
        "created": "2022-06-09T14:58:25.702",
        "started": null,
        "finished": null,
        "user": 35,
        "batch": 53,
        "pc": 25
    }
},
{
    "model": "system.job",
    "pk": 215,
    "fields": {
        "status": "NEW",
        "log_output": "",
        "created": "2022-06-09T14:58:25.709",
        "started": null,
        "finished": null,
        "user": 35,
        "batch": 55,
        "pc": 1
    }
},
{
    "model": "system.job",
    "pk": 216,
    "fields": {
        "status": "NEW",
        "log_output": "",
        "created": "2022-06-09T14:58:25.709",
        "started": null,
        "finished": null,
        "user": 35,
        "batch": 55,
        "pc": 22
    }
},
{
    "model": "system.job",
    "pk": 217,
    "fields": {
        "status": "NEW",
        "log_output": "",
        "created": "2022-06-09T14:58:25.710",
        "started": null,
        "finished": null,
        "user": 35,
        "batch": 55,
        "pc": 24
    }
},
{
    "model": "system.job",
    "pk": 218,
    "fields": {
        "status": "NEW",
        "log_output": "",
        "created": "2022-06-09T14:58:25.710",
        "started": null,
        "finished": null,
        "user": 35,
        "batch": 55,
        "pc": 25
    }
},
{
    "model": "system.job",
    "pk": 219,
    "fields": {
        "status": "NEW",
        "log_output": "",
        "created": "2022-06-09T14:58:25.711",
        "started": null,
        "finished": null,
        "user": 35,
        "batch": 55,
        "pc": 26
    }
},
{
    "model": "system.job",
    "pk": 220,
    "fields": {
        "status": "NEW",
        "log_output": "",
        "created": "2022-06-09T14:58:25.711",
        "started": null,
        "finished": null,
        "user": 35,
        "batch": 55,
        "pc": 31
    }
},
{
    "model": "system.job",
    "pk": 221,
    "fields": {
        "status": "NEW",
        "log_output": "",
        "created": "2022-06-09T14:58:25.714",
        "started": null,
        "finished": null,
        "user": 35,
        "batch": 56,
        "pc": 1
    }
},
{
    "model": "system.job",
    "pk": 222,
    "fields": {
        "status": "NEW",
        "log_output": "",
        "created": "2022-06-09T14:58:25.715",
        "started": null,
        "finished": null,
        "user": 35,
        "batch": 56,
        "pc": 22
    }
},
{
    "model": "system.job",
    "pk": 223,
    "fields": {
        "status": "NEW",
        "log_output": "",
        "created": "2022-06-09T14:58:25.716",
        "started": null,
        "finished": null,
        "user": 35,
        "batch": 56,
        "pc": 24
    }
},
{
    "model": "system.job",
    "pk": 224,
    "fields": {
        "status": "NEW",
        "log_output": "",
        "created": "2022-06-09T14:58:25.716",
        "started": null,
        "finished": null,
        "user": 35,
        "batch": 56,
        "pc": 25
    }
},
{
    "model": "system.job",
    "pk": 225,
    "fields": {
        "status": "NEW",
        "log_output": "",
        "created": "2022-06-09T14:58:25.717",
        "started": null,
        "finished": null,
        "user": 35,
        "batch": 56,
        "pc": 26
    }
},
{
    "model": "system.job",
    "pk": 226,
    "fields": {
        "status": "NEW",
        "log_output": "",
        "created": "2022-06-09T14:58:25.718",
        "started": null,
        "finished": null,
        "user": 35,
        "batch": 56,
        "pc": 31
    }
},
{
    "model": "system.job",
    "pk": 227,
    "fields": {
        "status": "NEW",
        "log_output": "",
        "created": "2022-06-09T14:58:25.720",
        "started": null,
        "finished": null,
        "user": 35,
        "batch": 57,
        "pc": 1
    }
},
{
    "model": "system.job",
    "pk": 228,
    "fields": {
        "status": "NEW",
        "log_output": "",
        "created": "2022-06-09T14:58:25.721",
        "started": null,
        "finished": null,
        "user": 35,
        "batch": 57,
        "pc": 22
    }
},
{
    "model": "system.job",
    "pk": 229,
    "fields": {
        "status": "NEW",
        "log_output": "",
        "created": "2022-06-09T14:58:25.721",
        "started": null,
        "finished": null,
        "user": 35,
        "batch": 57,
        "pc": 24
    }
},
{
    "model": "system.job",
    "pk": 230,
    "fields": {
        "status": "NEW",
        "log_output": "",
        "created": "2022-06-09T14:58:25.722",
        "started": null,
        "finished": null,
        "user": 35,
        "batch": 57,
        "pc": 25
    }
},
{
    "model": "system.job",
    "pk": 231,
    "fields": {
        "status": "NEW",
        "log_output": "",
        "created": "2022-06-09T14:58:25.722",
        "started": null,
        "finished": null,
        "user": 35,
        "batch": 57,
        "pc": 26
    }
},
{
    "model": "system.job",
    "pk": 232,
    "fields": {
        "status": "NEW",
        "log_output": "",
        "created": "2022-06-09T14:58:25.723",
        "started": null,
        "finished": null,
        "user": 35,
        "batch": 57,
        "pc": 31
    }
},
{
    "model": "system.job",
    "pk": 233,
    "fields": {
        "status": "NEW",
        "log_output": "",
        "created": "2022-06-09T14:58:25.725",
        "started": null,
        "finished": null,
        "user": 35,
        "batch": 58,
        "pc": 1
    }
},
{
    "model": "system.job",
    "pk": 234,
    "fields": {
        "status": "NEW",
        "log_output": "",
        "created": "2022-06-09T14:58:25.725",
        "started": null,
        "finished": null,
        "user": 35,
        "batch": 58,
        "pc": 22
    }
},
{
    "model": "system.job",
    "pk": 235,
    "fields": {
        "status": "NEW",
        "log_output": "",
        "created": "2022-06-09T14:58:25.726",
        "started": null,
        "finished": null,
        "user": 35,
        "batch": 58,
        "pc": 24
    }
},
{
    "model": "system.job",
    "pk": 236,
    "fields": {
        "status": "NEW",
        "log_output": "",
        "created": "2022-06-09T14:58:25.726",
        "started": null,
        "finished": null,
        "user": 35,
        "batch": 58,
        "pc": 25
    }
},
{
    "model": "system.job",
    "pk": 237,
    "fields": {
        "status": "NEW",
        "log_output": "",
        "created": "2022-06-09T14:58:25.727",
        "started": null,
        "finished": null,
        "user": 35,
        "batch": 58,
        "pc": 26
    }
},
{
    "model": "system.job",
    "pk": 238,
    "fields": {
        "status": "NEW",
        "log_output": "",
        "created": "2022-06-09T14:58:25.727",
        "started": null,
        "finished": null,
        "user": 35,
        "batch": 58,
        "pc": 31
    }
},
{
    "model": "system.job",
    "pk": 239,
    "fields": {
        "status": "NEW",
        "log_output": "",
        "created": "2023-05-08T14:14:59.762",
        "started": null,
        "finished": null,
        "user": 35,
        "batch": 59,
        "pc": 26
    }
},
{
    "model": "system.job",
    "pk": 240,
    "fields": {
        "status": "NEW",
        "log_output": "",
        "created": "2023-05-08T14:14:59.764",
        "started": null,
        "finished": null,
        "user": 35,
        "batch": 59,
        "pc": 28
    }
},
{
    "model": "system.job",
    "pk": 241,
    "fields": {
        "status": "NEW",
        "log_output": "",
        "created": "2023-05-08T14:14:59.765",
        "started": null,
        "finished": null,
        "user": 35,
        "batch": 59,
        "pc": 23
    }
},
{
    "model": "system.job",
    "pk": 242,
    "fields": {
        "status": "NEW",
        "log_output": "",
        "created": "2023-05-08T14:18:45.340",
        "started": null,
        "finished": null,
        "user": 35,
        "batch": 60,
        "pc": 26
    }
},
{
    "model": "system.job",
    "pk": 243,
    "fields": {
        "status": "NEW",
        "log_output": "",
        "created": "2023-05-08T14:18:45.341",
        "started": null,
        "finished": null,
        "user": 35,
        "batch": 60,
        "pc": 28
    }
},
{
    "model": "system.job",
    "pk": 244,
    "fields": {
        "status": "NEW",
        "log_output": "",
        "created": "2023-05-08T14:18:45.341",
        "started": null,
        "finished": null,
        "user": 35,
        "batch": 60,
        "pc": 23
    }
},
{
    "model": "system.input",
    "pk": 1,
    "fields": {
        "name": "Ja/Nej/Fjern",
        "value_type": "STRING",
        "default_value": null,
        "position": 0,
        "mandatory": true,
        "script": 5
    }
},
{
    "model": "system.input",
    "pk": 2,
    "fields": {
        "name": "URL",
        "value_type": "STRING",
        "default_value": "",
        "position": 0,
        "mandatory": true,
        "script": 9
    }
},
{
    "model": "system.input",
    "pk": 3,
    "fields": {
        "name": "Aktivr?",
        "value_type": "STRING",
        "default_value": null,
        "position": 0,
        "mandatory": true,
        "script": 11
    }
},
{
    "model": "system.input",
    "pk": 4,
    "fields": {
        "name": "Baggrundsbillede",
        "value_type": "FILE",
        "default_value": null,
        "position": 0,
        "mandatory": true,
        "script": 13
    }
},
{
    "model": "system.input",
    "pk": 5,
    "fields": {
        "name": "Aktivr?",
        "value_type": "STRING",
        "default_value": null,
        "position": 0,
        "mandatory": true,
        "script": 14
    }
},
{
    "model": "system.input",
    "pk": 6,
    "fields": {
        "name": "Interval",
        "value_type": "INT",
        "default_value": null,
        "position": 0,
        "mandatory": true,
        "script": 16
    }
},
{
    "model": "system.input",
    "pk": 7,
    "fields": {
        "name": "vncpassword",
        "value_type": "STRING",
        "default_value": null,
        "position": 0,
        "mandatory": true,
        "script": 18
    }
},
{
    "model": "system.input",
    "pk": 8,
    "fields": {
        "name": "forsinkelse",
        "value_type": "STRING",
        "default_value": null,
        "position": 0,
        "mandatory": true,
        "script": 19
    }
},
{
    "model": "system.input",
    "pk": 9,
    "fields": {
        "name": "URL",
        "value_type": "STRING",
        "default_value": null,
        "position": 1,
        "mandatory": true,
        "script": 19
    }
},
{
    "model": "system.input",
    "pk": 10,
    "fields": {
        "name": "bredde",
        "value_type": "STRING",
        "default_value": null,
        "position": 2,
        "mandatory": true,
        "script": 19
    }
},
{
    "model": "system.input",
    "pk": 11,
    "fields": {
        "name": "hjde",
        "value_type": "STRING",
        "default_value": null,
        "position": 3,
        "mandatory": true,
        "script": 19
    }
},
{
    "model": "system.input",
    "pk": 12,
    "fields": {
        "name": "orientering",
        "value_type": "STRING",
        "default_value": null,
        "position": 4,
        "mandatory": true,
        "script": 19
    }
},
{
    "model": "system.input",
    "pk": 13,
    "fields": {
        "name": "action",
        "value_type": "STRING",
        "default_value": null,
        "position": 0,
        "mandatory": true,
        "script": 20
    }
},
{
    "model": "system.input",
    "pk": 14,
    "fields": {
        "name": "Aktiver generelle opdateringer (sikkerhed/alt)",
        "value_type": "STRING",
        "default_value": null,
        "position": 0,
        "mandatory": true,
        "script": 21
    }
},
{
    "model": "system.input",
    "pk": 15,
    "fields": {
        "name": "minutter",
        "value_type": "STRING",
        "default_value": null,
        "position": 0,
        "mandatory": true,
        "script": 22
    }
},
{
    "model": "system.input",
    "pk": 16,
    "fields": {
        "name": "password",
        "value_type": "STRING",
        "default_value": null,
        "position": 0,
        "mandatory": true,
        "script": 24
    }
},
{
    "model": "system.input",
    "pk": 17,
    "fields": {
        "name": "minutter",
        "value_type": "STRING",
        "default_value": null,
        "position": 0,
        "mandatory": true,
        "script": 25
    }
},
{
    "model": "system.input",
    "pk": 18,
    "fields": {
        "name": "Tid til dialog bliver vist",
        "value_type": "STRING",
        "default_value": null,
        "position": 0,
        "mandatory": true,
        "script": 26
    }
},
{
    "model": "system.input",
    "pk": 19,
    "fields": {
        "name": "Tid til brugeren bliver logget ud",
        "value_type": "STRING",
        "default_value": null,
        "position": 1,
        "mandatory": true,
        "script": 26
    }
},
{
    "model": "system.input",
    "pk": 20,
    "fields": {
        "name": "Tekst som bliver vist i dialogboksen",
        "value_type": "STRING",
        "default_value": null,
        "position": 2,
        "mandatory": true,
        "script": 26
    }
},
{
    "model": "system.input",
    "pk": 21,
    "fields": {
        "name": "Tekst som bliver vist p dialogboks knappen",
        "value_type": "STRING",
        "default_value": null,
        "position": 3,
        "mandatory": true,
        "script": 26
    }
},
{
    "model": "system.input",
    "pk": 22,
    "fields": {
        "name": "timer",
        "value_type": "STRING",
        "default_value": null,
        "position": 0,
        "mandatory": true,
        "script": 28
    }
},
{
    "model": "system.input",
    "pk": 23,
    "fields": {
        "name": "minutter",
        "value_type": "STRING",
        "default_value": null,
        "position": 1,
        "mandatory": true,
        "script": 28
    }
},
{
    "model": "system.input",
    "pk": 24,
    "fields": {
        "name": "timer",
        "value_type": "STRING",
        "default_value": null,
        "position": 0,
        "mandatory": true,
        "script": 29
    }
},
{
    "model": "system.input",
    "pk": 25,
    "fields": {
        "name": "minutter",
        "value_type": "STRING",
        "default_value": null,
        "position": 1,
        "mandatory": true,
        "script": 29
    }
},
{
    "model": "system.input",
    "pk": 26,
    "fields": {
        "name": "timer til opvgning",
        "value_type": "STRING",
        "default_value": null,
        "position": 2,
        "mandatory": true,
        "script": 29
    }
},
{
    "model": "system.input",
    "pk": 27,
    "fields": {
        "name": "Retning ('normal', 'left' eller 'right')",
        "value_type": "STRING",
        "default_value": null,
        "position": 0,
        "mandatory": true,
        "script": 31
    }
},
{
    "model": "system.input",
    "pk": 28,
    "fields": {
        "name": "Lydudgang (f.eks. hdmi eller analog)",
        "value_type": "STRING",
        "default_value": null,
        "position": 0,
        "mandatory": true,
        "script": 33
    }
},
{
    "model": "system.input",
    "pk": 29,
    "fields": {
        "name": "navn",
        "value_type": "STRING",
        "default_value": null,
        "position": 0,
        "mandatory": true,
        "script": 34
    }
},
{
    "model": "system.input",
    "pk": 30,
    "fields": {
        "name": "password",
        "value_type": "PASSWORD",
        "default_value": "",
        "position": 0,
        "mandatory": true,
        "script": 35
    }
},
{
    "model": "system.input",
    "pk": 31,
    "fields": {
        "name": "password_igen",
        "value_type": "PASSWORD",
        "default_value": "",
        "position": 1,
        "mandatory": true,
        "script": 35
    }
},
{
    "model": "system.input",
    "pk": 32,
    "fields": {
        "name": "password",
        "value_type": "PASSWORD",
        "default_value": "",
        "position": 0,
        "mandatory": true,
        "script": 36
    }
},
{
    "model": "system.input",
    "pk": 33,
    "fields": {
        "name": "password_igen",
        "value_type": "PASSWORD",
        "default_value": "",
        "position": 1,
        "mandatory": true,
        "script": 36
    }
},
{
    "model": "system.input",
    "pk": 54,
    "fields": {
        "name": "Tekst",
        "value_type": "STRING",
        "default_value": null,
        "position": 0,
        "mandatory": true,
        "script": 60
    }
},
{
    "model": "system.input",
    "pk": 55,
    "fields": {
        "name": "Billede",
        "value_type": "FILE",
        "default_value": null,
        "position": 0,
        "mandatory": true,
        "script": 61
    }
},
{
    "model": "system.input",
    "pk": 56,
    "fields": {
        "name": "Navn p genvejen",
        "value_type": "STRING",
        "default_value": null,
        "position": 0,
        "mandatory": true,
        "script": 68
    }
},
{
    "model": "system.input",
    "pk": 57,
    "fields": {
        "name": "Bekrftelse p logud? (ja/nej)",
        "value_type": "STRING",
        "default_value": null,
        "position": 1,
        "mandatory": true,
        "script": 68
    }
},
{
    "model": "system.input",
    "pk": 58,
    "fields": {
        "name": "Ikon til genvejen",
        "value_type": "FILE",
        "default_value": null,
        "position": 2,
        "mandatory": true,
        "script": 68
    }
},
{
    "model": "system.input",
    "pk": 62,
    "fields": {
        "name": "fs",
        "value_type": "STRING",
        "default_value": null,
        "position": 1,
        "mandatory": true,
        "script": 61
    }
},
{
    "model": "system.input",
    "pk": 63,
    "fields": {
        "name": "Aktivr? (ja/nej)",
        "value_type": "STRING",
        "default_value": null,
        "position": 0,
        "mandatory": true,
        "script": 75
    }
},
{
    "model": "system.input",
    "pk": 64,
    "fields": {
        "name": "Aktiver?: ja / nej",
        "value_type": "STRING",
        "default_value": null,
        "position": 0,
        "mandatory": true,
        "script": 74
    }
},
{
    "model": "system.input",
    "pk": 65,
    "fields": {
        "name": "Minutter til logud",
        "value_type": "INT",
        "default_value": null,
        "position": 1,
        "mandatory": true,
        "script": 74
    }
},
{
    "model": "system.input",
    "pk": 66,
    "fields": {
        "name": "Logud-vindue x-position",
        "value_type": "INT",
        "default_value": null,
        "position": 2,
        "mandatory": true,
        "script": 74
    }
},
{
    "model": "system.input",
    "pk": 67,
    "fields": {
        "name": "Logud-vindue y-position",
        "value_type": "INT",
        "default_value": null,
        "position": 3,
        "mandatory": true,
        "script": 74
    }
},
{
    "model": "system.input",
    "pk": 68,
    "fields": {
        "name": "URL",
        "value_type": "STRING",
        "default_value": null,
        "position": 0,
        "mandatory": true,
        "script": 77
    }
},
{
    "model": "system.input",
    "pk": 69,
    "fields": {
        "name": "Aktivr? (ja/nej)",
        "value_type": "STRING",
        "default_value": null,
        "position": 0,
        "mandatory": true,
        "script": 78
    }
},
{
    "model": "system.input",
    "pk": 70,
    "fields": {
        "name": "Sikkerhedsngle",
        "value_type": "STRING",
        "default_value": null,
        "position": 1,
        "mandatory": true,
        "script": 78
    }
},
{
    "model": "system.input",
    "pk": 71,
    "fields": {
        "name": "Aktivr? (ja: fjern skriverettighed / nej: giv skriverettighed)",
        "value_type": "STRING",
        "default_value": null,
        "position": 0,
        "mandatory": true,
        "script": 80
    }
},
{
    "model": "system.input",
    "pk": 78,
    "fields": {
        "name": "Mandag tnd",
        "value_type": "STRING",
        "default_value": null,
        "position": 0,
        "mandatory": true,
        "script": 82
    }
},
{
    "model": "system.input",
    "pk": 79,
    "fields": {
        "name": "Mandag slukket",
        "value_type": "STRING",
        "default_value": null,
        "position": 1,
        "mandatory": true,
        "script": 82
    }
},
{
    "model": "system.input",
    "pk": 80,
    "fields": {
        "name": "Tirsdag tnd",
        "value_type": "STRING",
        "default_value": null,
        "position": 2,
        "mandatory": true,
        "script": 82
    }
},
{
    "model": "system.input",
    "pk": 81,
    "fields": {
        "name": "Tirsdag slukket",
        "value_type": "STRING",
        "default_value": null,
        "position": 3,
        "mandatory": true,
        "script": 82
    }
},
{
    "model": "system.input",
    "pk": 82,
    "fields": {
        "name": "Onsdag tnd",
        "value_type": "STRING",
        "default_value": null,
        "position": 4,
        "mandatory": true,
        "script": 82
    }
},
{
    "model": "system.input",
    "pk": 83,
    "fields": {
        "name": "Onsdag slukket",
        "value_type": "STRING",
        "default_value": null,
        "position": 5,
        "mandatory": true,
        "script": 82
    }
},
{
    "model": "system.input",
    "pk": 84,
    "fields": {
        "name": "Torsdag tnd",
        "value_type": "STRING",
        "default_value": null,
        "position": 6,
        "mandatory": true,
        "script": 82
    }
},
{
    "model": "system.input",
    "pk": 85,
    "fields": {
        "name": "Torsdag slukket",
        "value_type": "STRING",
        "default_value": null,
        "position": 7,
        "mandatory": true,
        "script": 82
    }
},
{
    "model": "system.input",
    "pk": 86,
    "fields": {
        "name": "Fredag tnd",
        "value_type": "STRING",
        "default_value": null,
        "position": 8,
        "mandatory": true,
        "script": 82
    }
},
{
    "model": "system.input",
    "pk": 87,
    "fields": {
        "name": "Fredag slukket",
        "value_type": "STRING",
        "default_value": null,
        "position": 9,
        "mandatory": true,
        "script": 82
    }
},
{
    "model": "system.input",
    "pk": 88,
    "fields": {
        "name": "Lrdag tnd",
        "value_type": "STRING",
        "default_value": null,
        "position": 10,
        "mandatory": true,
        "script": 82
    }
},
{
    "model": "system.input",
    "pk": 89,
    "fields": {
        "name": "Lrdag slukket",
        "value_type": "STRING",
        "default_value": null,
        "position": 11,
        "mandatory": true,
        "script": 82
    }
},
{
    "model": "system.input",
    "pk": 90,
    "fields": {
        "name": "Sndag tnd",
        "value_type": "STRING",
        "default_value": null,
        "position": 12,
        "mandatory": true,
        "script": 82
    }
},
{
    "model": "system.input",
    "pk": 91,
    "fields": {
        "name": "Sndag slukket",
        "value_type": "STRING",
        "default_value": null,
        "position": 13,
        "mandatory": true,
        "script": 82
    }
},
{
    "model": "system.input",
    "pk": 92,
    "fields": {
        "name": "Undtagelser",
        "value_type": "STRING",
        "default_value": null,
        "position": 14,
        "mandatory": true,
        "script": 82
    }
},
{
    "model": "system.input",
    "pk": 93,
    "fields": {
        "name": "Dvaletilstand",
        "value_type": "STRING",
        "default_value": null,
        "position": 15,
        "mandatory": true,
        "script": 82
    }
},
{
    "model": "system.input",
    "pk": 95,
    "fields": {
        "name": "test",
        "value_type": "STRING",
        "default_value": "",
        "position": 0,
        "mandatory": false,
        "script": 84
    }
},
{
    "model": "system.batchparameter",
    "pk": 1,
    "fields": {
        "string_value": "https://magenta.dk",
        "file_value": "",
        "input": 2,
        "batch": 5
    }
},
{
    "model": "system.batchparameter",
    "pk": 2,
    "fields": {
        "string_value": "left",
        "file_value": "",
        "input": 27,
        "batch": 7
    }
},
{
    "model": "system.batchparameter",
    "pk": 3,
    "fields": {
        "string_value": "https://magenta.dk",
        "file_value": "",
        "input": 2,
        "batch": 12
    }
},
{
    "model": "system.batchparameter",
    "pk": 4,
    "fields": {
        "string_value": "left",
        "file_value": "",
        "input": 27,
        "batch": 14
    }
},
{
    "model": "system.batchparameter",
    "pk": 5,
    "fields": {
        "string_value": "sfs",
        "file_value": "",
        "input": 68,
        "batch": 30
    }
},
{
    "model": "system.batchparameter",
    "pk": 6,
    "fields": {
        "string_value": "kk.dk",
        "file_value": "",
        "input": 2,
        "batch": 43
    }
},
{
    "model": "system.batchparameter",
    "pk": 7,
    "fields": {
        "string_value": "hey",
        "file_value": "",
        "input": 32,
        "batch": 59
    }
},
{
    "model": "system.batchparameter",
    "pk": 8,
    "fields": {
        "string_value": "hey",
        "file_value": "",
        "input": 33,
        "batch": 59
    }
},
{
    "model": "system.batchparameter",
    "pk": 9,
    "fields": {
        "string_value": "",
        "file_value": "",
        "input": 95,
        "batch": 60
    }
},
{
    "model": "system.associatedscriptparameter",
    "pk": 5,
    "fields": {
        "string_value": "kk.dk",
        "file_value": "",
        "input": 2,
        "associated_script": 7
    }
},
{
    "model": "system.associatedscriptparameter",
    "pk": 6,
    "fields": {
        "string_value": "https://magenta.dk",
        "file_value": "",
        "input": 2,
        "associated_script": 16
    }
},
{
    "model": "system.associatedscriptparameter",
    "pk": 7,
    "fields": {
        "string_value": "left",
        "file_value": "",
        "input": 27,
        "associated_script": 18
    }
},
{
    "model": "system.associatedscriptparameter",
    "pk": 10,
    "fields": {
        "string_value": "woop",
        "file_value": "",
        "input": 32,
        "associated_script": 36
    }
},
{
    "model": "system.associatedscriptparameter",
    "pk": 11,
    "fields": {
        "string_value": "hey",
        "file_value": "",
        "input": 33,
        "associated_script": 36
    }
},
{
    "model": "system.associatedscriptparameter",
    "pk": 12,
    "fields": {
        "string_value": "",
        "file_value": "",
        "input": 95,
        "associated_script": 37
    }
},
{
    "model": "system.securityproblem",
    "pk": 1,
    "fields": {
        "name": "Ping advarsel",
        "description": "Ping!",
        "level": "Normal",
        "site": 1,
        "security_script": 56,
        "alert_groups": [
            1
        ],
        "alert_users": []
    }
},
{
    "model": "system.securityproblem",
    "pk": 4,
    "fields": {
        "name": "Sudo-advarsel",
        "description": "a",
        "level": "High",
        "site": 1,
        "security_script": 1,
        "alert_groups": [
            10
        ],
        "alert_users": []
    }
},
{
    "model": "system.securityproblem",
    "pk": 5,
    "fields": {
        "name": "Keyboard-advarsel",
        "description": "",
        "level": "High",
        "site": 1,
        "security_script": 2,
        "alert_groups": [
            10
        ],
        "alert_users": []
    }
},
{
    "model": "system.securityproblem",
    "pk": 6,
    "fields": {
        "name": "Detekter lst/udlbet bruger",
        "description": "abc",
        "level": "High",
        "site": 1,
        "security_script": 81,
        "alert_groups": [
            10
        ],
        "alert_users": []
    }
},
{
    "model": "system.eventruleserver",
    "pk": 1,
    "fields": {
        "name": "Maksimal offline-periode i Trnet",
        "description": "Det kan vi ikke have.",
        "level": "High",
        "site": 1,
        "monitor_period_start": "08:00:00",
        "monitor_period_end": "16:00:00",
        "maximum_offline_period": 25,
        "alert_groups": [],
        "alert_users": []
    }
},
{
    "model": "system.eventruleserver",
    "pk": 2,
    "fields": {
        "name": "Maksimal offline-periode i Vinterhaven",
        "description": "Den gr ikke!",
        "level": "High",
        "site": 1,
        "monitor_period_start": "10:00:00",
        "monitor_period_end": "12:00:00",
        "maximum_offline_period": 15,
        "alert_groups": [],
        "alert_users": []
    }
},
{
    "model": "system.securityevent",
    "pk": 1,
    "fields": {
        "problem": 5,
        "event_rule_server": null,
        "occurred_time": "2022-08-05T11:07:20",
        "reported_time": "2022-08-05T11:07:26",
        "pc": 8,
        "summary": "Testing 123",
        "complete_log": "Log 123",
        "status": "NEW",
        "assigned_user": null,
        "note": ""
    }
},
{
    "model": "system.securityevent",
    "pk": 2,
    "fields": {
        "problem": 5,
        "event_rule_server": null,
        "occurred_time": "2022-08-05T11:08:02",
        "reported_time": "2022-08-05T11:08:16",
        "pc": 26,
        "summary": "Aug 3 13:43:50 os2borgerpc sudo: root : TTY=pts/0 ; PWD=/ ; USER=root ; COMMAND=/usr/bin/chmod 500 /usr/lib/cups/backend/princh",
        "complete_log": "Log 1 2 3 4",
        "status": "RESOLVED",
        "assigned_user": null,
        "note": ""
    }
},
{
    "model": "system.securityevent",
    "pk": 3,
    "fields": {
        "problem": 1,
        "event_rule_server": null,
        "occurred_time": "2022-08-05T11:08:53",
        "reported_time": "2022-08-05T11:08:56",
        "pc": 26,
        "summary": "Test log opsummering",
        "complete_log": "Test log",
        "status": "ASSIGNED",
        "assigned_user": 35,
        "note": "En note"
    }
},
{
    "model": "system.securityevent",
    "pk": 4,
    "fields": {
        "problem": 4,
        "event_rule_server": null,
        "occurred_time": "2022-08-05T11:10:48",
        "reported_time": "2022-08-05T13:10:51",
        "pc": 9,
        "summary": "Apr 18 11:02:55 HEY sudo:     root : TTY=pts/1 ; PWD=/ ; USER=mdatp ; COMMAND=/usr/bin/curl -s -S -d {#012        \"client\": {#012            \"appVersion\": \"101.98.58\"#012            \"hostname\": \"HEY\"#012            \"platform\": \"Linux\"#012            \"machineGuid\": \"sdfsfs-12313-sfdsf\"#012            \"orgId\": \"sdfsdfs-121231-sdfsfsdf-123231\"#012            \"productGuid\":\"sdfdfsfs-123131-sfsdfs-s-3131\"#012        }#012        \"reports\":[#012            {#012                \"$type\":\"installationReport\"#012                \"correlation_id\": \"sdfsdfdsd-1231231231-sfsfsfs-12312313\"#012                \"version\": \"101.98.58\"#012                \"severity\": \"I\"#012                \"code\":\"UpgradeSucceeded\"#012                \"text\":\"\"#012            }#012        ]#012    } -X POST --max-time 5 --connect-timeout 5 https://x.cp.wd.microsoft.com/api/report",
        "complete_log": "",
        "status": "NEW",
        "assigned_user": 35,
        "note": "Note"
    }
},
{
    "model": "system.securityevent",
    "pk": 5,
    "fields": {
        "problem": 4,
        "event_rule_server": null,
        "occurred_time": "2022-08-05T11:21:35",
        "reported_time": "2022-08-05T11:25:38",
        "pc": 26,
        "summary": "Aug 3 13:43:50 os2borgerpc sudo: root : TTY=pts/0 ; PWD=/ ; USER=root ; COMMAND=/usr/bin/chmod 500 /usr/lib/cups/backend/princh",
        "complete_log": "",
        "status": "NEW",
        "assigned_user": null,
        "note": ""
    }
},
{
    "model": "system.imageversion",
    "pk": 2,
    "fields": {
        "platform": "BORGERPC_KIOSK",
        "image_version": "1.0.0",
        "release_date": "2021-02-02",
        "os": "Ubuntu 20.04",
        "release_notes": "OS2displayPC (OS2borgerPC Server) 1.0.0 med Ubuntu 20.04.",
        "image_upload": "images/os2displaypc-1.0.0.iso"
    }
},
{
    "model": "system.imageversion",
    "pk": 3,
    "fields": {
        "platform": "BORGERPC",
        "image_version": "3.0.0",
        "release_date": "2021-05-12",
        "os": "Ubuntu 20.04",
        "release_notes": "OS2borgerPC 3.0.0 med Ubuntu 20.04.1.",
        "image_upload": "images/os2borgerpc-3.0.0.iso"
    }
},
{
    "model": "system.imageversion",
    "pk": 4,
    "fields": {
        "platform": "BORGERPC",
        "image_version": "3.1.0",
        "release_date": "2021-05-12",
        "os": "Ubuntu 20.04",
        "release_notes": "OS2borgerPC 3.1.0 med Ubuntu 20.04.3.",
        "image_upload": "images/os2borgerpc-3.1.0.iso"
    }
},
{
    "model": "system.imageversion",
    "pk": 5,
    "fields": {
        "platform": "BORGERPC",
        "image_version": "3.1.1",
        "release_date": "2021-07-12",
        "os": "Ubuntu 20.04",
        "release_notes": "OS2borgerPC 3.1.0 med Ubuntu 20.04.3.",
        "image_upload": "images/os2borgerpc-3.1.1.iso"
    }
},
{
    "model": "system.changelogtag",
    "pk": 1,
    "fields": {
        "name": "Admin site"
    }
},
{
    "model": "system.changelogtag",
    "pk": 2,
    "fields": {
        "name": "Scripts"
    }
},
{
    "model": "system.changelogtag",
    "pk": 3,
    "fields": {
        "name": "OS2borgerPC"
    }
},
{
    "model": "system.changelogtag",
    "pk": 4,
    "fields": {
        "name": "Kiosk"
    }
},
{
    "model": "system.changelogtag",
    "pk": 5,
    "fields": {
        "name": "Generelt"
    }
},
{
    "model": "system.changelog",
    "pk": 2,
    "fields": {
        "title": "Nye releases af os2borgerpc",
        "description": "Vi har netop frigivet nye versioner, som man via den hostede lsning har adgang til, hvis man abonnerer p 'Versioner' (niveau 2).",
        "content": "Kre kunder p OS2borgerPC\r\n\r\nVi har netop frigivet nye versioner, som man via den hostede lsning har adgang til, hvis man abonnerer p 'Versioner' (niveau 2).\r\n\r\nDe nye versioner (images) er flgende:\r\n\r\n- OS2borgerPC 3.1.1\r\n- OS2borgerPC Kiosk 1.1.0\r\n\r\n**OS2borgerPC 3.1.1**  \r\nVi er blevet opmrksomme p en fejl i OS2borgerPC-imaget 3.1.0, som har resulteret i falske sikkerhedsadvarsler. Specifikt har nogle kunder oplevet at f kontinuerlige sudo-advarsler.  \r\nDisse advarsler skyldes, at systemet identificerer sudo-krsler under oprettelsen af imaget som nye hndelser. Og det var naturligvis en fejl.\r\n\r\nDerfor har vi nu frigivet et nyt image - 3.1.1 - som ikke har det problem. I den nye version er der desuden en rkke smrettelser.\r\n\r\nDet nye image har ikke ny funktionalitet ud over rettelsen ift. sikkerhedsadvarsler.\r\n\r\nDerfor anbefales den til nyinstallation, men hvis I allerede har installeret maskiner fra 3.1.0, kan i kre scriptet \"System - Fjern sudo fra auth.log\", og s vil de falske sikkerhedshndelser stoppe.\r\n\r\n**OS2borgerPC Kiosk 1.1.0**  \r\nVi har omdbt OS2displayPC til OS2borgerPC Kiosk for at fjerne eventuel sammenblanding med OS2display, der er en anden lsning.\r\n\r\nImaget har ikke ny funktionalitet, men alle pakkeversionerne er nye, s der vil vre langt frre opdateringer at hente efter installationen.\r\n\r\nTil de nrdede: Man kan flge med p GitHub, hvor der er teknisk information om nyeste releases, hvor man ogs kan f et indblik i noget af den kommende funktionalitet:  \r\n[https://github.com/OS2borgerPC/image/blob/master/NEWS.rst](https://github.com/OS2borgerPC/image/blob/master/NEWS.rst)  \r\n[https://github.com/OS2borgerPC/server_image/blob/master/NEWS.rst](https://github.com/OS2borgerPC/server_image/blob/master/NEWS.rst)\r\n\r\nDet samme er gldende ift. scripts her:  \r\n[https://github.com/os2borgerPC/os2borgerpc-scripts](https://github.com/os2borgerPC/os2borgerpc-scripts)\r\n\r\nHar I sprgsml, s tv ikke med at tage fat i os\r\n\r\nVenlig hilsen p vegne af OS2borgerPC-teamet\r\nMorten Kjrsgaard",
        "created": "2022-09-01T14:46:24.763",
        "updated": "2022-09-01T15:01:35.940",
        "author": "Morten Kjrsgaard",
        "version": "3.1.1",
        "site": null,
        "tags": [
            4,
            3
        ]
    }
},
{
    "model": "system.changelog",
    "pk": 3,
    "fields": {
        "title": "Srbarhed i linux",
        "description": "Sent mandag (7/3) blev en ny Linux-srbarhed annonceret.",
        "content": "Kre kunder og brugere af OS2borgerPC\r\n\r\nSent mandag (7/3) blev en ny Linux-srbarhed annonceret. Den fik det mundrette navn CVE-2022-0847 - og bliver derfor i stedet kaldt 'Dirty Pipe'. Srbarheden giver lokale brugere mulighed for at opn root-privilegier. Den nye Linux-srbarhed minder meget om CVE-2016-5195, ogs kaldet 'Dirty Cow', fra kort fr rsskiftet.\r\n\r\nI morges kom Ubuntu med en opdatering, der giver jer flgende muligheder:\r\n\r\n1. I kan vente p de automatiske sikkerhedsopdateringer fra Ubuntu.  \r\nOS2borgerPC: Automatiske sikkerhedsopdateringer er konfigureret til at blive installeret som standard, og det vil ske inden for de kommende 24 timer.  \r\nKiosk: Automatiske sikkerhedsopdateringer kan sls til ved at kre scriptet \" System - Aktivr automatiske opdateringer\" med parametret \"sikkerhed\". Srbarheden er ikke kritisk for Kiosk, som normalt krer lst i en browser og uden tastatur.\r\n\r\n2. I kan kre scriptet \"System - Opdater alt\" p alle maskiner.\r\n\r\nI begge tilflde er det vigtigt, at I genstarter PC'erne, for eksempel ved at kre scriptet \"System - Genstart computeren NU\" eller i forbindelse med den daglige nedlukning.\r\n\r\nSig til, hvis I har sprgsml.\r\n\r\nVenlig hilsen\r\nMorten",
        "created": "2022-09-01T15:05:29.340",
        "updated": "2022-09-01T15:07:06.225",
        "author": "Morten Kjrsgaard",
        "version": "3.1.1",
        "site": null,
        "tags": [
            5,
            4,
            3
        ]
    }
},
{
    "model": "system.changelog",
    "pk": 4,
    "fields": {
        "title": "Om appwriter og cd-ord/intowords",
        "description": "Vi er i gang med at undersge mulighederne for at integrere med dysleksivrktjer.",
        "content": "Kre alle brugere af OS2borgerPC\r\n\r\nVi er i gang med at undersge mulighederne for at integrere med dysleksivrktjer, og derfor vil jeg bede om en tilkendegivelse fra jer i forhold til, hvilke vrktjer I anvender - eller ptnker at anvende fremover.\r\n\r\nDet er hovedsagelig  AppWriter og CD-Ord/Into Words vi har kig p. Vi vil gerne kunne lave en integration, der tilfrer OS2borgerPC vrdi, uanset om det sker som en klient, som en Rest-integration og/eller via browseren.\r\n\r\nVil I ikke vre rare at skrive et par linjer tilbage om jeres vrktjer og om prioriteringen og nsker?\r\n \r\nGod bededagsferie\r\n\r\nVenlig hilsen\r\nMorten",
        "created": "2022-09-01T15:08:19.876",
        "updated": "2022-09-01T15:08:19.876",
        "author": "Morten Kjrsgaard",
        "version": "N/A",
        "site": null,
        "tags": [
            5,
            3
        ]
    }
},
{
    "model": "system.changelog",
    "pk": 5,
    "fields": {
        "title": "Nye funktioner i OS2borgerPC",
        "description": "Vi har netop frigivet en ny version af OS2borgerPC med nye funktioner",
        "content": "Kre alle brugere af OS2borgerPC\r\n\r\nVi har netop frigivet en ny version af OS2borgerPC med nye funktioner:\r\n\r\n- Det er blevet muligt at stte totrinsbekrftelse (to-faktor login) op ved login til superuser p en OSBorgerPC eller en OS2borgerPC Kiosk. Tak til John og Hvidovre for at samfinansiere.\r\n\r\n- Under \"Computere\" kan man nu klikke p en tilfjet \"Gruppe\" for at navigere derhen\r\n\r\n- og under \"Grupper\" kan man nu tilsvarende klikke p en tilfjet \"Computer\" for at navigere derhen\r\n\r\n- Siden \"Versioner\" er blevet en redesignet og skulle nu gerne vre mere intuitiv.\r\n\r\n- Nr en fil er uploadet som parameter til et \"Tilknyttet Script\", kan man nu klikke p den for at downloade filen\r\n\r\nVi har desuden fra nogle brugere hrt om et problem i forbindelse med lsning af computeren (menupunktet over sluk/genstart verst til hjre), hvor mapper i hjemmemappen pludselig har manglet, eller genveje p skrivebordet ikke har virket efter computeren har vret \"lst\". Oplever man dette, vil vi anbefale at kre scriptet \"OS2borgerPC - Fjern ls fra menuen\". Denne funktion indbygges i fremtidige images.\r\n\r\n**Totrins login**  \r\nLidt mere om totrins-login: Funktionen slr tidsbaseret totrinsbekrftelse til for superuser, ved login p en borgerPC.\r\n\r\n![](/media/changelog-images/2022/09/01/8ba29847-e430-46b6-a78c-8563de872e7a.png)\r\n\r\nG frst ind p siden \"Totrinsbekrftelse\" i menuen til venstre p adminsitet for at se processen for at sl totrinsbekrftelse til.\r\n\r\nNr du har genereret en sikkerhedsngle p ovenstende side, skal dette script kres med sikkerhedsngle som det andet parameter.\r\n\r\n![](/media/changelog-images/2022/09/01/8857695e-b74b-41ed-a652-350065530967.png)\r\n\r\nFra nste login vil der nu for superuser vre et ekstra skridt i loginprocessen efter koden, hvor der skal indtastes totrins-koden.\r\n\r\nTager det ikke effekt jeblikkeligt efter logud, s genstart maskinen.\r\n\r\n**Inputparametre**\r\n\r\n1. Aktivr?: 'ja' slr totrinsbekrftelse til, 'nej' slr det fra.\r\n\r\n2. Sikkerhedsngle: Sikkerhedsnglen som totrinsbekrftelse-systemet internt har brug for.\r\n\r\nSamme sikkerhedsngle for flere computere betyder, at du kan logge ind p flere computere med samme totrins-koder, fremfor at hver computer skal tilfjes individuelt til din totrinsbekrftelse-app.\r\n\r\nDet kan ogs vre relevant at kre scriptet \"OS2borgerPC - ndr login-timeout\", da det kan vre svrt at n at indtaste kode og totrinsbekrftelse p de 15 sekunder, der normalt gr, fr der logges automatisk ind p Borger-kontoen.\r\n\r\nHar I sprgsml eller kommentarer, s sig endelig til.\r\n\r\nVenlig hilsen\r\nMorten",
        "created": "2022-09-01T15:15:33.437",
        "updated": "2022-09-01T15:15:54.824",
        "author": "Morten Kjrsgaard",
        "version": "5.3.0",
        "site": null,
        "tags": [
            1
        ]
    }
},
{
    "model": "system.changelog",
    "pk": 6,
    "fields": {
        "title": "Nye funktioner",
        "description": "Vi har netop frigivet en ny version af OS2borgerPC-portalen med nye funktioner.",
        "content": "Kre OS2borgerPC-kunder\r\n\r\nVi har netop frigivet en ny version af OS2borgerPC-portalen med nye funktioner.\r\n\r\n**Nem flytning af scripts**  \r\nMan kan nu flytte tilknyttede scripts op og ned p listen via trk-og-slip.  \r\nTak til Brian Lvendahl og Vordingborg Kommune for samfinansiering.\r\n\r\n![](/media/changelog-images/2022/09/01/8f0810fa-a017-442f-a9d5-39fb38aaf6aa.png)\r\n\r\n**Valgfri kolonnesortering**  \r\nStatus har fet valgfri kolonnesortering. Fra Status-siden skal man nu klikke p selve computernavnet for at g til computeren frem for et vilkrligt sted p linjen.  \r\nTak til John Vishart og Hvidovre Kommune for samfinansiering.\r\n\r\n![](/media/changelog-images/2022/09/01/80a6a5bd-a614-4a59-bda1-93017ed69c1f.png)\r\n\r\n**Link fra jobs-siden til PC**  \r\nFra Jobs-siden kan man nu klikke p et computernavn for at g til computeren.\r\n\r\n![](/media/changelog-images/2022/09/01/a24333ae-8cc9-4d6d-9735-978273ee4b89.png)\r\n\r\n**Se oprettelsestidspunkt**  \r\nDer vises nu oprettelsestidspunkt for bde Jobs og Computere p deres respektive sider.\r\n\r\n![](/media/changelog-images/2022/09/01/96e30df3-38b2-4438-8a8c-caba9fffa0f8.png)\r\n\r\n**Nye Princh-scripts**  \r\nVi har opdateret scripts til Princh til at bruge Princh Cloud Printer, da Princh har meldt ud, at deres eksisterende lsning bliver udfaset ved udgangen af april.\r\n\r\nDe nye scripts til Princh Cloud Printer erstatter de gamle Princh-scripts, s det skulle gerne virke automatisk, nr nye computere tilmeldes gruppen - hvis I alts har sat dem op som tilknyttede scripts.\r\n\r\nFor computere, der allerede har Princh installeret, er processen flgende:\r\n\r\n1. Kr scriptet \"Printer - Slet printer\" med navnet p den nuvrende Princh-printer.\r\n\r\n2. Kr scriptet \"Printer - Installer Princh Cloud Printer\". Dette vil samtidig slette den gamle version af Princh-programmet.\r\n\r\n3. Kr scriptet \"Printer - Tilfj Princh Cloud Printer\" - scriptet tager de samme parametre som tidligere:  \r\n\r\n    a. Et selvvalgt printernavn  \r\n    b. En selvvalgt printer-beskrivelse  \r\n    c. Printer ID - som er det ID p printeren, i tidligere har fet fra Princh  \r\n    d. Kr \"Printer - St en standard printer\" med navnet I gav Princh-printeren oven over. S vil den vre forvalgt i programmerne, og i Chrome vil den vre forvalgt fremfor PDF-udprintning.\r\n\r\nDet Princh-ikon, der manglede i menuen i den gamle version, nr programmet bnede, er i vrigt ikke lngere et problem, da Princh har rettet fejlen i deres nye version.\r\n\r\nVi hber, I fr glde af de nye funktioner. Og tag endelig fat i os, hvis der er noget, der driller.\r\n\r\nVenlig hilsen fra hele OS2borgerPC-teamet\r\nMarcus, Sren, Heini, Carsten, Emil og Morten",
        "created": "2022-09-01T15:26:05.961",
        "updated": "2022-09-01T15:44:24.965",
        "author": "OS2borgerPC-teamet",
        "version": "5.4.0",
        "site": null,
        "tags": [
            1,
            4,
            3,
            2
        ]
    }
},
{
    "model": "system.changelog",
    "pk": 7,
    "fields": {
        "title": "Nye funktioner i OS2borgerPC",
        "description": "Nye funktioner i OS2borgerPC, crowdfunding om filarkiv og mailingliste.",
        "content": "Kre alle OS2borgerPC-venner\r\n\r\nI har alle fet to mails fra mig i de sidste to uger:  \r\nDen frste mail, fra 11. april, handler om nye funktioner i OS2borgerPC-portalen.  \r\nDen anden mail, fra 19. april, handler om at samle tilslutning til et filarkiv i OS2borgerPC.  \r\n\r\nI forhold til den frste mail vil jeg hre, om I har sprgsml eller kommentarer.\r\n\r\nOg i forhold til den anden mail er jeg interesseret i at f tilslutning til den gode ide om et filarkiv. 'Tilslutning' i denne sammenhng betyder ogs konomi, s tag gerne fat i mig, hvis I vil hre nrmere eller har mulighed for at bidrage til udviklingen.\r\n\r\nEndelig vil jeg hre, om I kunne tnke jer at komme p den mailingliste, vi langt om lnge har fet etableret. Her kommer vi til at skrive sammen om sikkerhed, scripts, Aula, kursusPC'er - ja, lige det I nsker at drfte med hinanden og med os i Magenta. S det er her, I kan f inspiration til jeres borgerPC-lsning, og hvor I kan bidrage med jeres egne erfaringer om OS2borgerPC.\r\n\r\nSend mig en mail, hvis I ikke allerede har gjort det. S tilmelder jeg jer listen.\r\n\r\nVenlig hilsen\r\nMorten",
        "created": "2022-09-05T08:07:21.848",
        "updated": "2022-09-05T08:07:21.848",
        "author": "Morten Kjrsgaard",
        "version": "N/A",
        "site": null,
        "tags": [
            5
        ]
    }
},
{
    "model": "system.changelog",
    "pk": 8,
    "fields": {
        "title": "Kommende funktioner",
        "description": "Fjernopdatering af scripts, get performance og nyhedssite p vej",
        "content": "Kre OS2borgerPC-kunder\r\n\r\nI forret og forsommeren har vi brugt et par arbejdsmneder p at gennemg og forbedre sikkerhedsadvarsels-systemet i OS2BorgerPC. Bilal i Hillerd har testet til den store guldmedalje, s vi vil gerne sende en stor tak til Hillerd og Bilal.\r\n\r\nNu, hvor vi har fet gennemskrivningen p plads, skal OS2borgerPC-klienten p jeres PC'er opdateres, for at rettelserne kan sl igennem.\r\n\r\nOS2borgerPC-klienten er det program p maskinerne, der er i kontakt med adminsitet, og som afvikler scripts og sikkerhedsscripts. Det vil komme til at hjne sikkerheden p maskinerne og hjlpe i forhold til falske advarsler, som nogle af jer har oplevet.\r\n\r\nFor at forstyrre jer mindst muligt med fejlrettelser har vi lavet en lsning, hvorved vi kan kre scripts p alle computere for alle kunder og brugere. Det betyder, at vi kan opdatere klienten p alle maskiner, og vi vil ogs kunne frigive rettelser hurtigere end de automatiske opdateringer, hvis vi fx hrer om et sikkerhedsproblem i Ubuntu.\r\n\r\nDet er vigtigt for os at understrege, at vi ikke kompromitterer sikkerheden p jeres PC'er ved at fjernkre et eller flere scripts. Vi ger sikkerheden. Og det er altsammen inden for jeres abonnement.\r\n\r\n**Den, der tier, samtykker**\r\n\r\nInden vi ivrkstter 'fjern-scriptingen' vil vi bede jer vende tilbage, hvis I **<u>ikke</u>** nsker, at vi udfrer denne form for krsler p jeres PC'er. Hrer vi ikke fra jer, tillader vi os at stte scriptingen i gang hos jer hver isr. I den kommende tid vil I sledes kunne se, at jeres PC'er har krt et \"Opdater klient\"-script som led i denne forbedring.\r\n\r\nFremover vil vi kunne fjern-opdatere jeres klienter automatisk ved strre fejlrettelser og forbedringer. Det er noget, mange af jer har efterspurgt.\r\n\r\n**get performance**\r\n\r\nVi har ogs kigget p performance p adminsitet, for der har vret udfordringer med, at sitet svarer srligt langsomt p bestemte tidspunkter (1-3 sekunder hvert femte minut). Det har vist sig at give en overbelastning af serveren, at alle maskiner tjekker ind samtidig. Vi har derfor udviklet et script, der spreder tjek-ins p den hostede lsning tilfldigt ud. Vi vil gerne kunne kre dette script p alle maskiner inden for de nste par uger.\r\n\r\nMaskinerne vil stadig inden for 5 minutter afvikle de scripts, I vlger. Men derefter vil det variere, hvornr de starter og afslutter. Resultatet vil blive, at I fremover ikke vil opleve samme forsinkelse p adminsitet p specifikke tidspunkter.\r\n\r\n**Nyhedssite**\r\n\r\nTil sidst har vi arbejdet p en ny sektion p adminsitet til nyheder, som vi vil opdatere, nr der  eksempelvis er:\r\n\r\n- Nye globale scripts eller forbedringer af de eksisterende\r\n- Ny funktionalitet eller strre rettelser p adminsitet\r\n- Nye images af OS2borgerPC og OS2borgerPC Kiosk\r\n\r\nNyhederne lgges op p nyhedssitet, og nr der er tale om srligt vigtige emner, udsendes der ogs en e-mail.\r\n\r\nMed nyhedssitet ptnker vi at komme med opdateringer oftere end tidligere, da vi indtil nu har 'bundtet' nyhederne for ikke at forstyrre jer undigt med for mange e-mails.\r\nVi regner med at have nyhedssitet oppe at kre umiddelbart efter sommerferien.\r\n\r\nHar I sprgsml, kommentarer eller forslag, s tv ikke med at skrive eller ringe.\r\n\r\nGod sommer\r\n\r\nOS2borgerPC-teamet",
        "created": "2022-09-05T08:11:27.551",
        "updated": "2022-09-05T08:11:27.551",
        "author": "OS2borgerPC-teamet",
        "version": "N/A",
        "site": null,
        "tags": [
            1,
            5,
            3
        ]
    }
},
{
    "model": "system.changelog",
    "pk": 9,
    "fields": {
        "title": "Undlad at opgradere Ubuntu-udgave til 22.04",
        "description": "Undlad at opgradere Ubuntu-udgave til 22.04",
        "content": "Kre OS2borgerPC-kunder\r\n\r\nNogle af jer har meldt ind, at der dukker en besked op om at opgradere udgaven af Ubuntu, der ser sledes ud:\r\n\r\n![Billede af opgraderings-popup](/media/changelog-images/2022/09/05/14445f62-d16d-4126-9113-72910992eb61.png)\r\n\r\nDet er tilsyneladende en autofunktion i den nyeste udgave af Ubuntu. Vi har ikke set den tidligere.\r\n\r\nI br **UNDLADE** at trykke 'Ja, opgradr nu'. Nr maskinen er opgraderet, vil den nemlig miste forbindelsen til admin-sitet!\r\n\r\n\r\nVi skal dog ogs lige sige, at der ikke sker noget, hvis man fra Borger-kontoen klikker p knappen. Det er frst som superuser, at det gr i gang.  \r\nVi har derfor krt et script ud til alle BorgerPC'er - \"Desktop - Fjern besked om opdatering\" - der gr, at disse beskeder om opdatering ikke dukker op fremover.   \r\nHvis beskeden bliver ved med at dukke op efter krsel, vil en genstart i s fald gre forskellen.  \r\nPlanen er vi snart gr i gang med at teste en opgradering til 22.04, men det bliver i stedet gjort via et script.\r\n\r\n**Nye images**\r\n\r\nVi har desuden frigivet et nyt BorgerPC-image - version 4.0.0 - som I skal bruge, hvis I vil installere nye BorgerPC'er. Det kan downloades her:  \r\n[https://os2borgerpc-admin.magenta.dk/site/magenta/image-versions/](https://os2borgerpc-admin.magenta.dk/site/magenta/image-versions/)\r\n\r\nBemrk at installationsprocessen er ndret en smule, og I derfor skal bruge en justeret installationsguide, som I finder her:  \r\n[https://os2borgerpc-admin.magenta.dk/documentation/os2borgerpc_installation_guide/](https://os2borgerpc-admin.magenta.dk/documentation/os2borgerpc_installation_guide/)\r\n\r\nHar I sprgsml eller kommentarer, s tv ikke med at tage fat i os\r\n\r\nVenlig hilsen\r\nOS2borgerPC-teamet",
        "created": "2022-09-05T08:15:32.480",
        "updated": "2022-09-05T08:18:15.640",
        "author": "OS2borgerPC-teamet",
        "version": "4.0.0",
        "site": null,
        "tags": [
            5,
            3
        ]
    }
},
{
    "model": "system.changelogcomment",
    "pk": 7,
    "fields": {
        "content": "Det lyder godt, jeg har dog lige et sprgsml vedr. det nye image.",
        "created": "2022-09-05T09:37:30.322",
        "changelog": 9,
        "user": 35,
        "parent_comment": null
    }
}
]
