[
{
    "model": "system.configuration",
    "pk": 1,
    "fields": {
        "name": "magenta"
    }
},
{
    "model": "system.configuration",
    "pk": 2,
    "fields": {
        "name": "os2borgerpc20.04"
    }
},
{
    "model": "system.configuration",
    "pk": 3,
    "fields": {
        "name": "35"
    }
},
{
    "model": "system.configuration",
    "pk": 4,
    "fields": {
        "name": "34"
    }
},
{
    "model": "system.configuration",
    "pk": 5,
    "fields": {
        "name": "33"
    }
},
{
    "model": "system.configuration",
    "pk": 9,
    "fields": {
        "name": "32"
    }
},
{
    "model": "system.configuration",
    "pk": 15,
    "fields": {
        "name": "31"
    }
},
{
    "model": "system.configuration",
    "pk": 17,
    "fields": {
        "name": "30"
    }
},
{
    "model": "system.configuration",
    "pk": 18,
    "fields": {
        "name": "29"
    }
},
{
    "model": "system.configuration",
    "pk": 20,
    "fields": {
        "name": "28"
    }
},
{
    "model": "system.configuration",
    "pk": 21,
    "fields": {
        "name": "27"
    }
},
{
    "model": "system.configuration",
    "pk": 22,
    "fields": {
        "name": "26"
    }
},
{
    "model": "system.configuration",
    "pk": 28,
    "fields": {
        "name": "25"
    }
},
{
    "model": "system.configuration",
    "pk": 29,
    "fields": {
        "name": "24"
    }
},
{
    "model": "system.configuration",
    "pk": 30,
    "fields": {
        "name": "23"
    }
},
{
    "model": "system.configuration",
    "pk": 32,
    "fields": {
        "name": "22"
    }
},
{
    "model": "system.configuration",
    "pk": 33,
    "fields": {
        "name": "21"
    }
},
{
    "model": "system.configuration",
    "pk": 34,
    "fields": {
        "name": "20"
    }
},
{
    "model": "system.configuration",
    "pk": 35,
    "fields": {
        "name": "19"
    }
},
{
    "model": "system.configuration",
    "pk": 38,
    "fields": {
        "name": "18"
    }
},
{
    "model": "system.configuration",
    "pk": 40,
    "fields": {
        "name": "17"
    }
},
{
    "model": "system.configuration",
    "pk": 44,
    "fields": {
        "name": "16"
    }
},
{
    "model": "system.configuration",
    "pk": 45,
    "fields": {
        "name": "15"
    }
},
{
    "model": "system.configuration",
    "pk": 46,
    "fields": {
        "name": "14"
    }
},
{
    "model": "system.configuration",
    "pk": 47,
    "fields": {
        "name": "13"
    }
},
{
    "model": "system.configuration",
    "pk": 48,
    "fields": {
        "name": "12"
    }
},
{
    "model": "system.configuration",
    "pk": 49,
    "fields": {
        "name": "11"
    }
},
{
    "model": "system.configuration",
    "pk": 50,
    "fields": {
        "name": "10"
    }
},
{
    "model": "system.configuration",
    "pk": 51,
    "fields": {
        "name": "9"
    }
},
{
    "model": "system.configuration",
    "pk": 53,
    "fields": {
        "name": "8"
    }
},
{
    "model": "system.configuration",
    "pk": 54,
    "fields": {
        "name": "7"
    }
},
{
    "model": "system.configuration",
    "pk": 55,
    "fields": {
        "name": "6"
    }
},
{
    "model": "system.configuration",
    "pk": 56,
    "fields": {
        "name": "5"
    }
},
{
    "model": "system.configuration",
    "pk": 57,
    "fields": {
        "name": "4"
    }
},
{
    "model": "system.configuration",
    "pk": 58,
    "fields": {
        "name": "3"
    }
},
{
    "model": "system.configuration",
    "pk": 59,
    "fields": {
        "name": "2"
    }
},
{
    "model": "system.configuration",
    "pk": 60,
    "fields": {
        "name": "1"
    }
},
{
    "model": "system.configuration",
    "pk": 61,
    "fields": {
        "name": "site3"
    }
},
{
    "model": "system.configuration",
    "pk": 62,
    "fields": {
        "name": "pc16"
    }
},
{
    "model": "system.configurationentry",
    "pk": 1,
    "fields": {
        "key": "distribution",
        "value": "5",
        "owner_configuration": 3
    }
},
{
    "model": "system.configurationentry",
    "pk": 2,
    "fields": {
        "key": "uid",
        "value": "5",
        "owner_configuration": 3
    }
},
{
    "model": "system.configurationentry",
    "pk": 3,
    "fields": {
        "key": "site",
        "value": "5",
        "owner_configuration": 3
    }
},
{
    "model": "system.configurationentry",
    "pk": 4,
    "fields": {
        "key": "hostname",
        "value": "5",
        "owner_configuration": 3
    }
},
{
    "model": "system.configurationentry",
    "pk": 5,
    "fields": {
        "key": "fresh_install",
        "value": "5",
        "owner_configuration": 3
    }
},
{
    "model": "system.configurationentry",
    "pk": 6,
    "fields": {
        "key": "admin_url",
        "value": "5",
        "owner_configuration": 3
    }
},
{
    "model": "system.configurationentry",
    "pk": 7,
    "fields": {
        "key": "os2borgerpc_version",
        "value": "5",
        "owner_configuration": 3
    }
},
{
    "model": "system.configurationentry",
    "pk": 8,
    "fields": {
        "key": "mac",
        "value": "5",
        "owner_configuration": 3
    }
},
{
    "model": "system.configurationentry",
    "pk": 9,
    "fields": {
        "key": "_os2borgerpc.client_version",
        "value": "5",
        "owner_configuration": 3
    }
},
{
    "model": "system.configurationentry",
    "pk": 10,
    "fields": {
        "key": "updates",
        "value": "5",
        "owner_configuration": 3
    }
},
{
    "model": "system.configurationentry",
    "pk": 11,
    "fields": {
        "key": "security_updates",
        "value": "5",
        "owner_configuration": 3
    }
},
{
    "model": "system.configurationentry",
    "pk": 23,
    "fields": {
        "key": "uid",
        "value": "5",
        "owner_configuration": 4
    }
},
{
    "model": "system.configurationentry",
    "pk": 24,
    "fields": {
        "key": "fresh_install",
        "value": "5",
        "owner_configuration": 4
    }
},
{
    "model": "system.configurationentry",
    "pk": 25,
    "fields": {
        "key": "updates",
        "value": "5",
        "owner_configuration": 4
    }
},
{
    "model": "system.configurationentry",
    "pk": 26,
    "fields": {
        "key": "security_updates",
        "value": "5",
        "owner_configuration": 4
    }
},
{
    "model": "system.configurationentry",
    "pk": 27,
    "fields": {
        "key": "site",
        "value": "5",
        "owner_configuration": 4
    }
},
{
    "model": "system.configurationentry",
    "pk": 28,
    "fields": {
        "key": "distribution",
        "value": "5",
        "owner_configuration": 4
    }
},
{
    "model": "system.configurationentry",
    "pk": 29,
    "fields": {
        "key": "admin_url",
        "value": "5",
        "owner_configuration": 4
    }
},
{
    "model": "system.configurationentry",
    "pk": 30,
    "fields": {
        "key": "_os2borgerpc.client_version",
        "value": "5",
        "owner_configuration": 4
    }
},
{
    "model": "system.configurationentry",
    "pk": 31,
    "fields": {
        "key": "hostname",
        "value": "5",
        "owner_configuration": 4
    }
},
{
    "model": "system.configurationentry",
    "pk": 32,
    "fields": {
        "key": "os2borgerpc_version",
        "value": "5",
        "owner_configuration": 4
    }
},
{
    "model": "system.configurationentry",
    "pk": 33,
    "fields": {
        "key": "mac",
        "value": "5",
        "owner_configuration": 4
    }
},
{
    "model": "system.configurationentry",
    "pk": 34,
    "fields": {
        "key": "os2borgerpc_version",
        "value": "5",
        "owner_configuration": 9
    }
},
{
    "model": "system.configurationentry",
    "pk": 35,
    "fields": {
        "key": "admin_url",
        "value": "5",
        "owner_configuration": 9
    }
},
{
    "model": "system.configurationentry",
    "pk": 36,
    "fields": {
        "key": "mac",
        "value": "5",
        "owner_configuration": 9
    }
},
{
    "model": "system.configurationentry",
    "pk": 37,
    "fields": {
        "key": "distribution",
        "value": "5",
        "owner_configuration": 9
    }
},
{
    "model": "system.configurationentry",
    "pk": 38,
    "fields": {
        "key": "hostname",
        "value": "5",
        "owner_configuration": 9
    }
},
{
    "model": "system.configurationentry",
    "pk": 39,
    "fields": {
        "key": "fresh_install",
        "value": "5",
        "owner_configuration": 9
    }
},
{
    "model": "system.configurationentry",
    "pk": 40,
    "fields": {
        "key": "site",
        "value": "5",
        "owner_configuration": 9
    }
},
{
    "model": "system.configurationentry",
    "pk": 41,
    "fields": {
        "key": "uid",
        "value": "5",
        "owner_configuration": 9
    }
},
{
    "model": "system.configurationentry",
    "pk": 42,
    "fields": {
        "key": "_os2borgerpc.client_version",
        "value": "5",
        "owner_configuration": 9
    }
},
{
    "model": "system.configurationentry",
    "pk": 43,
    "fields": {
        "key": "updates",
        "value": "5",
        "owner_configuration": 9
    }
},
{
    "model": "system.configurationentry",
    "pk": 44,
    "fields": {
        "key": "security_updates",
        "value": "5",
        "owner_configuration": 9
    }
},
{
    "model": "system.configurationentry",
    "pk": 75,
    "fields": {
        "key": "admin_url",
        "value": "5",
        "owner_configuration": 15
    }
},
{
    "model": "system.configurationentry",
    "pk": 76,
    "fields": {
        "key": "distribution",
        "value": "5",
        "owner_configuration": 15
    }
},
{
    "model": "system.configurationentry",
    "pk": 77,
    "fields": {
        "key": "fresh_install",
        "value": "5",
        "owner_configuration": 15
    }
},
{
    "model": "system.configurationentry",
    "pk": 78,
    "fields": {
        "key": "hostname",
        "value": "5",
        "owner_configuration": 15
    }
},
{
    "model": "system.configurationentry",
    "pk": 79,
    "fields": {
        "key": "mac",
        "value": "5",
        "owner_configuration": 15
    }
},
{
    "model": "system.configurationentry",
    "pk": 80,
    "fields": {
        "key": "os2borgerpc_version",
        "value": "5",
        "owner_configuration": 15
    }
},
{
    "model": "system.configurationentry",
    "pk": 81,
    "fields": {
        "key": "site",
        "value": "5",
        "owner_configuration": 15
    }
},
{
    "model": "system.configurationentry",
    "pk": 82,
    "fields": {
        "key": "uid",
        "value": "5",
        "owner_configuration": 15
    }
},
{
    "model": "system.configurationentry",
    "pk": 83,
    "fields": {
        "key": "_os2borgerpc.client_version",
        "value": "5",
        "owner_configuration": 15
    }
},
{
    "model": "system.configurationentry",
    "pk": 84,
    "fields": {
        "key": "updates",
        "value": "5",
        "owner_configuration": 15
    }
},
{
    "model": "system.configurationentry",
    "pk": 85,
    "fields": {
        "key": "security_updates",
        "value": "5",
        "owner_configuration": 15
    }
},
{
    "model": "system.configurationentry",
    "pk": 86,
    "fields": {
        "key": "job_timeout",
        "value": "5",
        "owner_configuration": 15
    }
},
{
    "model": "system.configurationentry",
    "pk": 98,
    "fields": {
        "key": "admin_url",
        "value": "5",
        "owner_configuration": 17
    }
},
{
    "model": "system.configurationentry",
    "pk": 99,
    "fields": {
        "key": "distribution",
        "value": "5",
        "owner_configuration": 17
    }
},
{
    "model": "system.configurationentry",
    "pk": 100,
    "fields": {
        "key": "fresh_install",
        "value": "5",
        "owner_configuration": 17
    }
},
{
    "model": "system.configurationentry",
    "pk": 101,
    "fields": {
        "key": "hostname",
        "value": "5",
        "owner_configuration": 17
    }
},
{
    "model": "system.configurationentry",
    "pk": 102,
    "fields": {
        "key": "mac",
        "value": "5",
        "owner_configuration": 17
    }
},
{
    "model": "system.configurationentry",
    "pk": 103,
    "fields": {
        "key": "os2borgerpc_version",
        "value": "5",
        "owner_configuration": 17
    }
},
{
    "model": "system.configurationentry",
    "pk": 104,
    "fields": {
        "key": "site",
        "value": "5",
        "owner_configuration": 17
    }
},
{
    "model": "system.configurationentry",
    "pk": 105,
    "fields": {
        "key": "uid",
        "value": "5",
        "owner_configuration": 17
    }
},
{
    "model": "system.configurationentry",
    "pk": 106,
    "fields": {
        "key": "job_timeout",
        "value": "5",
        "owner_configuration": 17
    }
},
{
    "model": "system.configurationentry",
    "pk": 107,
    "fields": {
        "key": "_os2borgerpc.client_version",
        "value": "5",
        "owner_configuration": 17
    }
},
{
    "model": "system.configurationentry",
    "pk": 108,
    "fields": {
        "key": "updates",
        "value": "5",
        "owner_configuration": 17
    }
},
{
    "model": "system.configurationentry",
    "pk": 109,
    "fields": {
        "key": "security_updates",
        "value": "5",
        "owner_configuration": 17
    }
},
{
    "model": "system.configurationentry",
    "pk": 110,
    "fields": {
        "key": "admin_url",
        "value": "5",
        "owner_configuration": 18
    }
},
{
    "model": "system.configurationentry",
    "pk": 111,
    "fields": {
        "key": "distribution",
        "value": "5",
        "owner_configuration": 18
    }
},
{
    "model": "system.configurationentry",
    "pk": 112,
    "fields": {
        "key": "fresh_install",
        "value": "5",
        "owner_configuration": 18
    }
},
{
    "model": "system.configurationentry",
    "pk": 113,
    "fields": {
        "key": "hostname",
        "value": "5",
        "owner_configuration": 18
    }
},
{
    "model": "system.configurationentry",
    "pk": 114,
    "fields": {
        "key": "mac",
        "value": "5",
        "owner_configuration": 18
    }
},
{
    "model": "system.configurationentry",
    "pk": 115,
    "fields": {
        "key": "os2borgerpc_version",
        "value": "5",
        "owner_configuration": 18
    }
},
{
    "model": "system.configurationentry",
    "pk": 116,
    "fields": {
        "key": "site",
        "value": "5",
        "owner_configuration": 18
    }
},
{
    "model": "system.configurationentry",
    "pk": 117,
    "fields": {
        "key": "uid",
        "value": "5",
        "owner_configuration": 18
    }
},
{
    "model": "system.configurationentry",
    "pk": 118,
    "fields": {
        "key": "job_timeout",
        "value": "5",
        "owner_configuration": 18
    }
},
{
    "model": "system.configurationentry",
    "pk": 119,
    "fields": {
        "key": "_os2borgerpc.client_version",
        "value": "5",
        "owner_configuration": 18
    }
},
{
    "model": "system.configurationentry",
    "pk": 120,
    "fields": {
        "key": "updates",
        "value": "5",
        "owner_configuration": 18
    }
},
{
    "model": "system.configurationentry",
    "pk": 121,
    "fields": {
        "key": "security_updates",
        "value": "5",
        "owner_configuration": 18
    }
},
{
    "model": "system.configurationentry",
    "pk": 133,
    "fields": {
        "key": "admin_url",
        "value": "5",
        "owner_configuration": 22
    }
},
{
    "model": "system.configurationentry",
    "pk": 134,
    "fields": {
        "key": "distribution",
        "value": "5",
        "owner_configuration": 22
    }
},
{
    "model": "system.configurationentry",
    "pk": 135,
    "fields": {
        "key": "fresh_install",
        "value": "5",
        "owner_configuration": 22
    }
},
{
    "model": "system.configurationentry",
    "pk": 136,
    "fields": {
        "key": "hostname",
        "value": "5",
        "owner_configuration": 22
    }
},
{
    "model": "system.configurationentry",
    "pk": 137,
    "fields": {
        "key": "mac",
        "value": "5",
        "owner_configuration": 22
    }
},
{
    "model": "system.configurationentry",
    "pk": 138,
    "fields": {
        "key": "os2borgerpc_version",
        "value": "5",
        "owner_configuration": 22
    }
},
{
    "model": "system.configurationentry",
    "pk": 139,
    "fields": {
        "key": "site",
        "value": "5",
        "owner_configuration": 22
    }
},
{
    "model": "system.configurationentry",
    "pk": 140,
    "fields": {
        "key": "uid",
        "value": "5",
        "owner_configuration": 22
    }
},
{
    "model": "system.configurationentry",
    "pk": 141,
    "fields": {
        "key": "_os2borgerpc.client_version",
        "value": "5",
        "owner_configuration": 22
    }
},
{
    "model": "system.configurationentry",
    "pk": 142,
    "fields": {
        "key": "updates",
        "value": "5",
        "owner_configuration": 22
    }
},
{
    "model": "system.configurationentry",
    "pk": 143,
    "fields": {
        "key": "security_updates",
        "value": "5",
        "owner_configuration": 22
    }
},
{
    "model": "system.configurationentry",
    "pk": 144,
    "fields": {
        "key": "_os2borgerpc.client_version",
        "value": "5",
        "owner_configuration": 28
    }
},
{
    "model": "system.configurationentry",
    "pk": 145,
    "fields": {
        "key": "admin_url",
        "value": "5",
        "owner_configuration": 28
    }
},
{
    "model": "system.configurationentry",
    "pk": 146,
    "fields": {
        "key": "distribution",
        "value": "5",
        "owner_configuration": 28
    }
},
{
    "model": "system.configurationentry",
    "pk": 147,
    "fields": {
        "key": "fresh_install",
        "value": "5",
        "owner_configuration": 28
    }
},
{
    "model": "system.configurationentry",
    "pk": 148,
    "fields": {
        "key": "hostname",
        "value": "5",
        "owner_configuration": 28
    }
},
{
    "model": "system.configurationentry",
    "pk": 149,
    "fields": {
        "key": "job_timeout",
        "value": "5",
        "owner_configuration": 28
    }
},
{
    "model": "system.configurationentry",
    "pk": 150,
    "fields": {
        "key": "mac",
        "value": "5",
        "owner_configuration": 28
    }
},
{
    "model": "system.configurationentry",
    "pk": 151,
    "fields": {
        "key": "os2borgerpc_version",
        "value": "5",
        "owner_configuration": 28
    }
},
{
    "model": "system.configurationentry",
    "pk": 152,
    "fields": {
        "key": "security_updates",
        "value": "5",
        "owner_configuration": 28
    }
},
{
    "model": "system.configurationentry",
    "pk": 153,
    "fields": {
        "key": "site",
        "value": "5",
        "owner_configuration": 28
    }
},
{
    "model": "system.configurationentry",
    "pk": 154,
    "fields": {
        "key": "uid",
        "value": "5",
        "owner_configuration": 28
    }
},
{
    "model": "system.configurationentry",
    "pk": 155,
    "fields": {
        "key": "updates",
        "value": "5",
        "owner_configuration": 28
    }
},
{
    "model": "system.configurationentry",
    "pk": 156,
    "fields": {
        "key": "_os2borgerpc.client_version",
        "value": "5",
        "owner_configuration": 29
    }
},
{
    "model": "system.configurationentry",
    "pk": 157,
    "fields": {
        "key": "admin_url",
        "value": "5",
        "owner_configuration": 29
    }
},
{
    "model": "system.configurationentry",
    "pk": 158,
    "fields": {
        "key": "distribution",
        "value": "5",
        "owner_configuration": 29
    }
},
{
    "model": "system.configurationentry",
    "pk": 159,
    "fields": {
        "key": "fresh_install",
        "value": "5",
        "owner_configuration": 29
    }
},
{
    "model": "system.configurationentry",
    "pk": 160,
    "fields": {
        "key": "hostname",
        "value": "5",
        "owner_configuration": 29
    }
},
{
    "model": "system.configurationentry",
    "pk": 161,
    "fields": {
        "key": "mac",
        "value": "5",
        "owner_configuration": 29
    }
},
{
    "model": "system.configurationentry",
    "pk": 162,
    "fields": {
        "key": "os2borgerpc_version",
        "value": "5",
        "owner_configuration": 29
    }
},
{
    "model": "system.configurationentry",
    "pk": 163,
    "fields": {
        "key": "security_updates",
        "value": "5",
        "owner_configuration": 29
    }
},
{
    "model": "system.configurationentry",
    "pk": 164,
    "fields": {
        "key": "site",
        "value": "5",
        "owner_configuration": 29
    }
},
{
    "model": "system.configurationentry",
    "pk": 165,
    "fields": {
        "key": "uid",
        "value": "5",
        "owner_configuration": 29
    }
},
{
    "model": "system.configurationentry",
    "pk": 166,
    "fields": {
        "key": "updates",
        "value": "5",
        "owner_configuration": 29
    }
},
{
    "model": "system.configurationentry",
    "pk": 167,
    "fields": {
        "key": "_os2borgerpc.client_version",
        "value": "5",
        "owner_configuration": 30
    }
},
{
    "model": "system.configurationentry",
    "pk": 168,
    "fields": {
        "key": "admin_url",
        "value": "5",
        "owner_configuration": 30
    }
},
{
    "model": "system.configurationentry",
    "pk": 169,
    "fields": {
        "key": "distribution",
        "value": "5",
        "owner_configuration": 30
    }
},
{
    "model": "system.configurationentry",
    "pk": 170,
    "fields": {
        "key": "fresh_install",
        "value": "5",
        "owner_configuration": 30
    }
},
{
    "model": "system.configurationentry",
    "pk": 171,
    "fields": {
        "key": "hostname",
        "value": "5",
        "owner_configuration": 30
    }
},
{
    "model": "system.configurationentry",
    "pk": 172,
    "fields": {
        "key": "job_timeout",
        "value": "5",
        "owner_configuration": 30
    }
},
{
    "model": "system.configurationentry",
    "pk": 173,
    "fields": {
        "key": "mac",
        "value": "5",
        "owner_configuration": 30
    }
},
{
    "model": "system.configurationentry",
    "pk": 174,
    "fields": {
        "key": "os2borgerpc_version",
        "value": "5",
        "owner_configuration": 30
    }
},
{
    "model": "system.configurationentry",
    "pk": 175,
    "fields": {
        "key": "security_updates",
        "value": "5",
        "owner_configuration": 30
    }
},
{
    "model": "system.configurationentry",
    "pk": 176,
    "fields": {
        "key": "site",
        "value": "5",
        "owner_configuration": 30
    }
},
{
    "model": "system.configurationentry",
    "pk": 177,
    "fields": {
        "key": "uid",
        "value": "5",
        "owner_configuration": 30
    }
},
{
    "model": "system.configurationentry",
    "pk": 178,
    "fields": {
        "key": "updates",
        "value": "5",
        "owner_configuration": 30
    }
},
{
    "model": "system.configurationentry",
    "pk": 204,
    "fields": {
        "key": "os2_product",
        "value": "5",
        "owner_configuration": 17
    }
},
{
    "model": "system.configurationentry",
    "pk": 205,
    "fields": {
        "key": "os2_product",
        "value": "5",
        "owner_configuration": 18
    }
},
{
    "model": "system.configurationentry",
    "pk": 206,
    "fields": {
        "key": "os2_product",
        "value": "5",
        "owner_configuration": 3
    }
},
{
    "model": "system.configurationentry",
    "pk": 207,
    "fields": {
        "key": "os2_product",
        "value": "5",
        "owner_configuration": 15
    }
},
{
    "model": "system.configurationentry",
    "pk": 208,
    "fields": {
        "key": "os2_product",
        "value": "5",
        "owner_configuration": 22
    }
},
{
    "model": "system.configurationentry",
    "pk": 209,
    "fields": {
        "key": "os2_product",
        "value": "5",
        "owner_configuration": 28
    }
},
{
    "model": "system.configurationentry",
    "pk": 211,
    "fields": {
        "key": "os2_product",
        "value": "5",
        "owner_configuration": 9
    }
},
{
    "model": "system.configurationentry",
    "pk": 216,
    "fields": {
        "key": "q",
        "value": "5",
        "owner_configuration": 1
    }
},
{
    "model": "system.configurationentry",
    "pk": 217,
    "fields": {
        "key": "_os2borgerpc.client_version",
        "value": "5",
        "owner_configuration": 32
    }
},
{
    "model": "system.configurationentry",
    "pk": 218,
    "fields": {
        "key": "admin_url",
        "value": "5",
        "owner_configuration": 32
    }
},
{
    "model": "system.configurationentry",
    "pk": 219,
    "fields": {
        "key": "distribution",
        "value": "5",
        "owner_configuration": 32
    }
},
{
    "model": "system.configurationentry",
    "pk": 220,
    "fields": {
        "key": "fresh_install",
        "value": "5",
        "owner_configuration": 32
    }
},
{
    "model": "system.configurationentry",
    "pk": 221,
    "fields": {
        "key": "hostname",
        "value": "5",
        "owner_configuration": 32
    }
},
{
    "model": "system.configurationentry",
    "pk": 222,
    "fields": {
        "key": "job_timeout",
        "value": "5",
        "owner_configuration": 32
    }
},
{
    "model": "system.configurationentry",
    "pk": 223,
    "fields": {
        "key": "mac",
        "value": "5",
        "owner_configuration": 32
    }
},
{
    "model": "system.configurationentry",
    "pk": 224,
    "fields": {
        "key": "os2_product",
        "value": "5",
        "owner_configuration": 32
    }
},
{
    "model": "system.configurationentry",
    "pk": 225,
    "fields": {
        "key": "os2borgerpc_version",
        "value": "5",
        "owner_configuration": 32
    }
},
{
    "model": "system.configurationentry",
    "pk": 226,
    "fields": {
        "key": "security_updates",
        "value": "5",
        "owner_configuration": 32
    }
},
{
    "model": "system.configurationentry",
    "pk": 227,
    "fields": {
        "key": "site",
        "value": "5",
        "owner_configuration": 32
    }
},
{
    "model": "system.configurationentry",
    "pk": 228,
    "fields": {
        "key": "uid",
        "value": "5",
        "owner_configuration": 32
    }
},
{
    "model": "system.configurationentry",
    "pk": 229,
    "fields": {
        "key": "updates",
        "value": "5",
        "owner_configuration": 32
    }
},
{
    "model": "system.configurationentry",
    "pk": 230,
    "fields": {
        "key": "admin_url",
        "value": "5",
        "owner_configuration": 34
    }
},
{
    "model": "system.configurationentry",
    "pk": 231,
    "fields": {
        "key": "distribution",
        "value": "5",
        "owner_configuration": 34
    }
},
{
    "model": "system.configurationentry",
    "pk": 232,
    "fields": {
        "key": "fresh_install",
        "value": "5",
        "owner_configuration": 34
    }
},
{
    "model": "system.configurationentry",
    "pk": 233,
    "fields": {
        "key": "hostname",
        "value": "5",
        "owner_configuration": 34
    }
},
{
    "model": "system.configurationentry",
    "pk": 234,
    "fields": {
        "key": "mac",
        "value": "5",
        "owner_configuration": 34
    }
},
{
    "model": "system.configurationentry",
    "pk": 235,
    "fields": {
        "key": "os2borgerpc_version",
        "value": "5",
        "owner_configuration": 34
    }
},
{
    "model": "system.configurationentry",
    "pk": 236,
    "fields": {
        "key": "site",
        "value": "5",
        "owner_configuration": 34
    }
},
{
    "model": "system.configurationentry",
    "pk": 237,
    "fields": {
        "key": "uid",
        "value": "5",
        "owner_configuration": 34
    }
},
{
    "model": "system.configurationentry",
    "pk": 238,
    "fields": {
        "key": "os2_product",
        "value": "5",
        "owner_configuration": 34
    }
},
{
    "model": "system.configurationentry",
    "pk": 239,
    "fields": {
        "key": "job_timeout",
        "value": "5",
        "owner_configuration": 34
    }
},
{
    "model": "system.configurationentry",
    "pk": 240,
    "fields": {
        "key": "_os2borgerpc.client_version",
        "value": "5",
        "owner_configuration": 34
    }
},
{
    "model": "system.configurationentry",
    "pk": 241,
    "fields": {
        "key": "updates",
        "value": "5",
        "owner_configuration": 34
    }
},
{
    "model": "system.configurationentry",
    "pk": 242,
    "fields": {
        "key": "security_updates",
        "value": "5",
        "owner_configuration": 34
    }
},
{
    "model": "system.configurationentry",
    "pk": 243,
    "fields": {
        "key": "_os2borgerpc.client_version",
        "value": "5",
        "owner_configuration": 38
    }
},
{
    "model": "system.configurationentry",
    "pk": 244,
    "fields": {
        "key": "_os_name",
        "value": "5",
        "owner_configuration": 38
    }
},
{
    "model": "system.configurationentry",
    "pk": 245,
    "fields": {
        "key": "_os_release",
        "value": "5",
        "owner_configuration": 38
    }
},
{
    "model": "system.configurationentry",
    "pk": 246,
    "fields": {
        "key": "admin_url",
        "value": "5",
        "owner_configuration": 38
    }
},
{
    "model": "system.configurationentry",
    "pk": 247,
    "fields": {
        "key": "distribution",
        "value": "5",
        "owner_configuration": 38
    }
},
{
    "model": "system.configurationentry",
    "pk": 248,
    "fields": {
        "key": "fresh_install",
        "value": "5",
        "owner_configuration": 38
    }
},
{
    "model": "system.configurationentry",
    "pk": 249,
    "fields": {
        "key": "hostname",
        "value": "5",
        "owner_configuration": 38
    }
},
{
    "model": "system.configurationentry",
    "pk": 250,
    "fields": {
        "key": "job_timeout",
        "value": "5",
        "owner_configuration": 38
    }
},
{
    "model": "system.configurationentry",
    "pk": 251,
    "fields": {
        "key": "mac",
        "value": "5",
        "owner_configuration": 38
    }
},
{
    "model": "system.configurationentry",
    "pk": 252,
    "fields": {
        "key": "os2_product",
        "value": "5",
        "owner_configuration": 38
    }
},
{
    "model": "system.configurationentry",
    "pk": 253,
    "fields": {
        "key": "os2borgerpc_version",
        "value": "5",
        "owner_configuration": 38
    }
},
{
    "model": "system.configurationentry",
    "pk": 254,
    "fields": {
        "key": "security_updates",
        "value": "5",
        "owner_configuration": 38
    }
},
{
    "model": "system.configurationentry",
    "pk": 255,
    "fields": {
        "key": "site",
        "value": "5",
        "owner_configuration": 38
    }
},
{
    "model": "system.configurationentry",
    "pk": 256,
    "fields": {
        "key": "test",
        "value": "5",
        "owner_configuration": 38
    }
},
{
    "model": "system.configurationentry",
    "pk": 257,
    "fields": {
        "key": "uid",
        "value": "5",
        "owner_configuration": 38
    }
},
{
    "model": "system.configurationentry",
    "pk": 258,
    "fields": {
        "key": "updates",
        "value": "5",
        "owner_configuration": 38
    }
},
{
    "model": "system.configurationentry",
    "pk": 274,
    "fields": {
        "key": "fsf",
        "value": "5",
        "owner_configuration": 1
    }
},
{
    "model": "system.configurationentry",
    "pk": 277,
    "fields": {
        "key": "sdfs",
        "value": "5",
        "owner_configuration": 1
    }
},
{
    "model": "system.configurationentry",
    "pk": 295,
    "fields": {
        "key": "_os2borgerpc.client_version",
        "value": "5",
        "owner_configuration": 44
    }
},
{
    "model": "system.configurationentry",
    "pk": 296,
    "fields": {
        "key": "_os_name",
        "value": "5",
        "owner_configuration": 44
    }
},
{
    "model": "system.configurationentry",
    "pk": 297,
    "fields": {
        "key": "_os_release",
        "value": "5",
        "owner_configuration": 44
    }
},
{
    "model": "system.configurationentry",
    "pk": 298,
    "fields": {
        "key": "admin_url",
        "value": "5",
        "owner_configuration": 44
    }
},
{
    "model": "system.configurationentry",
    "pk": 299,
    "fields": {
        "key": "distribution",
        "value": "5",
        "owner_configuration": 44
    }
},
{
    "model": "system.configurationentry",
    "pk": 300,
    "fields": {
        "key": "hostname",
        "value": "5",
        "owner_configuration": 44
    }
},
{
    "model": "system.configurationentry",
    "pk": 301,
    "fields": {
        "key": "job_timeout",
        "value": "5",
        "owner_configuration": 44
    }
},
{
    "model": "system.configurationentry",
    "pk": 302,
    "fields": {
        "key": "mac",
        "value": "5",
        "owner_configuration": 44
    }
},
{
    "model": "system.configurationentry",
    "pk": 303,
    "fields": {
        "key": "os2_product",
        "value": "5",
        "owner_configuration": 44
    }
},
{
    "model": "system.configurationentry",
    "pk": 304,
    "fields": {
        "key": "os2borgerpc_version",
        "value": "5",
        "owner_configuration": 44
    }
},
{
    "model": "system.configurationentry",
    "pk": 305,
    "fields": {
        "key": "security_updates",
        "value": "5",
        "owner_configuration": 44
    }
},
{
    "model": "system.configurationentry",
    "pk": 306,
    "fields": {
        "key": "site",
        "value": "5",
        "owner_configuration": 44
    }
},
{
    "model": "system.configurationentry",
    "pk": 307,
    "fields": {
        "key": "test",
        "value": "5",
        "owner_configuration": 44
    }
},
{
    "model": "system.configurationentry",
    "pk": 308,
    "fields": {
        "key": "uid",
        "value": "5",
        "owner_configuration": 44
    }
},
{
    "model": "system.configurationentry",
    "pk": 309,
    "fields": {
        "key": "updates",
        "value": "5",
        "owner_configuration": 44
    }
},
{
    "model": "system.configurationentry",
    "pk": 310,
    "fields": {
        "key": "_os2borgerpc.client_version",
        "value": "5",
        "owner_configuration": 45
    }
},
{
    "model": "system.configurationentry",
    "pk": 311,
    "fields": {
        "key": "_os_name",
        "value": "5",
        "owner_configuration": 45
    }
},
{
    "model": "system.configurationentry",
    "pk": 312,
    "fields": {
        "key": "_os_release",
        "value": "5",
        "owner_configuration": 45
    }
},
{
    "model": "system.configurationentry",
    "pk": 313,
    "fields": {
        "key": "admin_url",
        "value": "5",
        "owner_configuration": 45
    }
},
{
    "model": "system.configurationentry",
    "pk": 314,
    "fields": {
        "key": "distribution",
        "value": "5",
        "owner_configuration": 45
    }
},
{
    "model": "system.configurationentry",
    "pk": 315,
    "fields": {
        "key": "fsf",
        "value": "5",
        "owner_configuration": 45
    }
},
{
    "model": "system.configurationentry",
    "pk": 316,
    "fields": {
        "key": "hostname",
        "value": "5",
        "owner_configuration": 45
    }
},
{
    "model": "system.configurationentry",
    "pk": 317,
    "fields": {
        "key": "job_timeout",
        "value": "5",
        "owner_configuration": 45
    }
},
{
    "model": "system.configurationentry",
    "pk": 318,
    "fields": {
        "key": "mac",
        "value": "5",
        "owner_configuration": 45
    }
},
{
    "model": "system.configurationentry",
    "pk": 319,
    "fields": {
        "key": "os2_product",
        "value": "5",
        "owner_configuration": 45
    }
},
{
    "model": "system.configurationentry",
    "pk": 320,
    "fields": {
        "key": "os2borgerpc_version",
        "value": "5",
        "owner_configuration": 45
    }
},
{
    "model": "system.configurationentry",
    "pk": 321,
    "fields": {
        "key": "q",
        "value": "5",
        "owner_configuration": 45
    }
},
{
    "model": "system.configurationentry",
    "pk": 322,
    "fields": {
        "key": "sdfs",
        "value": "5",
        "owner_configuration": 45
    }
},
{
    "model": "system.configurationentry",
    "pk": 323,
    "fields": {
        "key": "security_updates",
        "value": "5",
        "owner_configuration": 45
    }
},
{
    "model": "system.configurationentry",
    "pk": 324,
    "fields": {
        "key": "site",
        "value": "5",
        "owner_configuration": 45
    }
},
{
    "model": "system.configurationentry",
    "pk": 325,
    "fields": {
        "key": "test",
        "value": "5",
        "owner_configuration": 45
    }
},
{
    "model": "system.configurationentry",
    "pk": 326,
    "fields": {
        "key": "uid",
        "value": "5",
        "owner_configuration": 45
    }
},
{
    "model": "system.configurationentry",
    "pk": 327,
    "fields": {
        "key": "updates",
        "value": "5",
        "owner_configuration": 45
    }
},
{
    "model": "system.configurationentry",
    "pk": 328,
    "fields": {
        "key": "_os2borgerpc.client_version",
        "value": "5",
        "owner_configuration": 46
    }
},
{
    "model": "system.configurationentry",
    "pk": 329,
    "fields": {
        "key": "_os_name",
        "value": "5",
        "owner_configuration": 46
    }
},
{
    "model": "system.configurationentry",
    "pk": 330,
    "fields": {
        "key": "_os_release",
        "value": "5",
        "owner_configuration": 46
    }
},
{
    "model": "system.configurationentry",
    "pk": 331,
    "fields": {
        "key": "admin_url",
        "value": "5",
        "owner_configuration": 46
    }
},
{
    "model": "system.configurationentry",
    "pk": 332,
    "fields": {
        "key": "distribution",
        "value": "5",
        "owner_configuration": 46
    }
},
{
    "model": "system.configurationentry",
    "pk": 333,
    "fields": {
        "key": "hostname",
        "value": "5",
        "owner_configuration": 46
    }
},
{
    "model": "system.configurationentry",
    "pk": 334,
    "fields": {
        "key": "job_timeout",
        "value": "5",
        "owner_configuration": 46
    }
},
{
    "model": "system.configurationentry",
    "pk": 335,
    "fields": {
        "key": "mac",
        "value": "5",
        "owner_configuration": 46
    }
},
{
    "model": "system.configurationentry",
    "pk": 336,
    "fields": {
        "key": "os2_product",
        "value": "5",
        "owner_configuration": 46
    }
},
{
    "model": "system.configurationentry",
    "pk": 337,
    "fields": {
        "key": "os2borgerpc_version",
        "value": "5",
        "owner_configuration": 46
    }
},
{
    "model": "system.configurationentry",
    "pk": 338,
    "fields": {
        "key": "site",
        "value": "5",
        "owner_configuration": 46
    }
},
{
    "model": "system.configurationentry",
    "pk": 339,
    "fields": {
        "key": "test",
        "value": "5",
        "owner_configuration": 46
    }
},
{
    "model": "system.configurationentry",
    "pk": 340,
    "fields": {
        "key": "uid",
        "value": "5",
        "owner_configuration": 46
    }
},
{
    "model": "system.configurationentry",
    "pk": 341,
    "fields": {
        "key": "updates",
        "value": "5",
        "owner_configuration": 46
    }
},
{
    "model": "system.configurationentry",
    "pk": 342,
    "fields": {
        "key": "security_updates",
        "value": "5",
        "owner_configuration": 46
    }
},
{
    "model": "system.configurationentry",
    "pk": 343,
    "fields": {
        "key": "_os2borgerpc.client_version",
        "value": "5",
        "owner_configuration": 48
    }
},
{
    "model": "system.configurationentry",
    "pk": 344,
    "fields": {
        "key": "_os_name",
        "value": "5",
        "owner_configuration": 48
    }
},
{
    "model": "system.configurationentry",
    "pk": 345,
    "fields": {
        "key": "_os_release",
        "value": "5",
        "owner_configuration": 48
    }
},
{
    "model": "system.configurationentry",
    "pk": 346,
    "fields": {
        "key": "admin_url",
        "value": "5",
        "owner_configuration": 48
    }
},
{
    "model": "system.configurationentry",
    "pk": 347,
    "fields": {
        "key": "distribution",
        "value": "5",
        "owner_configuration": 48
    }
},
{
    "model": "system.configurationentry",
    "pk": 348,
    "fields": {
        "key": "hostname",
        "value": "5",
        "owner_configuration": 48
    }
},
{
    "model": "system.configurationentry",
    "pk": 349,
    "fields": {
        "key": "job_timeout",
        "value": "5",
        "owner_configuration": 48
    }
},
{
    "model": "system.configurationentry",
    "pk": 350,
    "fields": {
        "key": "mac",
        "value": "5",
        "owner_configuration": 48
    }
},
{
    "model": "system.configurationentry",
    "pk": 351,
    "fields": {
        "key": "os2_product",
        "value": "5",
        "owner_configuration": 48
    }
},
{
    "model": "system.configurationentry",
    "pk": 352,
    "fields": {
        "key": "os2borgerpc_version",
        "value": "5",
        "owner_configuration": 48
    }
},
{
    "model": "system.configurationentry",
    "pk": 353,
    "fields": {
        "key": "security_updates",
        "value": "5",
        "owner_configuration": 48
    }
},
{
    "model": "system.configurationentry",
    "pk": 354,
    "fields": {
        "key": "site",
        "value": "5",
        "owner_configuration": 48
    }
},
{
    "model": "system.configurationentry",
    "pk": 355,
    "fields": {
        "key": "test",
        "value": "5",
        "owner_configuration": 48
    }
},
{
    "model": "system.configurationentry",
    "pk": 356,
    "fields": {
        "key": "uid",
        "value": "5",
        "owner_configuration": 48
    }
},
{
    "model": "system.configurationentry",
    "pk": 357,
    "fields": {
        "key": "updates",
        "value": "5",
        "owner_configuration": 48
    }
},
{
    "model": "system.configurationentry",
    "pk": 358,
    "fields": {
        "key": "_os2borgerpc.client_version",
        "value": "5",
        "owner_configuration": 49
    }
},
{
    "model": "system.configurationentry",
    "pk": 359,
    "fields": {
        "key": "admin_url",
        "value": "5",
        "owner_configuration": 49
    }
},
{
    "model": "system.configurationentry",
    "pk": 360,
    "fields": {
        "key": "distribution",
        "value": "5",
        "owner_configuration": 49
    }
},
{
    "model": "system.configurationentry",
    "pk": 361,
    "fields": {
        "key": "fresh_install",
        "value": "5",
        "owner_configuration": 49
    }
},
{
    "model": "system.configurationentry",
    "pk": 362,
    "fields": {
        "key": "hostname",
        "value": "5",
        "owner_configuration": 49
    }
},
{
    "model": "system.configurationentry",
    "pk": 363,
    "fields": {
        "key": "job_timeout",
        "value": "5",
        "owner_configuration": 49
    }
},
{
    "model": "system.configurationentry",
    "pk": 364,
    "fields": {
        "key": "mac",
        "value": "5",
        "owner_configuration": 49
    }
},
{
    "model": "system.configurationentry",
    "pk": 365,
    "fields": {
        "key": "os2_product",
        "value": "5",
        "owner_configuration": 49
    }
},
{
    "model": "system.configurationentry",
    "pk": 366,
    "fields": {
        "key": "os2borgerpc_version",
        "value": "5",
        "owner_configuration": 49
    }
},
{
    "model": "system.configurationentry",
    "pk": 367,
    "fields": {
        "key": "security_updates",
        "value": "5",
        "owner_configuration": 49
    }
},
{
    "model": "system.configurationentry",
    "pk": 368,
    "fields": {
        "key": "site",
        "value": "5",
        "owner_configuration": 49
    }
},
{
    "model": "system.configurationentry",
    "pk": 369,
    "fields": {
        "key": "test",
        "value": "5",
        "owner_configuration": 49
    }
},
{
    "model": "system.configurationentry",
    "pk": 370,
    "fields": {
        "key": "uid",
        "value": "5",
        "owner_configuration": 49
    }
},
{
    "model": "system.configurationentry",
    "pk": 371,
    "fields": {
        "key": "updates",
        "value": "5",
        "owner_configuration": 49
    }
},
{
    "model": "system.configurationentry",
    "pk": 372,
    "fields": {
        "key": "_os_release",
        "value": "5",
        "owner_configuration": 49
    }
},
{
    "model": "system.configurationentry",
    "pk": 373,
    "fields": {
        "key": "_os_name",
        "value": "5",
        "owner_configuration": 49
    }
},
{
    "model": "system.configurationentry",
    "pk": 374,
    "fields": {
        "key": "_os2borgerpc.client_version",
        "value": "5",
        "owner_configuration": 50
    }
},
{
    "model": "system.configurationentry",
    "pk": 375,
    "fields": {
        "key": "admin_url",
        "value": "5",
        "owner_configuration": 50
    }
},
{
    "model": "system.configurationentry",
    "pk": 376,
    "fields": {
        "key": "distribution",
        "value": "5",
        "owner_configuration": 50
    }
},
{
    "model": "system.configurationentry",
    "pk": 377,
    "fields": {
        "key": "fresh_install",
        "value": "5",
        "owner_configuration": 50
    }
},
{
    "model": "system.configurationentry",
    "pk": 378,
    "fields": {
        "key": "hostname",
        "value": "5",
        "owner_configuration": 50
    }
},
{
    "model": "system.configurationentry",
    "pk": 379,
    "fields": {
        "key": "job_timeout",
        "value": "5",
        "owner_configuration": 50
    }
},
{
    "model": "system.configurationentry",
    "pk": 380,
    "fields": {
        "key": "mac",
        "value": "5",
        "owner_configuration": 50
    }
},
{
    "model": "system.configurationentry",
    "pk": 381,
    "fields": {
        "key": "os2_product",
        "value": "5",
        "owner_configuration": 50
    }
},
{
    "model": "system.configurationentry",
    "pk": 382,
    "fields": {
        "key": "os2borgerpc_version",
        "value": "5",
        "owner_configuration": 50
    }
},
{
    "model": "system.configurationentry",
    "pk": 383,
    "fields": {
        "key": "security_updates",
        "value": "5",
        "owner_configuration": 50
    }
},
{
    "model": "system.configurationentry",
    "pk": 384,
    "fields": {
        "key": "site",
        "value": "5",
        "owner_configuration": 50
    }
},
{
    "model": "system.configurationentry",
    "pk": 385,
    "fields": {
        "key": "test",
        "value": "5",
        "owner_configuration": 50
    }
},
{
    "model": "system.configurationentry",
    "pk": 386,
    "fields": {
        "key": "uid",
        "value": "5",
        "owner_configuration": 50
    }
},
{
    "model": "system.configurationentry",
    "pk": 387,
    "fields": {
        "key": "updates",
        "value": "5",
        "owner_configuration": 50
    }
},
{
    "model": "system.configurationentry",
    "pk": 388,
    "fields": {
        "key": "user_login_duration",
        "value": "5",
        "owner_configuration": 50
    }
},
{
    "model": "system.configurationentry",
    "pk": 389,
    "fields": {
        "key": "user_quarantine_duration",
        "value": "5",
        "owner_configuration": 50
    }
},
{
    "model": "system.configurationentry",
    "pk": 390,
    "fields": {
        "key": "_os2borgerpc.client_version",
        "value": "5",
        "owner_configuration": 51
    }
},
{
    "model": "system.configurationentry",
    "pk": 391,
    "fields": {
        "key": "admin_url",
        "value": "5",
        "owner_configuration": 51
    }
},
{
    "model": "system.configurationentry",
    "pk": 392,
    "fields": {
        "key": "distribution",
        "value": "5",
        "owner_configuration": 51
    }
},
{
    "model": "system.configurationentry",
    "pk": 393,
    "fields": {
        "key": "hostname",
        "value": "5",
        "owner_configuration": 51
    }
},
{
    "model": "system.configurationentry",
    "pk": 394,
    "fields": {
        "key": "job_timeout",
        "value": "5",
        "owner_configuration": 51
    }
},
{
    "model": "system.configurationentry",
    "pk": 395,
    "fields": {
        "key": "mac",
        "value": "5",
        "owner_configuration": 51
    }
},
{
    "model": "system.configurationentry",
    "pk": 396,
    "fields": {
        "key": "os2_product",
        "value": "5",
        "owner_configuration": 51
    }
},
{
    "model": "system.configurationentry",
    "pk": 397,
    "fields": {
        "key": "security_updates",
        "value": "5",
        "owner_configuration": 51
    }
},
{
    "model": "system.configurationentry",
    "pk": 398,
    "fields": {
        "key": "site",
        "value": "5",
        "owner_configuration": 51
    }
},
{
    "model": "system.configurationentry",
    "pk": 399,
    "fields": {
        "key": "test",
        "value": "5",
        "owner_configuration": 51
    }
},
{
    "model": "system.configurationentry",
    "pk": 400,
    "fields": {
        "key": "uid",
        "value": "5",
        "owner_configuration": 51
    }
},
{
    "model": "system.configurationentry",
    "pk": 401,
    "fields": {
        "key": "updates",
        "value": "5",
        "owner_configuration": 51
    }
},
{
    "model": "system.configurationentry",
    "pk": 416,
    "fields": {
        "key": "_os2borgerpc.client_version",
        "value": "5",
        "owner_configuration": 55
    }
},
{
    "model": "system.configurationentry",
    "pk": 417,
    "fields": {
        "key": "_os_name",
        "value": "5",
        "owner_configuration": 55
    }
},
{
    "model": "system.configurationentry",
    "pk": 418,
    "fields": {
        "key": "_os_release",
        "value": "5",
        "owner_configuration": 55
    }
},
{
    "model": "system.configurationentry",
    "pk": 419,
    "fields": {
        "key": "admin_url",
        "value": "5",
        "owner_configuration": 55
    }
},
{
    "model": "system.configurationentry",
    "pk": 420,
    "fields": {
        "key": "distribution",
        "value": "5",
        "owner_configuration": 55
    }
},
{
    "model": "system.configurationentry",
    "pk": 421,
    "fields": {
        "key": "hostname",
        "value": "5",
        "owner_configuration": 55
    }
},
{
    "model": "system.configurationentry",
    "pk": 422,
    "fields": {
        "key": "job_timeout",
        "value": "5",
        "owner_configuration": 55
    }
},
{
    "model": "system.configurationentry",
    "pk": 423,
    "fields": {
        "key": "mac",
        "value": "5",
        "owner_configuration": 55
    }
},
{
    "model": "system.configurationentry",
    "pk": 424,
    "fields": {
        "key": "os2_product",
        "value": "5",
        "owner_configuration": 55
    }
},
{
    "model": "system.configurationentry",
    "pk": 425,
    "fields": {
        "key": "security_updates",
        "value": "5",
        "owner_configuration": 55
    }
},
{
    "model": "system.configurationentry",
    "pk": 426,
    "fields": {
        "key": "site",
        "value": "5",
        "owner_configuration": 55
    }
},
{
    "model": "system.configurationentry",
    "pk": 427,
    "fields": {
        "key": "test",
        "value": "5",
        "owner_configuration": 55
    }
},
{
    "model": "system.configurationentry",
    "pk": 428,
    "fields": {
        "key": "uid",
        "value": "5",
        "owner_configuration": 55
    }
},
{
    "model": "system.configurationentry",
    "pk": 429,
    "fields": {
        "key": "updates",
        "value": "5",
        "owner_configuration": 55
    }
},
{
    "model": "system.configurationentry",
    "pk": 444,
    "fields": {
        "key": "_os2borgerpc.client_version",
        "value": "5",
        "owner_configuration": 54
    }
},
{
    "model": "system.configurationentry",
    "pk": 445,
    "fields": {
        "key": "_os_name",
        "value": "5",
        "owner_configuration": 54
    }
},
{
    "model": "system.configurationentry",
    "pk": 446,
    "fields": {
        "key": "_os_release",
        "value": "5",
        "owner_configuration": 54
    }
},
{
    "model": "system.configurationentry",
    "pk": 447,
    "fields": {
        "key": "admin_url",
        "value": "5",
        "owner_configuration": 54
    }
},
{
    "model": "system.configurationentry",
    "pk": 448,
    "fields": {
        "key": "distribution",
        "value": "5",
        "owner_configuration": 54
    }
},
{
    "model": "system.configurationentry",
    "pk": 449,
    "fields": {
        "key": "hostname",
        "value": "5",
        "owner_configuration": 54
    }
},
{
    "model": "system.configurationentry",
    "pk": 450,
    "fields": {
        "key": "job_timeout",
        "value": "5",
        "owner_configuration": 54
    }
},
{
    "model": "system.configurationentry",
    "pk": 451,
    "fields": {
        "key": "mac",
        "value": "5",
        "owner_configuration": 54
    }
},
{
    "model": "system.configurationentry",
    "pk": 452,
    "fields": {
        "key": "os2_product",
        "value": "5",
        "owner_configuration": 54
    }
},
{
    "model": "system.configurationentry",
    "pk": 453,
    "fields": {
        "key": "os2borgerpc_version",
        "value": "5",
        "owner_configuration": 54
    }
},
{
    "model": "system.configurationentry",
    "pk": 454,
    "fields": {
        "key": "security_updates",
        "value": "5",
        "owner_configuration": 54
    }
},
{
    "model": "system.configurationentry",
    "pk": 455,
    "fields": {
        "key": "site",
        "value": "5",
        "owner_configuration": 54
    }
},
{
    "model": "system.configurationentry",
    "pk": 456,
    "fields": {
        "key": "uid",
        "value": "5",
        "owner_configuration": 54
    }
},
{
    "model": "system.configurationentry",
    "pk": 457,
    "fields": {
        "key": "updates",
        "value": "5",
        "owner_configuration": 54
    }
},
{
    "model": "system.configurationentry",
    "pk": 458,
    "fields": {
        "key": "_os2borgerpc.client_version",
        "value": "5",
        "owner_configuration": 56
    }
},
{
    "model": "system.configurationentry",
    "pk": 459,
    "fields": {
        "key": "_os_name",
        "value": "5",
        "owner_configuration": 56
    }
},
{
    "model": "system.configurationentry",
    "pk": 460,
    "fields": {
        "key": "_os_release",
        "value": "5",
        "owner_configuration": 56
    }
},
{
    "model": "system.configurationentry",
    "pk": 461,
    "fields": {
        "key": "admin_url",
        "value": "5",
        "owner_configuration": 56
    }
},
{
    "model": "system.configurationentry",
    "pk": 462,
    "fields": {
        "key": "distribution",
        "value": "5",
        "owner_configuration": 56
    }
},
{
    "model": "system.configurationentry",
    "pk": 463,
    "fields": {
        "key": "hostname",
        "value": "5",
        "owner_configuration": 56
    }
},
{
    "model": "system.configurationentry",
    "pk": 464,
    "fields": {
        "key": "job_timeout",
        "value": "5",
        "owner_configuration": 56
    }
},
{
    "model": "system.configurationentry",
    "pk": 465,
    "fields": {
        "key": "mac",
        "value": "5",
        "owner_configuration": 56
    }
},
{
    "model": "system.configurationentry",
    "pk": 466,
    "fields": {
        "key": "os2_product",
        "value": "5",
        "owner_configuration": 56
    }
},
{
    "model": "system.configurationentry",
    "pk": 467,
    "fields": {
        "key": "os2borgerpc_version",
        "value": "5",
        "owner_configuration": 56
    }
},
{
    "model": "system.configurationentry",
    "pk": 468,
    "fields": {
        "key": "security_updates",
        "value": "5",
        "owner_configuration": 56
    }
},
{
    "model": "system.configurationentry",
    "pk": 469,
    "fields": {
        "key": "site",
        "value": "5",
        "owner_configuration": 56
    }
},
{
    "model": "system.configurationentry",
    "pk": 470,
    "fields": {
        "key": "test",
        "value": "5",
        "owner_configuration": 56
    }
},
{
    "model": "system.configurationentry",
    "pk": 471,
    "fields": {
        "key": "uid",
        "value": "5",
        "owner_configuration": 56
    }
},
{
    "model": "system.configurationentry",
    "pk": 472,
    "fields": {
        "key": "updates",
        "value": "5",
        "owner_configuration": 56
    }
},
{
    "model": "system.configurationentry",
    "pk": 473,
    "fields": {
        "key": "_os2borgerpc.client_version",
        "value": "5",
        "owner_configuration": 57
    }
},
{
    "model": "system.configurationentry",
    "pk": 474,
    "fields": {
        "key": "_os_name",
        "value": "5",
        "owner_configuration": 57
    }
},
{
    "model": "system.configurationentry",
    "pk": 475,
    "fields": {
        "key": "_os_release",
        "value": "5",
        "owner_configuration": 57
    }
},
{
    "model": "system.configurationentry",
    "pk": 476,
    "fields": {
        "key": "admin_url",
        "value": "5",
        "owner_configuration": 57
    }
},
{
    "model": "system.configurationentry",
    "pk": 477,
    "fields": {
        "key": "distribution",
        "value": "5",
        "owner_configuration": 57
    }
},
{
    "model": "system.configurationentry",
    "pk": 478,
    "fields": {
        "key": "hostname",
        "value": "5",
        "owner_configuration": 57
    }
},
{
    "model": "system.configurationentry",
    "pk": 479,
    "fields": {
        "key": "job_timeout",
        "value": "5",
        "owner_configuration": 57
    }
},
{
    "model": "system.configurationentry",
    "pk": 480,
    "fields": {
        "key": "mac",
        "value": "5",
        "owner_configuration": 57
    }
},
{
    "model": "system.configurationentry",
    "pk": 481,
    "fields": {
        "key": "os2_product",
        "value": "5",
        "owner_configuration": 57
    }
},
{
    "model": "system.configurationentry",
    "pk": 482,
    "fields": {
        "key": "os2borgerpc_version",
        "value": "5",
        "owner_configuration": 57
    }
},
{
    "model": "system.configurationentry",
    "pk": 483,
    "fields": {
        "key": "security_updates",
        "value": "5",
        "owner_configuration": 57
    }
},
{
    "model": "system.configurationentry",
    "pk": 484,
    "fields": {
        "key": "site",
        "value": "5",
        "owner_configuration": 57
    }
},
{
    "model": "system.configurationentry",
    "pk": 485,
    "fields": {
        "key": "test",
        "value": "5",
        "owner_configuration": 57
    }
},
{
    "model": "system.configurationentry",
    "pk": 486,
    "fields": {
        "key": "uid",
        "value": "5",
        "owner_configuration": 57
    }
},
{
    "model": "system.configurationentry",
    "pk": 487,
    "fields": {
        "key": "updates",
        "value": "5",
        "owner_configuration": 57
    }
},
{
    "model": "system.configurationentry",
    "pk": 488,
    "fields": {
        "key": "admin_url",
        "value": "5",
        "owner_configuration": 59
    }
},
{
    "model": "system.configurationentry",
    "pk": 489,
    "fields": {
        "key": "distribution",
        "value": "5",
        "owner_configuration": 59
    }
},
{
    "model": "system.configurationentry",
    "pk": 490,
    "fields": {
        "key": "hostname",
        "value": "5",
        "owner_configuration": 59
    }
},
{
    "model": "system.configurationentry",
    "pk": 491,
    "fields": {
        "key": "mac",
        "value": "5",
        "owner_configuration": 59
    }
},
{
    "model": "system.configurationentry",
    "pk": 492,
    "fields": {
        "key": "os2_product",
        "value": "5",
        "owner_configuration": 59
    }
},
{
    "model": "system.configurationentry",
    "pk": 493,
    "fields": {
        "key": "os2borgerpc_version",
        "value": "5",
        "owner_configuration": 59
    }
},
{
    "model": "system.configurationentry",
    "pk": 494,
    "fields": {
        "key": "site",
        "value": "5",
        "owner_configuration": 59
    }
},
{
    "model": "system.configurationentry",
    "pk": 495,
    "fields": {
        "key": "uid",
        "value": "5",
        "owner_configuration": 59
    }
},
{
    "model": "system.configurationentry",
    "pk": 496,
    "fields": {
        "key": "job_timeout",
        "value": "5",
        "owner_configuration": 59
    }
},
{
    "model": "system.configurationentry",
    "pk": 497,
    "fields": {
        "key": "_os2borgerpc.client_version",
        "value": "5",
        "owner_configuration": 59
    }
},
{
    "model": "system.configurationentry",
    "pk": 498,
    "fields": {
        "key": "_os_release",
        "value": "5",
        "owner_configuration": 59
    }
},
{
    "model": "system.configurationentry",
    "pk": 499,
    "fields": {
        "key": "_os_name",
        "value": "5",
        "owner_configuration": 59
    }
},
{
    "model": "system.configurationentry",
    "pk": 500,
    "fields": {
        "key": "updates",
        "value": "5",
        "owner_configuration": 59
    }
},
{
    "model": "system.configurationentry",
    "pk": 501,
    "fields": {
        "key": "security_updates",
        "value": "5",
        "owner_configuration": 59
    }
},
{
    "model": "system.site",
    "pk": 1,
    "fields": {
        "name": "Magenta",
        "uid": "magenta",
        "configuration": 1,
        "paid_for_access_until": "2022-04-02",
        "isil": "",
        "user_login_duration": "01:00:00",
        "user_quarantine_duration": "04:00:00"
    }
},
{
    "model": "system.site",
    "pk": 9,
    "fields": {
        "name": "Magenta Test",
        "uid": "magenta-test",
        "configuration": 60,
        "paid_for_access_until": "2025-01-17",
        "isil": "",
        "user_login_duration": "01:00:00",
        "user_quarantine_duration": "04:00:00"
    }
},
{
    "model": "system.site",
    "pk": 10,
    "fields": {
        "name": "Site3",
        "uid": "site3",
        "configuration": 61,
        "paid_for_access_until": "2024-04-01",
        "isil": "",
        "user_login_duration": "01:00:00",
        "user_quarantine_duration": "04:00:00"
    }
},
{
    "model": "system.pcgroup",
    "pk": 1,
    "fields": {
        "name": "Gruppe3",
        "uid": "gruppe3",
        "description": "",
        "site": 1,
        "configuration": 5
    }
},
{
    "model": "system.pcgroup",
    "pk": 3,
    "fields": {
        "name": "Gruppe5",
        "uid": "gruppe5",
        "description": "",
        "site": 1,
        "configuration": 21
    }
},
{
    "model": "system.pcgroup",
    "pk": 9,
    "fields": {
        "name": "Gruppe4",
        "uid": "gruppe4",
        "description": "",
        "site": 1,
        "configuration": 33
    }
},
{
    "model": "system.pcgroup",
    "pk": 10,
    "fields": {
        "name": "Gruppe1",
        "uid": "gruppe1",
        "description": "test",
        "site": 1,
        "configuration": 35
    }
},
{
    "model": "system.pcgroup",
    "pk": 17,
    "fields": {
        "name": "Gruppe2",
        "uid": "gruppe2",
        "description": "-",
        "site": 1,
        "configuration": 58
    }
}
]
