[{"model": "auth.permission", "pk": 1, "fields": {"name": "Can add permission", "content_type": 1, "codename": "add_permission"}}, {"model": "auth.permission", "pk": 2, "fields": {"name": "Can change permission", "content_type": 1, "codename": "change_permission"}}, {"model": "auth.permission", "pk": 3, "fields": {"name": "Can delete permission", "content_type": 1, "codename": "delete_permission"}}, {"model": "auth.permission", "pk": 4, "fields": {"name": "Can view permission", "content_type": 1, "codename": "view_permission"}}, {"model": "auth.permission", "pk": 5, "fields": {"name": "Can add group", "content_type": 2, "codename": "add_group"}}, {"model": "auth.permission", "pk": 6, "fields": {"name": "Can change group", "content_type": 2, "codename": "change_group"}}, {"model": "auth.permission", "pk": 7, "fields": {"name": "Can delete group", "content_type": 2, "codename": "delete_group"}}, {"model": "auth.permission", "pk": 8, "fields": {"name": "Can view group", "content_type": 2, "codename": "view_group"}}, {"model": "auth.permission", "pk": 9, "fields": {"name": "Can add user", "content_type": 3, "codename": "add_user"}}, {"model": "auth.permission", "pk": 10, "fields": {"name": "Can change user", "content_type": 3, "codename": "change_user"}}, {"model": "auth.permission", "pk": 11, "fields": {"name": "Can delete user", "content_type": 3, "codename": "delete_user"}}, {"model": "auth.permission", "pk": 12, "fields": {"name": "Can view user", "content_type": 3, "codename": "view_user"}}, {"model": "auth.permission", "pk": 13, "fields": {"name": "Can add content type", "content_type": 4, "codename": "add_contenttype"}}, {"model": "auth.permission", "pk": 14, "fields": {"name": "Can change content type", "content_type": 4, "codename": "change_contenttype"}}, {"model": "auth.permission", "pk": 15, "fields": {"name": "Can delete content type", "content_type": 4, "codename": "delete_contenttype"}}, {"model": "auth.permission", "pk": 16, "fields": {"name": "Can view content type", "content_type": 4, "codename": "view_contenttype"}}, {"model": "auth.permission", "pk": 17, "fields": {"name": "Can add session", "content_type": 5, "codename": "add_session"}}, {"model": "auth.permission", "pk": 18, "fields": {"name": "Can change session", "content_type": 5, "codename": "change_session"}}, {"model": "auth.permission", "pk": 19, "fields": {"name": "Can delete session", "content_type": 5, "codename": "delete_session"}}, {"model": "auth.permission", "pk": 20, "fields": {"name": "Can view session", "content_type": 5, "codename": "view_session"}}, {"model": "auth.permission", "pk": 21, "fields": {"name": "Can add site", "content_type": 6, "codename": "add_site"}}, {"model": "auth.permission", "pk": 22, "fields": {"name": "Can change site", "content_type": 6, "codename": "change_site"}}, {"model": "auth.permission", "pk": 23, "fields": {"name": "Can delete site", "content_type": 6, "codename": "delete_site"}}, {"model": "auth.permission", "pk": 24, "fields": {"name": "Can view site", "content_type": 6, "codename": "view_site"}}, {"model": "auth.permission", "pk": 25, "fields": {"name": "Can add log entry", "content_type": 7, "codename": "add_logentry"}}, {"model": "auth.permission", "pk": 26, "fields": {"name": "Can change log entry", "content_type": 7, "codename": "change_logentry"}}, {"model": "auth.permission", "pk": 27, "fields": {"name": "Can delete log entry", "content_type": 7, "codename": "delete_logentry"}}, {"model": "auth.permission", "pk": 28, "fields": {"name": "Can view log entry", "content_type": 7, "codename": "view_logentry"}}, {"model": "auth.permission", "pk": 29, "fields": {"name": "Can add batch", "content_type": 8, "codename": "add_batch"}}, {"model": "auth.permission", "pk": 30, "fields": {"name": "Can change batch", "content_type": 8, "codename": "change_batch"}}, {"model": "auth.permission", "pk": 31, "fields": {"name": "Can delete batch", "content_type": 8, "codename": "delete_batch"}}, {"model": "auth.permission", "pk": 32, "fields": {"name": "Can view batch", "content_type": 8, "codename": "view_batch"}}, {"model": "auth.permission", "pk": 33, "fields": {"name": "Can add configuration", "content_type": 9, "codename": "add_configuration"}}, {"model": "auth.permission", "pk": 34, "fields": {"name": "Can change configuration", "content_type": 9, "codename": "change_configuration"}}, {"model": "auth.permission", "pk": 35, "fields": {"name": "Can delete configuration", "content_type": 9, "codename": "delete_configuration"}}, {"model": "auth.permission", "pk": 36, "fields": {"name": "Can view configuration", "content_type": 9, "codename": "view_configuration"}}, {"model": "auth.permission", "pk": 37, "fields": {"name": "Can add configuration entry", "content_type": 10, "codename": "add_configurationentry"}}, {"model": "auth.permission", "pk": 38, "fields": {"name": "Can change configuration entry", "content_type": 10, "codename": "change_configurationentry"}}, {"model": "auth.permission", "pk": 39, "fields": {"name": "Can delete configuration entry", "content_type": 10, "codename": "delete_configurationentry"}}, {"model": "auth.permission", "pk": 40, "fields": {"name": "Can view configuration entry", "content_type": 10, "codename": "view_configurationentry"}}, {"model": "auth.permission", "pk": 41, "fields": {"name": "Can add input", "content_type": 11, "codename": "add_input"}}, {"model": "auth.permission", "pk": 42, "fields": {"name": "Can change input", "content_type": 11, "codename": "change_input"}}, {"model": "auth.permission", "pk": 43, "fields": {"name": "Can delete input", "content_type": 11, "codename": "delete_input"}}, {"model": "auth.permission", "pk": 44, "fields": {"name": "Can view input", "content_type": 11, "codename": "view_input"}}, {"model": "auth.permission", "pk": 45, "fields": {"name": "Can add job", "content_type": 12, "codename": "add_job"}}, {"model": "auth.permission", "pk": 46, "fields": {"name": "Can change job", "content_type": 12, "codename": "change_job"}}, {"model": "auth.permission", "pk": 47, "fields": {"name": "Can delete job", "content_type": 12, "codename": "delete_job"}}, {"model": "auth.permission", "pk": 48, "fields": {"name": "Can view job", "content_type": 12, "codename": "view_job"}}, {"model": "auth.permission", "pk": 49, "fields": {"name": "Can add batch parameter", "content_type": 13, "codename": "add_batchparameter"}}, {"model": "auth.permission", "pk": 50, "fields": {"name": "Can change batch parameter", "content_type": 13, "codename": "change_batchparameter"}}, {"model": "auth.permission", "pk": 51, "fields": {"name": "Can delete batch parameter", "content_type": 13, "codename": "delete_batchparameter"}}, {"model": "auth.permission", "pk": 52, "fields": {"name": "Can view batch parameter", "content_type": 13, "codename": "view_batchparameter"}}, {"model": "auth.permission", "pk": 53, "fields": {"name": "Can add pc", "content_type": 14, "codename": "add_pc"}}, {"model": "auth.permission", "pk": 54, "fields": {"name": "Can change pc", "content_type": 14, "codename": "change_pc"}}, {"model": "auth.permission", "pk": 55, "fields": {"name": "Can delete pc", "content_type": 14, "codename": "delete_pc"}}, {"model": "auth.permission", "pk": 56, "fields": {"name": "Can view pc", "content_type": 14, "codename": "view_pc"}}, {"model": "auth.permission", "pk": 57, "fields": {"name": "Can add pc group", "content_type": 15, "codename": "add_pcgroup"}}, {"model": "auth.permission", "pk": 58, "fields": {"name": "Can change pc group", "content_type": 15, "codename": "change_pcgroup"}}, {"model": "auth.permission", "pk": 59, "fields": {"name": "Can delete pc group", "content_type": 15, "codename": "delete_pcgroup"}}, {"model": "auth.permission", "pk": 60, "fields": {"name": "Can view pc group", "content_type": 15, "codename": "view_pcgroup"}}, {"model": "auth.permission", "pk": 61, "fields": {"name": "Can add script", "content_type": 16, "codename": "add_script"}}, {"model": "auth.permission", "pk": 62, "fields": {"name": "Can change script", "content_type": 16, "codename": "change_script"}}, {"model": "auth.permission", "pk": 63, "fields": {"name": "Can delete script", "content_type": 16, "codename": "delete_script"}}, {"model": "auth.permission", "pk": 64, "fields": {"name": "Can view script", "content_type": 16, "codename": "view_script"}}, {"model": "auth.permission", "pk": 65, "fields": {"name": "Can add security event", "content_type": 17, "codename": "add_securityevent"}}, {"model": "auth.permission", "pk": 66, "fields": {"name": "Can change security event", "content_type": 17, "codename": "change_securityevent"}}, {"model": "auth.permission", "pk": 67, "fields": {"name": "Can delete security event", "content_type": 17, "codename": "delete_securityevent"}}, {"model": "auth.permission", "pk": 68, "fields": {"name": "Can view security event", "content_type": 17, "codename": "view_securityevent"}}, {"model": "auth.permission", "pk": 69, "fields": {"name": "Can add security problem", "content_type": 18, "codename": "add_securityproblem"}}, {"model": "auth.permission", "pk": 70, "fields": {"name": "Can change security problem", "content_type": 18, "codename": "change_securityproblem"}}, {"model": "auth.permission", "pk": 71, "fields": {"name": "Can delete security problem", "content_type": 18, "codename": "delete_securityproblem"}}, {"model": "auth.permission", "pk": 72, "fields": {"name": "Can view security problem", "content_type": 18, "codename": "view_securityproblem"}}, {"model": "auth.permission", "pk": 73, "fields": {"name": "Can add site", "content_type": 19, "codename": "add_site"}}, {"model": "auth.permission", "pk": 74, "fields": {"name": "Can change site", "content_type": 19, "codename": "change_site"}}, {"model": "auth.permission", "pk": 75, "fields": {"name": "Can delete site", "content_type": 19, "codename": "delete_site"}}, {"model": "auth.permission", "pk": 76, "fields": {"name": "Can view site", "content_type": 19, "codename": "view_site"}}, {"model": "auth.permission", "pk": 77, "fields": {"name": "Can add associated script", "content_type": 20, "codename": "add_associatedscript"}}, {"model": "auth.permission", "pk": 78, "fields": {"name": "Can change associated script", "content_type": 20, "codename": "change_associatedscript"}}, {"model": "auth.permission", "pk": 79, "fields": {"name": "Can delete associated script", "content_type": 20, "codename": "delete_associatedscript"}}, {"model": "auth.permission", "pk": 80, "fields": {"name": "Can view associated script", "content_type": 20, "codename": "view_associatedscript"}}, {"model": "auth.permission", "pk": 81, "fields": {"name": "Can add associated script parameter", "content_type": 21, "codename": "add_associatedscriptparameter"}}, {"model": "auth.permission", "pk": 82, "fields": {"name": "Can change associated script parameter", "content_type": 21, "codename": "change_associatedscriptparameter"}}, {"model": "auth.permission", "pk": 83, "fields": {"name": "Can delete associated script parameter", "content_type": 21, "codename": "delete_associatedscriptparameter"}}, {"model": "auth.permission", "pk": 84, "fields": {"name": "Can view associated script parameter", "content_type": 21, "codename": "view_associatedscriptparameter"}}, {"model": "auth.permission", "pk": 85, "fields": {"name": "Can add image version", "content_type": 22, "codename": "add_imageversion"}}, {"model": "auth.permission", "pk": 86, "fields": {"name": "Can change image version", "content_type": 22, "codename": "change_imageversion"}}, {"model": "auth.permission", "pk": 87, "fields": {"name": "Can delete image version", "content_type": 22, "codename": "delete_imageversion"}}, {"model": "auth.permission", "pk": 88, "fields": {"name": "Can view image version", "content_type": 22, "codename": "view_imageversion"}}, {"model": "auth.permission", "pk": 89, "fields": {"name": "Can add script tag", "content_type": 23, "codename": "add_scripttag"}}, {"model": "auth.permission", "pk": 90, "fields": {"name": "Can change script tag", "content_type": 23, "codename": "change_scripttag"}}, {"model": "auth.permission", "pk": 91, "fields": {"name": "Can delete script tag", "content_type": 23, "codename": "delete_scripttag"}}, {"model": "auth.permission", "pk": 92, "fields": {"name": "Can view script tag", "content_type": 23, "codename": "view_scripttag"}}, {"model": "auth.permission", "pk": 93, "fields": {"name": "Can add citizen", "content_type": 24, "codename": "add_citizen"}}, {"model": "auth.permission", "pk": 94, "fields": {"name": "Can change citizen", "content_type": 24, "codename": "change_citizen"}}, {"model": "auth.permission", "pk": 95, "fields": {"name": "Can delete citizen", "content_type": 24, "codename": "delete_citizen"}}, {"model": "auth.permission", "pk": 96, "fields": {"name": "Can view citizen", "content_type": 24, "codename": "view_citizen"}}, {"model": "auth.permission", "pk": 97, "fields": {"name": "Can add user profile", "content_type": 25, "codename": "add_userprofile"}}, {"model": "auth.permission", "pk": 98, "fields": {"name": "Can change user profile", "content_type": 25, "codename": "change_userprofile"}}, {"model": "auth.permission", "pk": 99, "fields": {"name": "Can delete user profile", "content_type": 25, "codename": "delete_userprofile"}}, {"model": "auth.permission", "pk": 100, "fields": {"name": "Can view user profile", "content_type": 25, "codename": "view_userprofile"}}, {"model": "auth.permission", "pk": 101, "fields": {"name": "Can add site membership", "content_type": 26, "codename": "add_sitemembership"}}, {"model": "auth.permission", "pk": 102, "fields": {"name": "Can change site membership", "content_type": 26, "codename": "change_sitemembership"}}, {"model": "auth.permission", "pk": 103, "fields": {"name": "Can delete site membership", "content_type": 26, "codename": "delete_sitemembership"}}, {"model": "auth.permission", "pk": 104, "fields": {"name": "Can view site membership", "content_type": 26, "codename": "view_sitemembership"}}, {"model": "auth.user", "pk": 35, "fields": {"password": "pbkdf2_sha256$260000$SIRvs2xVZfaq6J5dTwprEA$utC5ILCA6UQAQtFIMFZNrKMFkoXajCUabC7ZAO3JLYA=", "last_login": "2022-02-12T20:17:12.276", "is_superuser": true, "username": "magenta", "first_name": "", "last_name": "", "email": "", "is_staff": true, "is_active": true, "date_joined": "2022-01-26T09:27:44", "groups": [], "user_permissions": []}}, {"model": "auth.user", "pk": 36, "fields": {"password": "pbkdf2_sha256$260000$cRyrfOmwqUSAS9smwzVF2k$R9AQGDoDTZ1hI3QX9aLD9/GGx2tFYY4qJHv4wFrQJTA=", "last_login": null, "is_superuser": false, "username": "testuser01", "first_name": "", "last_name": "", "email": "test@user01.com", "is_staff": false, "is_active": true, "date_joined": "2022-01-26T15:17:37.425", "groups": [], "user_permissions": []}}, {"model": "contenttypes.contenttype", "pk": 1, "fields": {"app_label": "auth", "model": "permission"}}, {"model": "contenttypes.contenttype", "pk": 2, "fields": {"app_label": "auth", "model": "group"}}, {"model": "contenttypes.contenttype", "pk": 3, "fields": {"app_label": "auth", "model": "user"}}, {"model": "contenttypes.contenttype", "pk": 4, "fields": {"app_label": "contenttypes", "model": "contenttype"}}, {"model": "contenttypes.contenttype", "pk": 5, "fields": {"app_label": "sessions", "model": "session"}}, {"model": "contenttypes.contenttype", "pk": 6, "fields": {"app_label": "sites", "model": "site"}}, {"model": "contenttypes.contenttype", "pk": 7, "fields": {"app_label": "admin", "model": "logentry"}}, {"model": "contenttypes.contenttype", "pk": 8, "fields": {"app_label": "system", "model": "batch"}}, {"model": "contenttypes.contenttype", "pk": 9, "fields": {"app_label": "system", "model": "configuration"}}, {"model": "contenttypes.contenttype", "pk": 10, "fields": {"app_label": "system", "model": "configurationentry"}}, {"model": "contenttypes.contenttype", "pk": 11, "fields": {"app_label": "system", "model": "input"}}, {"model": "contenttypes.contenttype", "pk": 12, "fields": {"app_label": "system", "model": "job"}}, {"model": "contenttypes.contenttype", "pk": 13, "fields": {"app_label": "system", "model": "batchparameter"}}, {"model": "contenttypes.contenttype", "pk": 14, "fields": {"app_label": "system", "model": "pc"}}, {"model": "contenttypes.contenttype", "pk": 15, "fields": {"app_label": "system", "model": "pcgroup"}}, {"model": "contenttypes.contenttype", "pk": 16, "fields": {"app_label": "system", "model": "script"}}, {"model": "contenttypes.contenttype", "pk": 17, "fields": {"app_label": "system", "model": "securityevent"}}, {"model": "contenttypes.contenttype", "pk": 18, "fields": {"app_label": "system", "model": "securityproblem"}}, {"model": "contenttypes.contenttype", "pk": 19, "fields": {"app_label": "system", "model": "site"}}, {"model": "contenttypes.contenttype", "pk": 20, "fields": {"app_label": "system", "model": "associatedscript"}}, {"model": "contenttypes.contenttype", "pk": 21, "fields": {"app_label": "system", "model": "associatedscriptparameter"}}, {"model": "contenttypes.contenttype", "pk": 22, "fields": {"app_label": "system", "model": "imageversion"}}, {"model": "contenttypes.contenttype", "pk": 23, "fields": {"app_label": "system", "model": "scripttag"}}, {"model": "contenttypes.contenttype", "pk": 24, "fields": {"app_label": "system", "model": "citizen"}}, {"model": "contenttypes.contenttype", "pk": 25, "fields": {"app_label": "account", "model": "userprofile"}}, {"model": "contenttypes.contenttype", "pk": 26, "fields": {"app_label": "account", "model": "sitemembership"}}, {"model": "sessions.session", "pk": "0712a7fghvj5c3xzk4n6wssn42k4fce8", "fields": {"session_data": ".eJxVjEEOgjAQRe_StWmYaRmtS_ecgbQzU4saSCisjHcXEha6_e-9_zZ9XJfSr1XnfhBzNeDM6XdMkZ867kQecbxPlqdxmYdkd8UetNpuEn3dDvfvoMRattp5bSSAJ4AMJP7SBkLKxJgy0VmwdYJeYZMUWQEdMjUpQ2aGNgXz-QLkpDec:1l1qrj:K36LNTmOgdwCxHNC9tXkadeRkavMsZJPswFm8wBr1cw", "expire_date": "2021-02-02T14:16:11.751"}}, {"model": "sessions.session", "pk": "0g4xti0pdsn2fob7pi2w7mlu693uqxjz", "fields": {"session_data": ".eJxVjEEOwiAQRe_C2hCGAkNduvcMZBioVA0kpV0Z765NutDtf-_9lwi0rSVsPS9hTuIsAMXpd4zEj1x3ku5Ub01yq-syR7kr8qBdXlvKz8vh_h0U6uVbD9mAQpMG8kA8YXKWgFNk6-1k88ignXKoFQIyI2vDHkAZ0oqcH6N4fwAERjeU:1mawwf:G2fjdn3oQA3LdVtESF_Bz2MTaR0uQhkznIhXolHVRxI", "expire_date": "2021-10-28T11:22:37.716"}}, {"model": "sessions.session", "pk": "0mcyzfvsfndp2k06p9i3lpax56o3dp0u", "fields": {"session_data": ".eJxVjMsOwiAQRf-FtSGUxwAu3fsNZGBAqgaS0q6M_65NutDtPefcFwu4rTVsIy9hJnZm0rHT7xgxPXLbCd2x3TpPva3LHPmu8IMOfu2Un5fD_TuoOOq3tkoCRWFFSln6WMBb77XSBhwo55MoGmLOZAFAF0FGajkVI9GhcBMBe38A7cA3NQ:1mKcdu:MnhRsIFjFmnzpS272uG-I-Ai-_Pp2kGSC2NnR-kgH6Y", "expire_date": "2021-09-13T10:27:46.498"}}, {"model": "sessions.session", "pk": "0psszra3yyi43w7musvycrucopf62kyv", "fields": {"session_data": ".eJxVjEEOwiAQRe_C2hCGAkNduvcMZBioVA0kpV0Z765NutDtf-_9lwi0rSVsPS9hTuIsAMXpd4zEj1x3ku5Ub01yq-syR7kr8qBdXlvKz8vh_h0U6uVbD9mAQpMG8kA8YXKWgFNk6-1k88ignXKoFQIyI2vDHkAZ0oqcH6N4fwAERjeU:1lzENS:8Knzuj5AhqCIvFDfn5zN3qe99zFz1cARzYlGiR2r3Ok", "expire_date": "2021-07-16T10:18:22.449"}}, {"model": "sessions.session", "pk": "0tu07aytfbgmzzenfhne6jpwfo1g387f", "fields": {"session_data": ".eJxVjEEOwiAQRe_C2hAHBQeX7nuGZmAGqRpISrsy3l2adKHb_95_bzXSuuRxbTKPE6urMl4dfsdA8SllI_ygcq861rLMU9Cbonfa9FBZXrfd_Qtkarm_bQRPiMZiADEkgh4tnhw7k9gFOLL1DNFBT4oAUrCciP2F4NylpD5fEvY42Q:1mZsYw:9GCMjXMLh2QePWPjZm-A8HFo9-5DIESCc7PfDu_8nNc", "expire_date": "2021-10-25T12:29:42.894"}}, {"model": "sessions.session", "pk": "0x30q2j57ijbhpn33j96mor5ruz4miag", "fields": {"session_data": ".eJxVjEEOwiAQRe_C2hAYoKBL9z0DmWFAqoYmpV0Z765NutDtf-_9l4i4rTVuPS9xYnERWpx-N8L0yG0HfMd2m2Wa27pMJHdFHrTLceb8vB7u30HFXr-1QqN4UITW5UBsrDuDHtjkonzAhOypWKRkgRiCNUFDcsYWrwJoD0q8P-igN4M:1lVu9t:kjAxxAe77b9t5GphMW7Edg-eMNBI_iDGfuli1-jk3PI", "expire_date": "2021-04-26T12:51:09.654"}}, {"model": "sessions.session", "pk": "0zko7oybqs5pv3d7i6y5hv3vptzok0ey", "fields": {"session_data": ".eJxVjDEOwyAQBP9CHSHAcGenTO83IA7OwUkEkrGrKH-PLblImi12ZvctfNjW7LfGi5-TuAojLr8dhfjkcoD0COVeZaxlXWaShyJP2uRYE79up_t3kEPL-1orjEo5ZBWGREpbcpaQQMPUAQbk6AboMYGzHXEE49AgOJh63lMn8fkCw_k28g:1mZp3m:naGG-v8Hysgzdnp4ehlLueWNHd3W4x-cgV7tuudBOf0", "expire_date": "2021-10-25T08:45:18.419"}}, {"model": "sessions.session", "pk": "179w7l3idmmtqrfhwye4rodf9ujnghww", "fields": {"session_data": ".eJxVjDsOwjAQBe_iGlmOd_2jpOcM1vqHA8iW4qRC3B0ipYD2zcx7MU_bWv028uLnxM5MAjv9joHiI7edpDu1W-ext3WZA98VftDBrz3l5-Vw_w4qjfqtMaskpogIZBJQIVBGFBlJCxmDoaCF1ibThOhUICEQHDrpkoVildXs_QEEMjds:1lmEmE:dpfulYVusgp6w1E3wnp23G4_jI4uD5ZY9w4ddL5NtYk", "expire_date": "2021-06-10T14:06:14.432"}}, {"model": "sessions.session", "pk": "19rl4y10m0f264u8ajqbzybxj9mvcm9u", "fields": {"session_data": ".eJxVjEEOwiAQRe_C2hCGAkNduvcMZBioVA0kpV0Z765NutDtf-_9lwi0rSVsPS9hTuIsAMXpd4zEj1x3ku5Ub01yq-syR7kr8qBdXlvKz8vh_h0U6uVbD9mAQpMG8kA8YXKWgFNk6-1k88ignXKoFQIyI2vDHkAZ0oqcH6N4fwAERjeU:1lg5A2:MwmEw4n0HnTx2DxlVnGBK7Co7I_nU9KhLrSyTbnJ_jI", "expire_date": "2021-05-24T14:37:22.247"}}, {"model": "sessions.session", "pk": "1du218gos1b3aixvbg4f8xl55vggdc2g", "fields": {"session_data": ".eJxVjEEOgjAQRe_StWmYaRmtS_ecgbQzU4saSCisjHcXEha6_e-9_zZ9XJfSr1XnfhBzNeDM6XdMkZ867kQecbxPlqdxmYdkd8UetNpuEn3dDvfvoMRattp5bSSAJ4AMJP7SBkLKxJgy0VmwdYJeYZMUWQEdMjUpQ2aGNgXz-QLkpDec:1l7czU:0juqnWWnPF2RQxa8b-WOEwgqV_0wdDy40dY-aMFUQ1s", "expire_date": "2021-02-18T12:40:04.744"}}, {"model": "sessions.session", "pk": "1rdbj4ejvn5r6f5jc4gz51shyg59z6nc", "fields": {"session_data": ".eJxVjEEOwiAQRe_C2hAZpggu3fcMBJhBqoYmpV0Z7y5NutDte-__t_BhW4vfGi9-InEVSpx-WQzpyXUX9Aj1Pss013WZotwTedgmx5n4dTvav4MSWulro1DbgTBCcggmk8nJIudLTmGwUWtFThkAZMBsbLTubKEzJtMDpcXnC9baN4U:1lCjMP:DxG9EtVMiePhLkmj7uaMONTI_aP0a5-IFZfZT8J4wGs", "expire_date": "2021-03-04T14:28:49.631"}}, {"model": "sessions.session", "pk": "1xugtrjg1nhy9egmf557cdculvzxwy9z", "fields": {"session_data": ".eJxVjEEOwiAQRe_C2hCBgRaX7nsGMh1mpGpoUtqV8e7apAvd_vfef6mE21rS1nhJU1YX1anT7zYiPbjuIN-x3mZNc12XadS7og_a9DBnfl4P9--gYCvfWmxPWYwgw7mnYMAGQIiUyRATBPE-gBPjQUIEiA6Mk44DWycOBNT7A_MWN7g:1krJ8R:PTDU9dgpduavbGKB6Zs9hvkwqEJkjhEvnlSR0SCTcaM", "expire_date": "2021-01-04T12:13:51.880"}}, {"model": "sessions.session", "pk": "2d7dz5q8knxs8u9ukb8l1yxhfdhke42p", "fields": {"session_data": ".eJxVjEEOwiAQRe_C2hAZpggu3fcMBJhBqoYmpV0Z7y5NutDte-__t_BhW4vfGi9-InEVSpx-WQzpyXUX9Aj1Pss013WZotwTedgmx5n4dTvav4MSWulro1DbgTBCcggmk8nJIudLTmGwUWtFThkAZMBsbLTubKEzJtMDpcXnC9baN4U:1lD6D8:DB1Il_lOiSt1qcBUzquqcJqREomIhckgtwgzKU2y5eQ", "expire_date": "2021-03-05T14:52:46.875"}}, {"model": "sessions.session", "pk": "2g2tk9pcgjp6xq11k1wtkraxzv9jyq9h", "fields": {"session_data": ".eJxVjDsOwjAQBe_iGlkx_mxESc8ZrPWuFweQLcVJFXF3iJQC2jczb1MR16XEtec5Tqwuylp1-h0T0jPXnfAD671panWZp6R3RR-061vj_Loe7t9BwV6-tfjMwMF4lMGO5NEIMQZvIXM604DgTBYhTABOfEiCDCSORwOcLKj3B0G-Obg:1miwIU:uq8t0IeA6wMLoWOq05-WF3gLbO2WMNdYSJFIYhuDPzE", "expire_date": "2021-11-19T11:18:10.035"}}, {"model": "sessions.session", "pk": "2h4gwnmwmltmqjxzk9mbzxjg17v0gyll", "fields": {"session_data": ".eJxVjDsOwjAQBe_iGln-xR9K-pzBWq_XOIAcKU4qxN2RpRTQvpl5bxbh2Gs8Om1xyezK9MQuv2MCfFIbJD-g3VeOa9u3JfGh8JN2Pq-ZXrfT_Tuo0OuorRQheAoGdXEuAxolAmmXSBjnirQeSyjBKyiTtJSct0aTQSUlabLs8wUAYzfN:1nIsoo:Isxo1EZiTaQkz9Bqc3eMRIpEzc6qtL95LTP3WMkF0Ds", "expire_date": "2022-02-26T14:52:06.377"}}, {"model": "sessions.session", "pk": "2swilx8mq1rvur86dcst1izp0ppqk4yx", "fields": {"session_data": ".eJxVjMsOwiAQRf-FtSHQIg-X7vsNZJgZpGogKe3K-O_apAvd3nPOfYkI21ri1nmJM4mL0E6cfscE-OC6E7pDvTWJra7LnOSuyIN2OTXi5_Vw_w4K9PKt2WUTNKJhIGU1MlqyoIN2yhJSSEBpzB6DG42xadTq7HFggOzNwA7E-wMwgDj1:1lAWxk:aH1DvbbE2m-CJQBcWdPgmvggdIJ0VvnO3_xZb17mpYA", "expire_date": "2021-02-26T12:50:16.976"}}, {"model": "sessions.session", "pk": "34aw5xgth6qu7j8gfgmua9j5s9ui49sl", "fields": {"session_data": ".eJxVjMsOwiAUBf-FtSG9BaG4dN9vINwHUjWQ9LEy_rs26UK3Z2bOS8W0rSVui8xxYnVRYNTpd8RED6k74Xuqt6ap1XWeUO-KPuiix8byvB7u30FJS_nWAwuTdAZBCMRYPFsGYyllYWQIvnPZ0BDA-T50Hm0W573prSATZFLvDzDlOPI:1lMsle:-bfdqhZmo4VmN1GzQqfIomlhyBt5mvloTu3zsYXYGUs", "expire_date": "2021-04-01T14:32:50.605"}}, {"model": "sessions.session", "pk": "34bq0lulkb47w1iu1q4h5zohobfbunio", "fields": {"session_data": ".eJxVjEEOgjAQRe_StWmYaRmtS_ecgbQzU4saSCisjHcXEha6_e-9_zZ9XJfSr1XnfhBzNeDM6XdMkZ867kQecbxPlqdxmYdkd8UetNpuEn3dDvfvoMRattp5bSSAJ4AMJP7SBkLKxJgy0VmwdYJeYZMUWQEdMjUpQ2aGNgXz-QLkpDec:1kx55j:5GQrp_Ea-ARBUTUg-VQELE0MLmwzyudGr57lyjHgEFc", "expire_date": "2021-01-20T10:26:55.471"}}, {"model": "sessions.session", "pk": "3y153zhvq0ugtlz0q4rk61qontu0ak8v", "fields": {"session_data": ".eJxVjEEOwiAQRe_C2hCGAkNduvcMZBioVA0kpV0Z765NutDtf-_9lwi0rSVsPS9hTuIsAMXpd4zEj1x3ku5Ub01yq-syR7kr8qBdXlvKz8vh_h0U6uVbD9mAQpMG8kA8YXKWgFNk6-1k88ignXKoFQIyI2vDHkAZ0oqcH6N4fwAERjeU:1mbhSi:4zwYE4Ddt6qnLGalQIYzxsbk-obSkJ-1VmzEZ-62hDQ", "expire_date": "2021-10-30T13:02:48.451"}}, {"model": "sessions.session", "pk": "539b9rsp5t35o5nt8kspu54528k7grce", "fields": {"session_data": ".eJxVjEEOwiAQRe_C2hAZpggu3fcMBJhBqoYmpV0Z7y5NutDte-__t_BhW4vfGi9-InEVSpx-WQzpyXUX9Aj1Pss013WZotwTedgmx5n4dTvav4MSWulro1DbgTBCcggmk8nJIudLTmGwUWtFThkAZMBsbLTubKEzJtMDpcXnC9baN4U:1ks0l2:HfA2cIosovPe49bvTvaU-en7Z28M7loUNvxTcurpR8A", "expire_date": "2021-01-06T10:48:36.087"}}, {"model": "sessions.session", "pk": "590oc8zg3jee1ete6lz3sureoqtxqzx8", "fields": {"session_data": ".eJxVjEEOwiAQRe_C2hCBgRaX7nsGMh1mpGpoUtqV8e7apAvd_vfef6mE21rS1nhJU1YX1anT7zYiPbjuIN-x3mZNc12XadS7og_a9DBnfl4P9--gYCvfWmxPWYwgw7mnYMAGQIiUyRATBPE-gBPjQUIEiA6Mk44DWycOBNT7A_MWN7g:1krc5s:dcTtlQiZHAYKlv_zUihuXGRGIwMtyQmpGyK-NOACfew", "expire_date": "2021-01-05T08:28:28.287"}}, {"model": "sessions.session", "pk": "5iy6yogi7p409luvppkr0rp319uwngtm", "fields": {"session_data": ".eJxVjMsOwiAQRf-FtSHQ4enSvd9AmAGkaiAp7cr479qkC93ec859sRC3tYZt5CXMiZ2Z9Oz0O2KkR247SffYbp1Tb-syI98VftDBrz3l5-Vw_w5qHPVba1FQOiIrgDA7hyYZrZSMyomYS6JJIEKBbLzVvkgQZVKQvIRiHXnP3h8XLjgV:1lZupp:f9yLzpNg0NfT0xFpSp4YRTQLEYBhdJZ9B6MkTnTeZzU", "expire_date": "2021-05-07T14:23:01.810"}}, {"model": "sessions.session", "pk": "5yhtb64cyjkgympyahbi12l0y7x6l0ix", "fields": {"session_data": ".eJxVjDkOwjAURO_iGlne_U1JnzNY3xsOIFuKkwpxdxIpBXSjeW_mTTxua_XbyIufE7kSLsjltwwYn7kdJD2w3TuNva3LHOih0JMOOvWUX7fT_TuoOOq-dhqkAG6iYYoZFjkL2RTGlTYuWJldCeAEKA0CwRYHFlFLKRzTe4RMPl_FFTZ0:1l53Ju:HHTMGY85ij78c_Ehtec-WJ7PKtEPEL4_J_wMtOGd7qA", "expire_date": "2021-02-11T10:10:30.196"}}, {"model": "sessions.session", "pk": "686iv94fl0pd56r10660lxxqm9tl0dzr", "fields": {"session_data": ".eJxVjEsOAiEQBe_C2hAaoRGX7j0DaejGGTWQzGdlvLtOMgvdvqp6L5VoXYa0zjKlkdVZAarD75ipPKRthO_Ubl2X3pZpzHpT9E5nfe0sz8vu_h0MNA_fujgkz7lEsUEyGRB_dCEGEzkgMjhAj2xNxehORqoFCdV7gChkQq7q_QEDmzez:1l7JHJ:F_pWAUUEmnRseHOp7q-ONlWRO56il3BOfhFSg6G0cIY", "expire_date": "2021-02-17T15:37:09.360"}}, {"model": "sessions.session", "pk": "6ss6xpnps8e60klra6pkng1y4b9919v9", "fields": {"session_data": ".eJxVjDsOwjAQBe_iGlnrLP5R0ucM1q4_OIAcKU4qxN0hUgpo38y8lwi0rTVsPS9hSuIiBhCn35EpPnLbSbpTu80yzm1dJpa7Ig_a5Tin_Lwe7t9BpV6_tTOGrQWkIcdcTNHRZC7l7AlJJQ_IoFGhA2M1kEdbnEf2xWtlyAGL9wcJ8Tey:1lgmOf:rVOVa_n9Oc4D3OCe4uDFym33U1fM5C2sNaBfryueBew", "expire_date": "2021-05-26T12:47:21.662"}}, {"model": "sessions.session", "pk": "78n859vhktzpa769ylvrka4he7aw2icj", "fields": {"session_data": ".eJxVjEsOwiAUAO_C2hA-hYJL9z0DeQ8eUjWQlHZlvLsh6UK3M5N5swDHXsLRaQtrYlcmZ3b5hQjxSXWY9IB6bzy2um8r8pHw03a-tESv29n-DQr0Mr56Ft5S9B4NGUtGQqZJC5W1kAIQRdJOOamSBgEefXSYrZVqSoQRJPt8Afq9OB0:1mwhIw:4KNSZxHVPsnUsoC-WFvvNM93hunwwse9OftQJtXk9yg", "expire_date": "2021-12-27T10:07:30.603"}}, {"model": "sessions.session", "pk": "7e3xgarqrwv6ddz4649mnwjnq9zxfaob", "fields": {"session_data": ".eJxVjMsOwiAQRf-FtSGUxwAu3fsNZGBAqgaS0q6M_65NutDtPefcFwu4rTVsIy9hJnZm0rHT7xgxPXLbCd2x3TpPva3LHPmu8IMOfu2Un5fD_TuoOOq3tkoCRWFFSln6WMBb77XSBhwo55MoGmLOZAFAF0FGajkVI9GhcBMBe38A7cA3NQ:1mKbw4:45yTrRUCUaQjH1fD4ActTXDzN1xra8wkco4ka8fUp6c", "expire_date": "2021-09-13T09:42:28.320"}}, {"model": "sessions.session", "pk": "7esxh4vymmqz8692bed0m7vylqxli0ub", "fields": {"session_data": ".eJxVjEEOwiAQRe_C2hAIdBhcuvcMzcAMUjU0Ke3KeHdt0oVu_3vvv9RI21rHrcsyTqzOyqrT75YoP6TtgO_UbrPOc1uXKeld0Qft-jqzPC-H-3dQqddvnSCZmAN6yeAGl1Fc5OiFS2RTIIAHHgIMmMl6JmPRRnSBiogBBFTvD-P_N54:1mqFl6:UwHox-VhPcbQIZ6AzfsAxYh2JP0WmQhhopMRrDqjniA", "expire_date": "2021-12-09T15:29:56.021"}}, {"model": "sessions.session", "pk": "7lcitha83i1nvbqj1bhiwj5huv95iea5", "fields": {"session_data": ".eJxVjEEOwiAQRe_C2hCBgRaX7nsGMh1mpGpoUtqV8e7apAvd_vfef6mE21rS1nhJU1YX1anT7zYiPbjuIN-x3mZNc12XadS7og_a9DBnfl4P9--gYCvfWmxPWYwgw7mnYMAGQIiUyRATBPE-gBPjQUIEiA6Mk44DWycOBNT7A_MWN7g:1kwkS7:XE61ZDPSF8fB4Wt-f-u8aWyx2llpUOLlBDn2PrG-pRE", "expire_date": "2021-01-19T12:24:39.292"}}, {"model": "sessions.session", "pk": "86k75wvc5r5w10qkw8fw9u0jvs7lo47r", "fields": {"session_data": ".eJxVjEEOgjAQRe_StWmYaRmtS_ecgbQzU4saSCisjHcXEha6_e-9_zZ9XJfSr1XnfhBzNeDM6XdMkZ867kQecbxPlqdxmYdkd8UetNpuEn3dDvfvoMRattp5bSSAJ4AMJP7SBkLKxJgy0VmwdYJeYZMUWQEdMjUpQ2aGNgXz-QLkpDec:1kyubL:UINMuzO5YJlZxTy5zKheUlf9OtPP6jYCuXsw6dJ_RtA", "expire_date": "2021-01-25T11:39:08"}}, {"model": "sessions.session", "pk": "87ob37quw4k4qc2yl9oivgj1zzkhpmku", "fields": {"session_data": ".eJxVjEEOwiAQRe_C2hCGAkNduvcMZBioVA0kpV0Z765NutDtf-_9lwi0rSVsPS9hTuIsAMXpd4zEj1x3ku5Ub01yq-syR7kr8qBdXlvKz8vh_h0U6uVbD9mAQpMG8kA8YXKWgFNk6-1k88ignXKoFQIyI2vDHkAZ0oqcH6N4fwAERjeU:1lP11h:hB_sspaKcUYPWIyNT1N1MF5SKdweP6evhssBy5BCwFU", "expire_date": "2021-04-07T11:46:13.857"}}, {"model": "sessions.session", "pk": "8jvcw0s72yzpcz3c6ydq1ivjdo3phsk9", "fields": {"session_data": ".eJxVjEEOwiAQRe_C2hCGAkNduvcMZBioVA0kpV0Z765NutDtf-_9lwi0rSVsPS9hTuIsAMXpd4zEj1x3ku5Ub01yq-syR7kr8qBdXlvKz8vh_h0U6uVbD9mAQpMG8kA8YXKWgFNk6-1k88ignXKoFQIyI2vDHkAZ0oqcH6N4fwAERjeU:1mFXNF:FnwKIfY7Oj7x-WUIMA2IVvHz-EGEVUulq8Z6blmreWE", "expire_date": "2021-08-30T09:49:33.647"}}, {"model": "sessions.session", "pk": "8zn64ns27sd0krj5s093bkyqnosqsk3s", "fields": {"session_data": ".eJxVjDsOwjAQBe_iGllx1iE2JT1nsN6uvSSAHCmfCnF3FCkFtDOjeZuEbR3StpQ5jdlcTBvN6Rcy5FnqbvID9T5Zmeo6j2z3xB52sbcpl9f1aP8GA5Zh_3ITCS6SdiGS03OAasjsqKUAL46jELqiABOzQhhN71U8db1DMZ8vGB45Fg:1n6wnK:IwuNxiTK_Mlu58tpOJ3a08LS_MBaN1GbvGEc1GB1ctE", "expire_date": "2022-01-24T16:41:14.810"}}, {"model": "sessions.session", "pk": "9l81i8lqp05u1dh2l6qvbsdsau1qrwso", "fields": {"session_data": "OWQ5YmFlNjk1ZmNjMGY3MzkzZWZhY2Q4MTMzMzUwMDI0MDc0ZjZmMzp7Il9hdXRoX3VzZXJfaWQiOiIxIiwiX2F1dGhfdXNlcl9oYXNoIjoiM2M3ZDI1MmE1NTc5MWQ4YTNmZThhZTc5NGM5MGI5M2QwZTI0NjZjNiIsIl9hdXRoX3VzZXJfYmFja2VuZCI6ImRqYW5nby5jb250cmliLmF1dGguYmFja2VuZHMuTW9kZWxCYWNrZW5kIn0=", "expire_date": "2020-12-18T12:27:58.706"}}, {"model": "sessions.session", "pk": "9qlc7vyvmyut5hon0qsotoaoe3o3r9dc", "fields": {"session_data": ".eJxVjDkOwjAUBe_iGlm25U2U9JzB-v4LDqBYipMKcXeIlALaNzPvpQpsayvb4KVMpM7KqdPvVgEfPO-A7jDfusY-r8tU9a7ogw597cTPy-H-HTQY7Vtn5ugoBfYhWUkuGU_iIlskAiscYsZsbMSIVVJ2RqyzbIA8AIpP6v0B69g4YA:1kwQT9:bUuZkZOdbU77Uql4xHoCNvBhToacfXEGW8mCfzLaiao", "expire_date": "2021-01-18T15:04:23.724"}}, {"model": "sessions.session", "pk": "a569ejxi98mukznm229ppyvfk5drlvl8", "fields": {"session_data": ".eJxVjDEOwjAMAP-SGUVx6-KEkZ03VI6dkAJKpaadEH9HlTrAene6txl5W8u4tbSMk5qLgWBOvzCyPFPdjT643mcrc12XKdo9sYdt9jZrel2P9m9QuJX96wkhIKEj6ZUoO4eZUNBrjy4iEyTvB6IzCERmDX1OQoNC56lDMJ8v1mI29A:1n9PV5:J9BaWG4lBVF1UZQCvEUxckxHHvewJnDXWwd6mIbhy5s", "expire_date": "2022-01-31T11:44:35.583"}}, {"model": "sessions.session", "pk": "adr0r2vxp528gszq31325fs5i7c59as8", "fields": {"session_data": ".eJxVjMsOwiAQRf-FtSHQ4enSvd9AmAGkaiAp7cr479qkC93ec859sRC3tYZt5CXMiZ2Z9Oz0O2KkR247SffYbp1Tb-syI98VftDBrz3l5-Vw_w5qHPVba1FQOiIrgDA7hyYZrZSMyomYS6JJIEKBbLzVvkgQZVKQvIRiHXnP3h8XLjgV:1mObvn:qI818LmnPaCq_Y5-iZib_67DJcladwdSttFRIlMATnk", "expire_date": "2021-09-24T10:30:43.216"}}, {"model": "sessions.session", "pk": "afghna7qlx3wrhmuo6bcuw11f0t3tl7n", "fields": {"session_data": ".eJxVjEEOwiAQRe_C2hAYoKBL9z0DmWFAqoYmpV0Z765NutDtf-_9l4i4rTVuPS9xYnERWpx-N8L0yG0HfMd2m2Wa27pMJHdFHrTLceb8vB7u30HFXr-1QqN4UITW5UBsrDuDHtjkonzAhOypWKRkgRiCNUFDcsYWrwJoD0q8P-igN4M:1lslZr:0rfH7XDd45wTpyIm5gcDscVjdcYTsezQI5WTgsYxlDE", "expire_date": "2021-06-28T14:20:27.754"}}, {"model": "sessions.session", "pk": "ao7b8vbnnngqwha5bq8rc9lcryo7hsoa", "fields": {"session_data": ".eJxVjDsOwjAQBe_iGlmsvXYIJT1niDb7wQGUSHFSIe4OkVJA-2bmvVxH61K6tercDeLODsAdfsee-KHjRuRO423yPI3LPPR-U_xOq79Oos_L7v4dFKrlW4cWGQEpGSjFBjk1aAQBwDQriqbAbMeTBcuSTdpokU0FNURCFvf-ABJVOSA:1mXKo4:F1D55EMO8G95re3Qse_TXR3qXArpsJq4-khclCHBxDo", "expire_date": "2021-10-18T12:02:48.405"}}, {"model": "sessions.session", "pk": "b3dyc8ry5jtygisr751de3usqah1h239", "fields": {"session_data": ".eJxVjMsOwiAQRf-FtSHQ4enSvd9AmAGkaiAp7cr479qkC93ec859sRC3tYZt5CXMiZ2Z9Oz0O2KkR247SffYbp1Tb-syI98VftDBrz3l5-Vw_w5qHPVba1FQOiIrgDA7hyYZrZSMyomYS6JJIEKBbLzVvkgQZVKQvIRiHXnP3h8XLjgV:1maESX:Ydk3daKh-WjKjOUDmajEDc-bV32YfQyaMhe_CtfqQDE", "expire_date": "2021-10-26T11:52:33.562"}}, {"model": "sessions.session", "pk": "bm24mafqxf0j1ot4jsjqzf1ctth6n7is", "fields": {"session_data": ".eJxVjEEOwiAQRe_C2hAYoKBL9z0DmWFAqoYmpV0Z765NutDtf-_9l4i4rTVuPS9xYnERWpx-N8L0yG0HfMd2m2Wa27pMJHdFHrTLceb8vB7u30HFXr-1QqN4UITW5UBsrDuDHtjkonzAhOypWKRkgRiCNUFDcsYWrwJoD0q8P-igN4M:1lPQ1c:qwK6ccw5CnRb53-wf6cGyxhhy91no-W2a4Iy5eYhnKk", "expire_date": "2021-04-08T14:27:48.509"}}, {"model": "sessions.session", "pk": "budse293c3xp2d3nkt393bngmmk617do", "fields": {"session_data": ".eJxVjEEOwiAQRe_C2hCBgRaX7nsGMh1mpGpoUtqV8e7apAvd_vfef6mE21rS1nhJU1YX1anT7zYiPbjuIN-x3mZNc12XadS7og_a9DBnfl4P9--gYCvfWmxPWYwgw7mnYMAGQIiUyRATBPE-gBPjQUIEiA6Mk44DWycOBNT7A_MWN7g:1krJBF:tF_KOinmnWu3CGPf9f67GVisxo_HLeHYGMW7zXWSem8", "expire_date": "2021-01-04T12:16:45.108"}}, {"model": "sessions.session", "pk": "cd5j578uujl0k9719ibfpnt6bj6c4nke", "fields": {"session_data": ".eJxVjDEOwyAQBP9CHSHAcGenTO83IA7OwUkEkrGrKH-PLblImi12ZvctfNjW7LfGi5-TuAojLr8dhfjkcoD0COVeZaxlXWaShyJP2uRYE79up_t3kEPL-1orjEo5ZBWGREpbcpaQQMPUAQbk6AboMYGzHXEE49AgOJh63lMn8fkCw_k28g:1mDMDK:IZQt8ZTS2gB0B0Ckf2DCTAHq3h5Cqp7LLd2CoZ3RgzY", "expire_date": "2021-08-24T09:30:18.092"}}, {"model": "sessions.session", "pk": "cjfour06ljcg0uzzrsg4xwbx0y2k59ja", "fields": {"session_data": ".eJxVjEEOwiAQRe_C2hCGAkNduvcMZBioVA0kpV0Z765NutDtf-_9lwi0rSVsPS9hTuIsAMXpd4zEj1x3ku5Ub01yq-syR7kr8qBdXlvKz8vh_h0U6uVbD9mAQpMG8kA8YXKWgFNk6-1k88ignXKoFQIyI2vDHkAZ0oqcH6N4fwAERjeU:1mASDM:WAr2QpqTdRUHIB8qZ7KlFvhdH0E-OcmUlOkTaz4wDJw", "expire_date": "2021-08-16T09:18:20.503"}}, {"model": "sessions.session", "pk": "ckjhijakpkcuho1n2ffm2eiqz6pgettq", "fields": {"session_data": ".eJxVjEEOwiAQRe_C2hBgoHRcuvcMZGBAqoYmpV0Z765NutDtf-_9lwi0rTVsPS9hYnEWYMXpd4yUHrnthO_UbrNMc1uXKcpdkQft8jpzfl4O9--gUq_fGp0vJnvNehhRlQSKAY0qWAbwTiWKBjJli0iO0UU0yC4xjKCNja6I9wf3iTe9:1msM50:uKBQNkhSNSCzeYc1u8uWRsrE4T6VtBz6bb2KLUTpmEE", "expire_date": "2021-12-15T10:39:10.069"}}, {"model": "sessions.session", "pk": "dkj3d31bwonhwdxqzdwwew6z64aq4i2q", "fields": {"session_data": ".eJxVjEEOwiAQRe_C2hCGAkNduvcMZBioVA0kpV0Z765NutDtf-_9lwi0rSVsPS9hTuIsAMXpd4zEj1x3ku5Ub01yq-syR7kr8qBdXlvKz8vh_h0U6uVbD9mAQpMG8kA8YXKWgFNk6-1k88ignXKoFQIyI2vDHkAZ0oqcH6N4fwAERjeU:1lTUHZ:abPKlWsKAtPEvStNl551EgReQOaOg_LFB_Hdak5B1d0", "expire_date": "2021-04-19T20:49:05.375"}}, {"model": "sessions.session", "pk": "dw1algqlltzhy12tt1dsgcsk4req233f", "fields": {"session_data": ".eJxVjDEOwyAQBP9CHSHAcGenTO83IA7OwUkEkrGrKH-PLblImi12ZvctfNjW7LfGi5-TuAojLr8dhfjkcoD0COVeZaxlXWaShyJP2uRYE79up_t3kEPL-1orjEo5ZBWGREpbcpaQQMPUAQbk6AboMYGzHXEE49AgOJh63lMn8fkCw_k28g:1mOGox:WVLNrGoWXEB0IOqAPskwwIWcKGUrM-qtJl7I8mXLa60", "expire_date": "2021-09-23T11:58:15.596"}}, {"model": "sessions.session", "pk": "e2xf7blya9hp2zbxlfriu9s6u8hslxry", "fields": {"session_data": ".eJxVjEEOgjAQRe_StWmYaRmtS_ecgbQzU4saSCisjHcXEha6_e-9_zZ9XJfSr1XnfhBzNeDM6XdMkZ867kQecbxPlqdxmYdkd8UetNpuEn3dDvfvoMRattp5bSSAJ4AMJP7SBkLKxJgy0VmwdYJeYZMUWQEdMjUpQ2aGNgXz-QLkpDec:1l7d7m:N7RQ9sMufYgPl74gIRV3v4kgJR1AQ9Os1VYbUw2iXA0", "expire_date": "2021-02-18T12:48:38.061"}}, {"model": "sessions.session", "pk": "eaaq4xrgzied8b1wfdi4uad7632ded15", "fields": {"session_data": ".eJxVjEEOwiAQRe_C2hCBgRaX7nsGMh1mpGpoUtqV8e7apAvd_vfef6mE21rS1nhJU1YX1anT7zYiPbjuIN-x3mZNc12XadS7og_a9DBnfl4P9--gYCvfWmxPWYwgw7mnYMAGQIiUyRATBPE-gBPjQUIEiA6Mk44DWycOBNT7A_MWN7g:1kuDkr:ZSkUrZrB8gfd1M7exSlUg6Uvp7jYWHS5yL9N5KNH158", "expire_date": "2021-01-12T13:05:33.466"}}, {"model": "sessions.session", "pk": "ef7szca7dblfst16ied2aifz05ld3hcr", "fields": {"session_data": ".eJxVjMsOwiAUBf-FtSHlDS7d9xvIhQtSNZCUdmX8d2nShW5n5pw38bBvxe89rX5BciWMkcsvDBCfqR4GH1DvjcZWt3UJ9EjoaTudG6bX7Wz_Dgr0MtZBaisFT0kJwyEHpgbgIidntLMTonAOpLRRQYgjiFmjY5NVwcScDSefL_crOB4:1l2vba:x3qbqFgzL101LfV_8xYW-yYhU-P3M1pgCQRagJKebGM", "expire_date": "2021-02-05T13:31:58.852"}}, {"model": "sessions.session", "pk": "eo8iuvv5evmldnmxjga4e88sjewccp78", "fields": {"session_data": ".eJxVjMsOwiAQRf-FtSHQ4enSvd9AmAGkaiAp7cr479qkC93ec859sRC3tYZt5CXMiZ2Z9Oz0O2KkR247SffYbp1Tb-syI98VftDBrz3l5-Vw_w5qHPVba1FQOiIrgDA7hyYZrZSMyomYS6JJIEKBbLzVvkgQZVKQvIRiHXnP3h8XLjgV:1lP35J:u8mT16V7NSKEisneU8n7ERFQ-AwdI4FTN-yipEfTco4", "expire_date": "2021-04-07T13:58:05.626"}}, {"model": "sessions.session", "pk": "erymk8lbxd1euyvuaz00c2orztmnuyjb", "fields": {"session_data": ".eJxVjDsOwjAQBe_iGllxFpuYkp4zRPt2NySAHCmfCnF3iJQC2jcz7-VaXpe-XWeb2kHd2YXGHX5HsDysbETvXG6jl7Es0wC_KX6ns7-Oas_L7v4d9Dz339oiJUlRIwEVW6eUIoUGAKnUmZRQU2CEXBkbugZyqoMckUSqhOzeHyc_OQo:1lABC2:IOJUVTyt2aTDyo9Zsvx8qwpeiDidrfjrUsvIb1s39UU", "expire_date": "2021-02-25T13:35:34.030"}}, {"model": "sessions.session", "pk": "f08di2n9jr8um1r0udhc6suvz7vhmsbq", "fields": {"session_data": ".eJxVjMsOwiAQRf-FtSGUxwAu3fsNZGBAqgaS0q6M_65NutDtPefcFwu4rTVsIy9hJnZm0rHT7xgxPXLbCd2x3TpPva3LHPmu8IMOfu2Un5fD_TuoOOq3tkoCRWFFSln6WMBb77XSBhwo55MoGmLOZAFAF0FGajkVI9GhcBMBe38A7cA3NQ:1mNA75:LvmTFR-cfvPuSqUfZGfGPmgQ4-Kxq4DRfwvK-e1qlwk", "expire_date": "2021-09-20T10:36:23.027"}}, {"model": "sessions.session", "pk": "f393j039ros0q66450y2ei9ehfaj775v", "fields": {"session_data": ".eJxVjMsOwiAQRf-FtSHQ4enSvd9AmAGkaiAp7cr479qkC93ec859sRC3tYZt5CXMiZ2Z9Oz0O2KkR247SffYbp1Tb-syI98VftDBrz3l5-Vw_w5qHPVba1FQOiIrgDA7hyYZrZSMyomYS6JJIEKBbLzVvkgQZVKQvIRiHXnP3h8XLjgV:1lgkZ4:Ck5mYhUaTtfZ_6s62cWpspmIH7DJdSBZplWxKjtl0DE", "expire_date": "2021-05-26T10:49:58.126"}}, {"model": "sessions.session", "pk": "fahqng6qkkfst116djlql40vz6p86og8", "fields": {"session_data": ".eJxVjEEOwiAQRe_C2hAZpggu3fcMBJhBqoYmpV0Z7y5NutDte-__t_BhW4vfGi9-InEVSpx-WQzpyXUX9Aj1Pss013WZotwTedgmx5n4dTvav4MSWulro1DbgTBCcggmk8nJIudLTmGwUWtFThkAZMBsbLTubKEzJtMDpcXnC9baN4U:1lD6Db:4jpsMk3LbZAFVTqlwXTwbNBHBveJPQ3gL0NnfU38UNc", "expire_date": "2021-03-05T14:53:15.317"}}, {"model": "sessions.session", "pk": "fc26c4029es23q2cqt4nluu65kugfohm", "fields": {"session_data": ".eJxVjEEOwiAQRe_C2hAYoKBL9z0DmWFAqoYmpV0Z765NutDtf-_9l4i4rTVuPS9xYnERWpx-N8L0yG0HfMd2m2Wa27pMJHdFHrTLceb8vB7u30HFXr-1QqN4UITW5UBsrDuDHtjkonzAhOypWKRkgRiCNUFDcsYWrwJoD0q8P-igN4M:1lYRvz:wrpH9XN0xFmoJuYB-HcGaDV7bZQJYNm-NMjMj2ROaR4", "expire_date": "2021-05-03T13:19:19.165"}}, {"model": "sessions.session", "pk": "fpt609kw1lprj55gzhljabvyidxe3hu4", "fields": {"session_data": ".eJxVjEEOwiAQRe_C2hCGAkNduvcMZBioVA0kpV0Z765NutDtf-_9lwi0rSVsPS9hTuIsAMXpd4zEj1x3ku5Ub01yq-syR7kr8qBdXlvKz8vh_h0U6uVbD9mAQpMG8kA8YXKWgFNk6-1k88ignXKoFQIyI2vDHkAZ0oqcH6N4fwAERjeU:1mUqYt:mfRMXUIDbcW-l60-E6WT9EeFmH29BlJJIO-zMbWBFLU", "expire_date": "2021-10-11T15:20:51.738"}}, {"model": "sessions.session", "pk": "fq111o6ltfdrxmlpp2l5fjzp931g2vq2", "fields": {"session_data": ".eJxVjMsOwiAQRf-FtSHQ4enSvd9AmAGkaiAp7cr479qkC93ec859sRC3tYZt5CXMiZ2Z9Oz0O2KkR247SffYbp1Tb-syI98VftDBrz3l5-Vw_w5qHPVba1FQOiIrgDA7hyYZrZSMyomYS6JJIEKBbLzVvkgQZVKQvIRiHXnP3h8XLjgV:1mUqLX:0r2dPVUo7893FijsboenQAy4WEy7YETcXCaqb7n60bI", "expire_date": "2021-10-11T15:07:03.864"}}, {"model": "sessions.session", "pk": "gu2o3gmkonv4egaqev6xomzh1hyzginw", "fields": {"session_data": ".eJxVjDkOwjAURO_iGlne_U1JnzNY3xsOIFuKkwpxdxIpBXSjeW_mTTxua_XbyIufE7kSLsjltwwYn7kdJD2w3TuNva3LHOih0JMOOvWUX7fT_TuoOOq-dhqkAG6iYYoZFjkL2RTGlTYuWJldCeAEKA0CwRYHFlFLKRzTe4RMPl_FFTZ0:1l2tTT:uNvKrVFo5FptS05yVevqjdaO8EANDmW_uCQFJPQmYGg", "expire_date": "2021-02-05T11:15:27.159"}}, {"model": "sessions.session", "pk": "gvrhr66004z0ryqu2anyxt6ee81m5tss", "fields": {"session_data": "YzhiN2EwYTljZDJhMjk1ZGFiZTM2NDcxMjFjYzlkYTc4YzEyODkyYzp7Il9hdXRoX3VzZXJfYmFja2VuZCI6ImRqYW5nby5jb250cmliLmF1dGguYmFja2VuZHMuTW9kZWxCYWNrZW5kIiwiX2F1dGhfdXNlcl9oYXNoIjoiM2M3ZDI1MmE1NTc5MWQ4YTNmZThhZTc5NGM5MGI5M2QwZTI0NjZjNiIsIl9hdXRoX3VzZXJfaWQiOiIxIn0=", "expire_date": "2020-12-14T14:51:53.179"}}, {"model": "sessions.session", "pk": "i2y5zxq8lmnkh9eyud09i7eox42wwgjn", "fields": {"session_data": ".eJxVjEEOwiAQRe_C2hAHBQeX7nuGZmAGqRpISrsy3l2adKHb_95_bzXSuuRxbTKPE6urMl4dfsdA8SllI_ygcq861rLMU9Cbonfa9FBZXrfd_Qtkarm_bQRPiMZiADEkgh4tnhw7k9gFOLL1DNFBT4oAUrCciP2F4NylpD5fEvY42Q:1mk3Ze:BvFXx2h5ycu4A6U2LDc2VpQISnmT733AZo5tWzldhKM", "expire_date": "2021-11-22T13:16:30.912"}}, {"model": "sessions.session", "pk": "i7e1m7sa6ag548l3x1x91treb3ukbyzo", "fields": {"session_data": ".eJxVjEEOwiAQRe_C2hCGAkNduvcMZBioVA0kpV0Z765NutDtf-_9lwi0rSVsPS9hTuIsAMXpd4zEj1x3ku5Ub01yq-syR7kr8qBdXlvKz8vh_h0U6uVbD9mAQpMG8kA8YXKWgFNk6-1k88ignXKoFQIyI2vDHkAZ0oqcH6N4fwAERjeU:1mVAju:EyKCXy45kbdkZdy9ganEH0gJcvwFMTSzxia0lYQ2lVA", "expire_date": "2021-10-12T12:53:34.471"}}, {"model": "sessions.session", "pk": "iefgmfjrr5q21f8odedamtiidxwkgl0u", "fields": {"session_data": ".eJxVjEEOwiAQRe_C2hCGAkNduvcMZBioVA0kpV0Z765NutDtf-_9lwi0rSVsPS9hTuIsAMXpd4zEj1x3ku5Ub01yq-syR7kr8qBdXlvKz8vh_h0U6uVbD9mAQpMG8kA8YXKWgFNk6-1k88ignXKoFQIyI2vDHkAZ0oqcH6N4fwAERjeU:1mOhuJ:ejDU-O9CLNc-p3UXesGMSRbJK4aheYRtPGaERwuYzL8", "expire_date": "2021-09-24T16:53:35.141"}}, {"model": "sessions.session", "pk": "igzdbisqyqcap38o1k3r5c8707wm25kk", "fields": {"session_data": ".eJxVjMsOwiAQRf-FtSHQ4enSvd9AmAGkaiAp7cr479qkC93ec859sRC3tYZt5CXMiZ2Z9Oz0O2KkR247SffYbp1Tb-syI98VftDBrz3l5-Vw_w5qHPVba1FQOiIrgDA7hyYZrZSMyomYS6JJIEKBbLzVvkgQZVKQvIRiHXnP3h8XLjgV:1mInJS:s_dtbKIfddfjXLiyKQNPhaEK89gFt0gB2AxdJLFye_4", "expire_date": "2021-09-08T09:27:06.848"}}, {"model": "sessions.session", "pk": "isq0cvikk9873ezxluhyva65tyvgj750", "fields": {"session_data": "OWQ5YmFlNjk1ZmNjMGY3MzkzZWZhY2Q4MTMzMzUwMDI0MDc0ZjZmMzp7Il9hdXRoX3VzZXJfaWQiOiIxIiwiX2F1dGhfdXNlcl9oYXNoIjoiM2M3ZDI1MmE1NTc5MWQ4YTNmZThhZTc5NGM5MGI5M2QwZTI0NjZjNiIsIl9hdXRoX3VzZXJfYmFja2VuZCI6ImRqYW5nby5jb250cmliLmF1dGguYmFja2VuZHMuTW9kZWxCYWNrZW5kIn0=", "expire_date": "2020-12-14T15:01:53.139"}}, {"model": "sessions.session", "pk": "iyx4wu329c50xo7umuip352bfmj0gn1x", "fields": {"session_data": ".eJxVjEEOwiAQRe_C2hCBgRaX7nsGMh1mpGpoUtqV8e7apAvd_vfef6mE21rS1nhJU1YX1anT7zYiPbjuIN-x3mZNc12XadS7og_a9DBnfl4P9--gYCvfWmxPWYwgw7mnYMAGQIiUyRATBPE-gBPjQUIEiA6Mk44DWycOBNT7A_MWN7g:1kzZz0:7ZOFWIoY7wloC4AxHFF-BA6HlmmyoY664QUPR_FV0II", "expire_date": "2021-01-27T07:50:18.180"}}, {"model": "sessions.session", "pk": "j9xag8osletwtn4c304ybecx6j9rduva", "fields": {"session_data": ".eJxVjEEOwiAQRe_C2hAYoKBL9z0DmWFAqoYmpV0Z765NutDtf-_9l4i4rTVuPS9xYnERWpx-N8L0yG0HfMd2m2Wa27pMJHdFHrTLceb8vB7u30HFXr-1QqN4UITW5UBsrDuDHtjkonzAhOypWKRkgRiCNUFDcsYWrwJoD0q8P-igN4M:1lgk6y:RcEyaEBFjxNSsiB7TSpXSlik9ksv9k6GLNu-bKdz9B0", "expire_date": "2021-05-26T10:20:56.536"}}, {"model": "sessions.session", "pk": "jsvmk6mc6gd7pvwzj4zdc0trt7fin3ts", "fields": {"session_data": ".eJxVjEEOwiAQRe_C2hAZpggu3fcMBJhBqoYmpV0Z7y5NutDte-__t_BhW4vfGi9-InEVSpx-WQzpyXUX9Aj1Pss013WZotwTedgmx5n4dTvav4MSWulro1DbgTBCcggmk8nJIudLTmGwUWtFThkAZMBsbLTubKEzJtMDpcXnC9baN4U:1l2WyR:WXXAfY6y8dt2sXXF6_1KOXiDUjYsXs_l1rhOonBxFTw", "expire_date": "2021-02-04T11:13:55.421"}}, {"model": "sessions.session", "pk": "kh1ricq33ag5blsojvmwl4cswv71izie", "fields": {"session_data": ".eJxVjDEOwjAMAP-SGUVx6-KEkZ03VI6dkAJKpaadEH9HlTrAene6txl5W8u4tbSMk5qLgWBOvzCyPFPdjT643mcrc12XKdo9sYdt9jZrel2P9m9QuJX96wkhIKEj6ZUoO4eZUNBrjy4iEyTvB6IzCERmDX1OQoNC56lDMJ8v1mI29A:1mrcDc:Y5Qra15ZPkZeKIZXzIY3-dTMb6NVU0dz8rNORiT38HY", "expire_date": "2021-12-13T09:41:00.115"}}, {"model": "sessions.session", "pk": "krjoc9zkg59n0jp7nxncmgecz1dfxfh6", "fields": {"session_data": ".eJxVjDsOwjAQBe_iGlmOd_2jpOcM1vqHA8iW4qRC3B0ipYD2zcx7MU_bWv028uLnxM5MAjv9joHiI7edpDu1W-ext3WZA98VftDBrz3l5-Vw_w4qjfqtMaskpogIZBJQIVBGFBlJCxmDoaCF1ibThOhUICEQHDrpkoVildXs_QEEMjds:1lmEkr:z4OM3L360R0SSlt4EZTW8LwBFrXhfgLSsA8Fv8oDIJk", "expire_date": "2021-06-10T14:04:49.457"}}, {"model": "sessions.session", "pk": "kx05157ilttpf1jjdj7bnrzy16v6h79n", "fields": {"session_data": ".eJxVjEEOwiAQRe_C2hAIdBhcuvcMzcAMUjU0Ke3KeHdt0oVu_3vvv9RI21rHrcsyTqzOyqrT75YoP6TtgO_UbrPOc1uXKeld0Qft-jqzPC-H-3dQqddvnSCZmAN6yeAGl1Fc5OiFS2RTIIAHHgIMmMl6JmPRRnSBiogBBFTvD-P_N54:1mrcxO:mLX05NhOuhI1GCJVH7VVYUMfKuvevcdrOSSBZy3di6g", "expire_date": "2021-12-13T10:28:18.397"}}, {"model": "sessions.session", "pk": "l7zgrun4ddr41alvobjrk7n97h564q83", "fields": {"session_data": ".eJxVjEEOwiAQRe_C2hAYoKBL9z0DmWFAqoYmpV0Z765NutDtf-_9l4i4rTVuPS9xYnERWpx-N8L0yG0HfMd2m2Wa27pMJHdFHrTLceb8vB7u30HFXr-1QqN4UITW5UBsrDuDHtjkonzAhOypWKRkgRiCNUFDcsYWrwJoD0q8P-igN4M:1lJGch:F0pP-BlNdJIqiXynBs-_Xj1ktu70vg3XNQxDRTE8IPY", "expire_date": "2021-03-22T15:12:39.278"}}, {"model": "sessions.session", "pk": "ms62m89mh8axa6ag5parfwugg2ms4b01", "fields": {"session_data": ".eJxVjEEOwiAQRe_C2hCBgRaX7nsGMh1mpGpoUtqV8e7apAvd_vfef6mE21rS1nhJU1YX1anT7zYiPbjuIN-x3mZNc12XadS7og_a9DBnfl4P9--gYCvfWmxPWYwgw7mnYMAGQIiUyRATBPE-gBPjQUIEiA6Mk44DWycOBNT7A_MWN7g:1kx2FL:dl2cxkWsJcHLwaGXdKsZnbFNrE0m36Bg7R8SS4hj8MI", "expire_date": "2021-01-20T07:24:39.020"}}, {"model": "sessions.session", "pk": "mtqfdzcdnvkliy8i0jlon2qopcqrc7vb", "fields": {"session_data": ".eJxVjEEOwiAQRe_C2hCGAkNduvcMZBioVA0kpV0Z765NutDtf-_9lwi0rSVsPS9hTuIsAMXpd4zEj1x3ku5Ub01yq-syR7kr8qBdXlvKz8vh_h0U6uVbD9mAQpMG8kA8YXKWgFNk6-1k88ignXKoFQIyI2vDHkAZ0oqcH6N4fwAERjeU:1mIx1s:WrkHbjAtRsQMl8C9I5buV4gWtlLOMan7ZANxcpNsyRs", "expire_date": "2021-09-08T19:49:36.158"}}, {"model": "sessions.session", "pk": "npypkflnsk5wtot87c9dy3tcfkz208oc", "fields": {"session_data": ".eJxVjDkOwjAURO_iGlne_U1JnzNY3xsOIFuKkwpxdxIpBXSjeW_mTTxua_XbyIufE7kSLsjltwwYn7kdJD2w3TuNva3LHOih0JMOOvWUX7fT_TuoOOq-dhqkAG6iYYoZFjkL2RTGlTYuWJldCeAEKA0CwRYHFlFLKRzTe4RMPl_FFTZ0:1l2X0H:Mx56S7Nxyz_2QzV7b0yvXtcSTW9tphfnICRaO9ArEjE", "expire_date": "2021-02-04T11:15:49.529"}}, {"model": "sessions.session", "pk": "nz7dkt044rfulqypu4j55gsjeue85bjt", "fields": {"session_data": ".eJxVjDsOwjAQBe_iGlkx_mxESc8ZrPWuFweQLcVJFXF3iJQC2jczb1MR16XEtec5Tqwuylp1-h0T0jPXnfAD671panWZp6R3RR-061vj_Loe7t9BwV6-tfjMwMF4lMGO5NEIMQZvIXM604DgTBYhTABOfEiCDCSORwOcLKj3B0G-Obg:1mVVio:fr9UK-ew0hW_1Sg28LRdtNJDmwFnsSNadkVRvn4NJUE", "expire_date": "2021-10-13T11:17:50.383"}}, {"model": "sessions.session", "pk": "pi0me1jv83wltdr2zr4lfhw16f8qn347", "fields": {"session_data": ".eJxVjMsOwiAQRf-FtSHQ4enSvd9AmAGkaiAp7cr479qkC93ec859sRC3tYZt5CXMiZ2Z9Oz0O2KkR247SffYbp1Tb-syI98VftDBrz3l5-Vw_w5qHPVba1FQOiIrgDA7hyYZrZSMyomYS6JJIEKBbLzVvkgQZVKQvIRiHXnP3h8XLjgV:1mkOGu:GYFl3xXYix3e-POzVSGN4cMaTbA2lkpPCTz_pHdMvXc", "expire_date": "2021-11-23T11:22:32.446"}}, {"model": "sessions.session", "pk": "pif6iqri5o3tjgrr9dl0y11lj4fdnps6", "fields": {"session_data": ".eJxVjMsOwiAQRf-FtSHQ4enSvd9AmAGkaiAp7cr479qkC93ec859sRC3tYZt5CXMiZ2Z9Oz0O2KkR247SffYbp1Tb-syI98VftDBrz3l5-Vw_w5qHPVba1FQOiIrgDA7hyYZrZSMyomYS6JJIEKBbLzVvkgQZVKQvIRiHXnP3h8XLjgV:1mDLxt:V47RgboR-LKB1rcbC2KFcO_GcuuYVU9RQflrLWMjhPU", "expire_date": "2021-08-24T09:14:21.642"}}, {"model": "sessions.session", "pk": "q2936c69boi1m9si346shivia5s5q7gu", "fields": {"session_data": ".eJxVjDsOwyAQBe9CHSEMi1lSpvcZ0PILTiKQjF1FuXtsyUXSvpl5b-ZoW4vbelrcHNmVSXb53TyFZ6oHiA-q98ZDq-sye34o_KSdTy2m1-10_w4K9bLXBkGCFAoAlBotobZofRqzxSxgyFqSwIiokxcpmt0MAnLEPHgI2Uj2-QKksTb3:1n6qsT:gDGvPuQnX_RMElbED-FXyWRzeDFtqaxo07Zvv9lFi6A", "expire_date": "2022-01-24T10:22:09.940"}}, {"model": "sessions.session", "pk": "q4uay5um5adwdnmenwsl2vgjh5am301h", "fields": {"session_data": ".eJxVjDEOwyAQBP9CHSHAcGenTO83IA7OwUkEkrGrKH-PLblImi12ZvctfNjW7LfGi5-TuAojLr8dhfjkcoD0COVeZaxlXWaShyJP2uRYE79up_t3kEPL-1orjEo5ZBWGREpbcpaQQMPUAQbk6AboMYGzHXEE49AgOJh63lMn8fkCw_k28g:1mInls:h6g-0Tk6bWQn2nkbLARd246oYZGHbMEE0rYSxTbVrV8", "expire_date": "2021-09-08T09:56:28.295"}}, {"model": "sessions.session", "pk": "qeckmgjorjkhbehivq0f7gav9ref3b0l", "fields": {"session_data": ".eJxVjMEOwiAQBf-FsyGwQAGP3v0GwsIiVQNJaU_Gf9cmPej1zcx7sRC3tYZt0BLmzM4MNDv9jhjTg9pO8j22W-ept3WZke8KP-jg157peTncv4MaR_3WhgCcJxCGyKA2NislUJFMBB5Re1OMLhailCWnqYBWCXVyk3RF2CjZ-wMDIzgB:1lzElc:ZDI5ZHPE4GPRa11WbBSDUGE2oQ7lxfsWln3lCZFs-vQ", "expire_date": "2021-07-16T10:43:20.882"}}, {"model": "sessions.session", "pk": "qmct2zhj9eahor1k3fwd4p40epwvv3qy", "fields": {"session_data": ".eJxVjEEOwiAQRe_C2hBgoHRcuvcMZGBAqoYmpV0Z765NutDtf-_9lwi0rTVsPS9hYnEWYMXpd4yUHrnthO_UbrNMc1uXKcpdkQft8jpzfl4O9--gUq_fGp0vJnvNehhRlQSKAY0qWAbwTiWKBjJli0iO0UU0yC4xjKCNja6I9wf3iTe9:1mzHIu:j0lz0KhFeSJ3z7KAGHU_scPvbt7A7deuFt-VgVIIS_o", "expire_date": "2022-01-03T12:58:08.604"}}, {"model": "sessions.session", "pk": "r40cjxrjqtd18pl39hh4e9bcz80lqucg", "fields": {"session_data": ".eJxVjEsOAiEQBe_C2hAaoRGX7j0DaejGGTWQzGdlvLtOMgvdvqp6L5VoXYa0zjKlkdVZAarD75ipPKRthO_Ubl2X3pZpzHpT9E5nfe0sz8vu_h0MNA_fujgkz7lEsUEyGRB_dCEGEzkgMjhAj2xNxehORqoFCdV7gChkQq7q_QEDmzez:1l6Wjx:CQYNczEFZTBKbbgyC1-eoiHlbdNfVoPhe85y-0NROW8", "expire_date": "2021-02-15T11:47:29.461"}}, {"model": "sessions.session", "pk": "rblomlcv1wg4gao8kh8a6g1wt6tru7ej", "fields": {"session_data": ".eJxVjDsOwyAQBe9CHSEMi1lSpvcZ0PILTiKQjF1FuXtsyUXSvpl5b-ZoW4vbelrcHNmVSXb53TyFZ6oHiA-q98ZDq-sye34o_KSdTy2m1-10_w4K9bLXBkGCFAoAlBotobZofRqzxSxgyFqSwIiokxcpmt0MAnLEPHgI2Uj2-QKksTb3:1mqZvG:stI_XjoTcZPhbyr-CEgJMBUJ5i2NSckeSxzuHZ3DgDc", "expire_date": "2021-12-10T13:01:46.139"}}, {"model": "sessions.session", "pk": "rk4bdh0hz67shjsozq6k8gu2vuyuijpb", "fields": {"session_data": ".eJxVjMsOwiAQRf-FtSHQIg-X7vsNZJgZpGogKe3K-O_apAvd3nPOfYkI21ri1nmJM4mL0E6cfscE-OC6E7pDvTWJra7LnOSuyIN2OTXi5_Vw_w4K9PKt2WUTNKJhIGU1MlqyoIN2yhJSSEBpzB6DG42xadTq7HFggOzNwA7E-wMwgDj1:1l56dV:DRUKazBn5wVdoHsiDHLXdwxbmHRuo7mdh9fyY22mUS8", "expire_date": "2021-02-11T13:42:57.199"}}, {"model": "sessions.session", "pk": "s0ypa3z2ag7no9ko44hewt1hiz2wjt5x", "fields": {"session_data": ".eJxVjMsOwiAQRf-FtSHQ4enSvd9AmAGkaiAp7cr479qkC93ec859sRC3tYZt5CXMiZ2Z9Oz0O2KkR247SffYbp1Tb-syI98VftDBrz3l5-Vw_w5qHPVba1FQOiIrgDA7hyYZrZSMyomYS6JJIEKBbLzVvkgQZVKQvIRiHXnP3h8XLjgV:1mNAB2:Fd9ka4BpTMx6mHw9xpBHUyOUAa-fqJ1keD3RwOVsYxw", "expire_date": "2021-09-20T10:40:28.120"}}, {"model": "sessions.session", "pk": "s1bxdco9yg00o6bpez8rk1397cob05if", "fields": {"session_data": ".eJxVjEEOwiAQRe_C2hAIdBhcuvcMzcAMUjU0Ke3KeHdt0oVu_3vvv9RI21rHrcsyTqzOyqrT75YoP6TtgO_UbrPOc1uXKeld0Qft-jqzPC-H-3dQqddvnSCZmAN6yeAGl1Fc5OiFS2RTIIAHHgIMmMl6JmPRRnSBiogBBFTvD-P_N54:1n7Bmt:quhmDxsX7nSD3CcIPLjwdHEAc2NGxmg16LzADxUgVgY", "expire_date": "2022-01-25T08:41:47.889"}}, {"model": "sessions.session", "pk": "s3dhpdeoa2skjnjrp8dnk9pcl05gbiis", "fields": {"session_data": ".eJxVjEsOwiAUAO_C2hA-hYJL9z0DeQ8eUjWQlHZlvLsh6UK3M5N5swDHXsLRaQtrYlcmZ3b5hQjxSXWY9IB6bzy2um8r8pHw03a-tESv29n-DQr0Mr56Ft5S9B4NGUtGQqZJC5W1kAIQRdJOOamSBgEefXSYrZVqSoQRJPt8Afq9OB0:1nCMBI:mbWdDH0XVoNgeXnyh73HippS1UGsatTOsuSsnAUA7QA", "expire_date": "2022-02-08T14:48:20.420"}}, {"model": "sessions.session", "pk": "s8aywemhjdqrrpsgc5eesla3lzkv7ylw", "fields": {"session_data": ".eJxVjMsOwiAQRf-FtSHQ4enSvd9AmAGkaiAp7cr479qkC93ec859sRC3tYZt5CXMiZ2Z9Oz0O2KkR247SffYbp1Tb-syI98VftDBrz3l5-Vw_w5qHPVba1FQOiIrgDA7hyYZrZSMyomYS6JJIEKBbLzVvkgQZVKQvIRiHXnP3h8XLjgV:1mVVm5:PmP6AkatY1aVFuLzr6Li6sGB1oF8WDfjEPInTKjURSw", "expire_date": "2021-10-13T11:21:13.428"}}, {"model": "sessions.session", "pk": "s9ol1tj4n4vjscjhpfrpnm9mh5073w9w", "fields": {"session_data": ".eJxVjEEOwiAQRe_C2hCGAkNduvcMZBioVA0kpV0Z765NutDtf-_9lwi0rSVsPS9hTuIsAMXpd4zEj1x3ku5Ub01yq-syR7kr8qBdXlvKz8vh_h0U6uVbD9mAQpMG8kA8YXKWgFNk6-1k88ignXKoFQIyI2vDHkAZ0oqcH6N4fwAERjeU:1lqEZ7:2MONltXjJZlhstn0Cg234qdXt-ZCSVcmQcM42lWUFGI", "expire_date": "2021-06-21T14:41:13.852"}}, {"model": "sessions.session", "pk": "sahvkuo4nq2fimlzu7hlevs6c6fl7v9c", "fields": {"session_data": "ZWMzZGExMTcwYmQxOTVjOTI0ODA1MzNlMjEzNzExYzNlYWUzZTM1OTp7Il9hdXRoX3VzZXJfYmFja2VuZCI6ImRqYW5nby5jb250cmliLmF1dGguYmFja2VuZHMuTW9kZWxCYWNrZW5kIiwiX2F1dGhfdXNlcl9oYXNoIjoiZjVlZjAxNjgzNGNjMTA5ZTQ4ZTI3ZjcwOGIzNjU4MjI2MTI1ZWExYiIsIl9hdXRoX3VzZXJfaWQiOiI3In0=", "expire_date": "2020-12-22T10:02:07.665"}}, {"model": "sessions.session", "pk": "sp9qxof8nqzeyof4qascdnu02ehbhewv", "fields": {"session_data": ".eJxVjEEOwiAQRe_C2hAYoKBL9z0DmWFAqoYmpV0Z765NutDtf-_9l4i4rTVuPS9xYnERWpx-N8L0yG0HfMd2m2Wa27pMJHdFHrTLceb8vB7u30HFXr-1QqN4UITW5UBsrDuDHtjkonzAhOypWKRkgRiCNUFDcsYWrwJoD0q8P-igN4M:1mDM2I:o7qkrMcZQ-a0wCkpKhP5HSXUAcI4jOzVDIk913xkDgQ", "expire_date": "2021-08-24T09:18:54.306"}}, {"model": "sessions.session", "pk": "sxgf42awk3267yzs3p1ldgtbadha0vpn", "fields": {"session_data": ".eJxVjDkOwjAURO_iGlne_U1JnzNY3xsOIFuKkwpxdxIpBXSjeW_mTTxua_XbyIufE7kSLsjltwwYn7kdJD2w3TuNva3LHOih0JMOOvWUX7fT_TuoOOq-dhqkAG6iYYoZFjkL2RTGlTYuWJldCeAEKA0CwRYHFlFLKRzTe4RMPl_FFTZ0:1l6V1K:qsJ004O9Uhh2HLvfcnd4xwaHo0O840vnDIg0fKB6O3A", "expire_date": "2021-02-15T09:57:18.783"}}, {"model": "sessions.session", "pk": "sz2jff1qelwruq4ijovnaghxf0gv14ys", "fields": {"session_data": ".eJxVjEEOwiAQRe_C2hCGAkNduvcMZBioVA0kpV0Z765NutDtf-_9lwi0rSVsPS9hTuIsAMXpd4zEj1x3ku5Ub01yq-syR7kr8qBdXlvKz8vh_h0U6uVbD9mAQpMG8kA8YXKWgFNk6-1k88ignXKoFQIyI2vDHkAZ0oqcH6N4fwAERjeU:1mObwa:GHW57RP_-RYs6dq8BQ8tiU25lY92Qx_Fut0Y6gx0Lr0", "expire_date": "2021-09-24T10:31:32.564"}}, {"model": "sessions.session", "pk": "td5fj762p2rn0h2ew4czhyz88q7afbpc", "fields": {"session_data": ".eJxVjEsOwiAUAO_C2hA-hYJL9z0DeQ8eUjWQlHZlvLsh6UK3M5N5swDHXsLRaQtrYlcmZ3b5hQjxSXWY9IB6bzy2um8r8pHw03a-tESv29n-DQr0Mr56Ft5S9B4NGUtGQqZJC5W1kAIQRdJOOamSBgEefXSYrZVqSoQRJPt8Afq9OB0:1mqG0K:bV9AJu3MQUnPttdlFYogUy0SJrcBMcCh3Yr2K8Yo8oo", "expire_date": "2021-12-09T15:45:40.710"}}, {"model": "sessions.session", "pk": "tg0wsqjlyoyvzgqrjjbxcmhmnk13liki", "fields": {"session_data": ".eJxVjEEOwiAQRe_C2pCBaSvj0r1naIYBpGogKe3KeHdD0oVu_3vvv9XM-5bnvcV1XoK6KIvq9Dt6lmcsnYQHl3vVUsu2Ll53RR-06VsN8XU93L-DzC33WrxxToBHGwYARI4DYCAKhq13fiIfySRJSQDIwNnyJEwjozPJCKrPFxM_OEk:1lsiCO:asj4NeGg-mbgllnDyh9zc3eLDwOuEwGOZ1O1MyZjlOg", "expire_date": "2021-06-28T10:44:00.339"}}, {"model": "sessions.session", "pk": "u3tba4dhqkyesbsoc17vhgh2r1ket8xz", "fields": {"session_data": ".eJxVjEsOwiAUAO_C2hA-hYJL9z0DeQ8eUjWQlHZlvLsh6UK3M5N5swDHXsLRaQtrYlcmZ3b5hQjxSXWY9IB6bzy2um8r8pHw03a-tESv29n-DQr0Mr56Ft5S9B4NGUtGQqZJC5W1kAIQRdJOOamSBgEefXSYrZVqSoQRJPt8Afq9OB0:1n54jW:JJ9Kyp2JYU3vKCBp8ssrA87VwlKk7w-7LkuGnA2EJAE", "expire_date": "2022-01-19T12:45:34.714"}}, {"model": "sessions.session", "pk": "u4y988gvm5q85ewtd4vkoj5coysjro3e", "fields": {"session_data": ".eJxVjDsOwjAQBe_iGlkx_mxESc8ZrPWuFweQLcVJFXF3iJQC2jczb1MR16XEtec5Tqwuylp1-h0T0jPXnfAD671panWZp6R3RR-061vj_Loe7t9BwV6-tfjMwMF4lMGO5NEIMQZvIXM604DgTBYhTABOfEiCDCSORwOcLKj3B0G-Obg:1mVscu:OxEiTV1VKcDdjx1cWxg-3OEvz2O_OmybIfl_KHNiBT0", "expire_date": "2021-10-14T11:45:16.671"}}, {"model": "sessions.session", "pk": "unp5xvfzyt95njqhi7gh5au3brk6k6x2", "fields": {"session_data": ".eJxVjEEOwiAQRe_C2hAZpggu3fcMBJhBqoYmpV0Z7y5NutDte-__t_BhW4vfGi9-InEVSpx-WQzpyXUX9Aj1Pss013WZotwTedgmx5n4dTvav4MSWulro1DbgTBCcggmk8nJIudLTmGwUWtFThkAZMBsbLTubKEzJtMDpcXnC9baN4U:1l58Z6:bHOSB7IdgoSoIZs7gwsE-ivFGZvtSzLE2tZHCu4O8SM", "expire_date": "2021-02-11T15:46:32.490"}}, {"model": "sessions.session", "pk": "up5g3hyrtsh00zz4oikpjdaxgcunstmc", "fields": {"session_data": ".eJxVjDsOwjAQBe_iGln-xR9K-pzBWq_XOIAcKU4qxN2RpRTQvpl5bxbh2Gs8Om1xyezK9MQuv2MCfFIbJD-g3VeOa9u3JfGh8JN2Pq-ZXrfT_Tuo0OuorRQheAoGdXEuAxolAmmXSBjnirQeSyjBKyiTtJSct0aTQSUlabLs8wUAYzfN:1nCiwQ:HyYM1qdqqnRSjbIW7OuMQpAlgyqhlEFAQxv_uDwVWAo", "expire_date": "2022-02-09T15:06:30.381"}}, {"model": "sessions.session", "pk": "us3us7i7bvk3sroy5oxg9mxqc3pxpdlh", "fields": {"session_data": ".eJxVjDsOwjAQBe_iGllx1iE2JT1nsN6uvSSAHCmfCnF3FCkFtDOjeZuEbR3StpQ5jdlcTBvN6Rcy5FnqbvID9T5Zmeo6j2z3xB52sbcpl9f1aP8GA5Zh_3ITCS6SdiGS03OAasjsqKUAL46jELqiABOzQhhN71U8db1DMZ8vGB45Fg:1n5OVx:lia6tALUFqmsz9FyEVakd-cH6bDNTF67Gm6NRkP_i1w", "expire_date": "2022-01-20T09:52:53.993"}}, {"model": "sessions.session", "pk": "vxll1lt6ajegihzjhtz2i3a1tn48ywfb", "fields": {"session_data": ".eJxVjDsOwjAQBe_iGln-xR9K-pzBWq_XOIAcKU4qxN2RpRTQvpl5bxbh2Gs8Om1xyezK9MQuv2MCfFIbJD-g3VeOa9u3JfGh8JN2Pq-ZXrfT_Tuo0OuorRQheAoGdXEuAxolAmmXSBjnirQeSyjBKyiTtJSct0aTQSUlabLs8wUAYzfN:1nIxtQ:GFWYzdMjXxomNfdh0BgkMd6BwDgtQaRAB9ALJbLk_O4", "expire_date": "2022-02-26T20:17:12.279"}}, {"model": "sessions.session", "pk": "wdsdxyp3nrd3gvzlxxet3hygx5vkmy7w", "fields": {"session_data": ".eJxVjEEOwiAQRe_C2hAYoKBL9z0DmWFAqoYmpV0Z765NutDtf-_9l4i4rTVuPS9xYnERWpx-N8L0yG0HfMd2m2Wa27pMJHdFHrTLceb8vB7u30HFXr-1QqN4UITW5UBsrDuDHtjkonzAhOypWKRkgRiCNUFDcsYWrwJoD0q8P-igN4M:1mESSF:-JxbPKuvHiZY3ij6eRRApOy_XCr-o9DUPpWli4xewew", "expire_date": "2021-08-27T10:22:15.378"}}, {"model": "sessions.session", "pk": "wkqvzs7c7e6u5d8oii2zcm42nvr7q3jc", "fields": {"session_data": ".eJxVjEEOwiAQRe_C2hBgoHRcuvcMZGBAqoYmpV0Z765NutDtf-_9lwi0rTVsPS9hYnEWYMXpd4yUHrnthO_UbrNMc1uXKcpdkQft8jpzfl4O9--gUq_fGp0vJnvNehhRlQSKAY0qWAbwTiWKBjJli0iO0UU0yC4xjKCNja6I9wf3iTe9:1n57Bi:9Rrx6N_O8CFNO-k2z8C6uJuekjBzF0TfNZ21LemI2Y4", "expire_date": "2022-01-19T15:22:50.395"}}, {"model": "sessions.session", "pk": "wv8ovo4wtkjrz48fbs5h5a0mrt1b20pe", "fields": {"session_data": ".eJxVjEEOgjAQRe_StWmYaRmtS_ecgbQzU4saSCisjHcXEha6_e-9_zZ9XJfSr1XnfhBzNeDM6XdMkZ867kQecbxPlqdxmYdkd8UetNpuEn3dDvfvoMRattp5bSSAJ4AMJP7SBkLKxJgy0VmwdYJeYZMUWQEdMjUpQ2aGNgXz-QLkpDec:1kzyHM:t9weKcA1WxZVqPG1FX1w3JOdjoxRW_YhUk9yiPrYuGM", "expire_date": "2021-01-28T09:46:52.682"}}, {"model": "sessions.session", "pk": "x9p58n9uq3ikgyu19tl6slvo2iuknvif", "fields": {"session_data": ".eJxVjDEOgzAMAP-SuYogjhPcsTtvQE5sCm0VJAJT1b9XSAztene6txl436Zhr7oOs5iraZ25_MLE-anlMPLgcl9sXsq2zskeiT1ttf0i-rqd7d9g4jodXxpVkACo9RwjStNhAxpCHDGjA-oSM3sCScROW_aqlAB9yJKzR_P5AvRqOBI:1lgksQ:OlzLzCmsMEUNOA0afSz9fih56H6hmFH_PObhbstmhBg", "expire_date": "2021-05-26T11:09:58.625"}}, {"model": "sessions.session", "pk": "x9p5jh94cuf0ab16cjucr7hgp55reeyn", "fields": {"session_data": ".eJxVjMsOwiAQRf-FtSHQ4enSvd9AmAGkaiAp7cr479qkC93ec859sRC3tYZt5CXMiZ2Z9Oz0O2KkR247SffYbp1Tb-syI98VftDBrz3l5-Vw_w5qHPVba1FQOiIrgDA7hyYZrZSMyomYS6JJIEKBbLzVvkgQZVKQvIRiHXnP3h8XLjgV:1m0JG2:vfbo9b038s5xkhFusMcySP1pxxbpPWAWduY_mwF_H2o", "expire_date": "2021-07-19T09:43:10.733"}}, {"model": "sessions.session", "pk": "xitwhyqpp8igo9fbp0f8fyblnxyl58le", "fields": {"session_data": ".eJxVjMsOwiAUBf-FtSFAebp0328gF7hI1UBS2pXx3y1JF7o9M3PexMO-Fb93XP2SyJUITS6_Y4D4xDpIekC9Nxpb3dYl0KHQk3Y6t4Sv2-n-HRTo5ajVFFnMcrI5mKhUso5hNqB5tgIsCsZZADcZLTlm50KWMh0c0Q5BCvL5AhPMOHw:1mInSr:TiCC8p7Com7MwSnGeAJsZIbIWIo6NKUmjfxfhqVQgPc", "expire_date": "2021-09-08T09:36:49.091"}}, {"model": "sessions.session", "pk": "y7420b4n5ev7yyz90obbwkyl1us2jq12", "fields": {"session_data": ".eJxVjEEOwiAQRe_C2hCGAkNduvcMZBioVA0kpV0Z765NutDtf-_9lwi0rSVsPS9hTuIsAMXpd4zEj1x3ku5Ub01yq-syR7kr8qBdXlvKz8vh_h0U6uVbD9mAQpMG8kA8YXKWgFNk6-1k88ignXKoFQIyI2vDHkAZ0oqcH6N4fwAERjeU:1mDQ7P:mCf0FcIyC0rHVV6HmD0FcABNS0UnQf7XDfZO16rmK3A", "expire_date": "2021-08-24T13:40:27.356"}}, {"model": "sessions.session", "pk": "yl0444nbw8ti2qsx0kjyqx7kuw8bl65v", "fields": {"session_data": ".eJxVjDsOwjAQBe_iGlkx_mxESc8ZrPWuFweQLcVJFXF3iJQC2jczb1MR16XEtec5Tqwuylp1-h0T0jPXnfAD671panWZp6R3RR-061vj_Loe7t9BwV6-tfjMwMF4lMGO5NEIMQZvIXM604DgTBYhTABOfEiCDCSORwOcLKj3B0G-Obg:1mVsTT:frIatfB7BHJCZTnkE9Y0dsrDFCuvuJH6-1Uo4eE1XLg", "expire_date": "2021-10-14T11:35:31.304"}}, {"model": "sessions.session", "pk": "z98y0fhi06uo6115er0nqwydexvcu369", "fields": {"session_data": ".eJxVjEEOwiAQRe_C2hCGAkNduvcMZBioVA0kpV0Z765NutDtf-_9lwi0rSVsPS9hTuIsAMXpd4zEj1x3ku5Ub01yq-syR7kr8qBdXlvKz8vh_h0U6uVbD9mAQpMG8kA8YXKWgFNk6-1k88ignXKoFQIyI2vDHkAZ0oqcH6N4fwAERjeU:1lUVD9:wRfvSygSIDbzuZARGcTb_4vVDTraQrX_OKQbZQDgldg", "expire_date": "2021-04-22T16:00:43.125"}}, {"model": "sessions.session", "pk": "zepmd391749wymkv2vpj084vi04jpfcw", "fields": {"session_data": ".eJxVjEEOwiAQRe_C2hAZpggu3fcMBJhBqoYmpV0Z7y5NutDte-__t_BhW4vfGi9-InEVSpx-WQzpyXUX9Aj1Pss013WZotwTedgmx5n4dTvav4MSWulro1DbgTBCcggmk8nJIudLTmGwUWtFThkAZMBsbLTubKEzJtMDpcXnC9baN4U:1lD6Ji:TrwCKPamWF5SitV8n0kKKcHPaCDvhIxNSrf5DoOwnLY", "expire_date": "2021-03-05T14:59:34.919"}}, {"model": "sessions.session", "pk": "zp48chfv06aa4rpry719nvn61qrqkyum", "fields": {"session_data": ".eJxVjMsOwiAQRf-FtSHQIg-X7vsNZJgZpGogKe3K-O_apAvd3nPOfYkI21ri1nmJM4mL0E6cfscE-OC6E7pDvTWJra7LnOSuyIN2OTXi5_Vw_w4K9PKt2WUTNKJhIGU1MlqyoIN2yhJSSEBpzB6DG42xadTq7HFggOzNwA7E-wMwgDj1:1lFBtR:xC9_sEbRWkLK2Yx9eiFQ0UpQMczI2r4ZPmm5j2c5mkY", "expire_date": "2021-03-11T09:21:05.272"}}, {"model": "sessions.session", "pk": "zyusc135w61tfavt6yrlb6hxscddxg18", "fields": {"session_data": ".eJxVjEEOwiAQRe_C2hCBgRaX7nsGMh1mpGpoUtqV8e7apAvd_vfef6mE21rS1nhJU1YX1anT7zYiPbjuIN-x3mZNc12XadS7og_a9DBnfl4P9--gYCvfWmxPWYwgw7mnYMAGQIiUyRATBPE-gBPjQUIEiA6Mk44DWycOBNT7A_MWN7g:1l0JYn:O0nIpPiyhgMTywYefA4zAvb4KbQyDGfFQwpu9gcYpwY", "expire_date": "2021-01-29T08:30:17.961"}}, {"model": "sessions.session", "pk": "zz0sh823bg85if2wyg926y4jr32te795", "fields": {"session_data": ".eJxVjDsOwjAQBe_iGln-xR9K-pzBWq_XOIAcKU4qxN2RpRTQvpl5bxbh2Gs8Om1xyezK9MQuv2MCfFIbJD-g3VeOa9u3JfGh8JN2Pq-ZXrfT_Tuo0OuorRQheAoGdXEuAxolAmmXSBjnirQeSyjBKyiTtJSct0aTQSUlabLs8wUAYzfN:1nCdfe:A3Rm6grX7yHfxShOJ8XgH3LsJ_wXkQqZKHjg_bv7AeU", "expire_date": "2022-02-09T09:28:50.280"}}, {"model": "sites.site", "pk": 1, "fields": {"domain": "example.com", "name": "example.com"}}, {"model": "admin.logentry", "pk": 1, "fields": {"action_time": "2022-01-26T15:11:15.638", "user": 35, "content_type": 23, "object_id": "6", "object_repr": "jd1", "action_flag": 2, "change_message": "[{\"changed\": {\"fields\": [\"Name\"]}}]"}}, {"model": "admin.logentry", "pk": 2, "fields": {"action_time": "2022-01-26T15:11:22.740", "user": 35, "content_type": 23, "object_id": "5", "object_repr": "jd2", "action_flag": 2, "change_message": "[{\"changed\": {\"fields\": [\"Name\"]}}]"}}, {"model": "admin.logentry", "pk": 3, "fields": {"action_time": "2022-01-26T15:11:40.405", "user": 35, "content_type": 23, "object_id": "5", "object_repr": "jd2", "action_flag": 3, "change_message": ""}}, {"model": "admin.logentry", "pk": 4, "fields": {"action_time": "2022-01-26T15:11:45.951", "user": 35, "content_type": 23, "object_id": "6", "object_repr": "jd1", "action_flag": 3, "change_message": ""}}, {"model": "system.configuration", "pk": 1, "fields": {"name": "magenta"}}, {"model": "system.configuration", "pk": 2, "fields": {"name": "os2borgerpc20.04"}}, {"model": "system.configuration", "pk": 3, "fields": {"name": "35"}}, {"model": "system.configuration", "pk": 4, "fields": {"name": "34"}}, {"model": "system.configuration", "pk": 5, "fields": {"name": "33"}}, {"model": "system.configuration", "pk": 9, "fields": {"name": "32"}}, {"model": "system.configuration", "pk": 15, "fields": {"name": "31"}}, {"model": "system.configuration", "pk": 17, "fields": {"name": "30"}}, {"model": "system.configuration", "pk": 18, "fields": {"name": "29"}}, {"model": "system.configuration", "pk": 20, "fields": {"name": "28"}}, {"model": "system.configuration", "pk": 21, "fields": {"name": "27"}}, {"model": "system.configuration", "pk": 22, "fields": {"name": "26"}}, {"model": "system.configuration", "pk": 28, "fields": {"name": "25"}}, {"model": "system.configuration", "pk": 29, "fields": {"name": "24"}}, {"model": "system.configuration", "pk": 30, "fields": {"name": "23"}}, {"model": "system.configuration", "pk": 32, "fields": {"name": "22"}}, {"model": "system.configuration", "pk": 33, "fields": {"name": "21"}}, {"model": "system.configuration", "pk": 34, "fields": {"name": "20"}}, {"model": "system.configuration", "pk": 35, "fields": {"name": "19"}}, {"model": "system.configuration", "pk": 38, "fields": {"name": "18"}}, {"model": "system.configuration", "pk": 40, "fields": {"name": "17"}}, {"model": "system.configuration", "pk": 44, "fields": {"name": "16"}}, {"model": "system.configuration", "pk": 45, "fields": {"name": "15"}}, {"model": "system.configuration", "pk": 46, "fields": {"name": "14"}}, {"model": "system.configuration", "pk": 47, "fields": {"name": "13"}}, {"model": "system.configuration", "pk": 48, "fields": {"name": "12"}}, {"model": "system.configuration", "pk": 49, "fields": {"name": "11"}}, {"model": "system.configuration", "pk": 50, "fields": {"name": "10"}}, {"model": "system.configuration", "pk": 51, "fields": {"name": "9"}}, {"model": "system.configuration", "pk": 53, "fields": {"name": "8"}}, {"model": "system.configuration", "pk": 54, "fields": {"name": "7"}}, {"model": "system.configuration", "pk": 55, "fields": {"name": "6"}}, {"model": "system.configuration", "pk": 56, "fields": {"name": "5"}}, {"model": "system.configuration", "pk": 57, "fields": {"name": "4"}}, {"model": "system.configuration", "pk": 58, "fields": {"name": "3"}}, {"model": "system.configuration", "pk": 59, "fields": {"name": "2"}}, {"model": "system.configuration", "pk": 60, "fields": {"name": "1"}}, {"model": "system.configurationentry", "pk": 1, "fields": {"key": "distribution", "value": "5", "owner_configuration": 3}}, {"model": "system.configurationentry", "pk": 2, "fields": {"key": "uid", "value": "5", "owner_configuration": 3}}, {"model": "system.configurationentry", "pk": 3, "fields": {"key": "site", "value": "5", "owner_configuration": 3}}, {"model": "system.configurationentry", "pk": 4, "fields": {"key": "hostname", "value": "5", "owner_configuration": 3}}, {"model": "system.configurationentry", "pk": 5, "fields": {"key": "fresh_install", "value": "5", "owner_configuration": 3}}, {"model": "system.configurationentry", "pk": 6, "fields": {"key": "admin_url", "value": "5", "owner_configuration": 3}}, {"model": "system.configurationentry", "pk": 7, "fields": {"key": "os2borgerpc_version", "value": "5", "owner_configuration": 3}}, {"model": "system.configurationentry", "pk": 8, "fields": {"key": "mac", "value": "5", "owner_configuration": 3}}, {"model": "system.configurationentry", "pk": 9, "fields": {"key": "_os2borgerpc.client_version", "value": "5", "owner_configuration": 3}}, {"model": "system.configurationentry", "pk": 10, "fields": {"key": "updates", "value": "5", "owner_configuration": 3}}, {"model": "system.configurationentry", "pk": 11, "fields": {"key": "security_updates", "value": "5", "owner_configuration": 3}}, {"model": "system.configurationentry", "pk": 23, "fields": {"key": "uid", "value": "5", "owner_configuration": 4}}, {"model": "system.configurationentry", "pk": 24, "fields": {"key": "fresh_install", "value": "5", "owner_configuration": 4}}, {"model": "system.configurationentry", "pk": 25, "fields": {"key": "updates", "value": "5", "owner_configuration": 4}}, {"model": "system.configurationentry", "pk": 26, "fields": {"key": "security_updates", "value": "5", "owner_configuration": 4}}, {"model": "system.configurationentry", "pk": 27, "fields": {"key": "site", "value": "5", "owner_configuration": 4}}, {"model": "system.configurationentry", "pk": 28, "fields": {"key": "distribution", "value": "5", "owner_configuration": 4}}, {"model": "system.configurationentry", "pk": 29, "fields": {"key": "admin_url", "value": "5", "owner_configuration": 4}}, {"model": "system.configurationentry", "pk": 30, "fields": {"key": "_os2borgerpc.client_version", "value": "5", "owner_configuration": 4}}, {"model": "system.configurationentry", "pk": 31, "fields": {"key": "hostname", "value": "5", "owner_configuration": 4}}, {"model": "system.configurationentry", "pk": 32, "fields": {"key": "os2borgerpc_version", "value": "5", "owner_configuration": 4}}, {"model": "system.configurationentry", "pk": 33, "fields": {"key": "mac", "value": "5", "owner_configuration": 4}}, {"model": "system.configurationentry", "pk": 34, "fields": {"key": "os2borgerpc_version", "value": "5", "owner_configuration": 9}}, {"model": "system.configurationentry", "pk": 35, "fields": {"key": "admin_url", "value": "5", "owner_configuration": 9}}, {"model": "system.configurationentry", "pk": 36, "fields": {"key": "mac", "value": "5", "owner_configuration": 9}}, {"model": "system.configurationentry", "pk": 37, "fields": {"key": "distribution", "value": "5", "owner_configuration": 9}}, {"model": "system.configurationentry", "pk": 38, "fields": {"key": "hostname", "value": "5", "owner_configuration": 9}}, {"model": "system.configurationentry", "pk": 39, "fields": {"key": "fresh_install", "value": "5", "owner_configuration": 9}}, {"model": "system.configurationentry", "pk": 40, "fields": {"key": "site", "value": "5", "owner_configuration": 9}}, {"model": "system.configurationentry", "pk": 41, "fields": {"key": "uid", "value": "5", "owner_configuration": 9}}, {"model": "system.configurationentry", "pk": 42, "fields": {"key": "_os2borgerpc.client_version", "value": "5", "owner_configuration": 9}}, {"model": "system.configurationentry", "pk": 43, "fields": {"key": "updates", "value": "5", "owner_configuration": 9}}, {"model": "system.configurationentry", "pk": 44, "fields": {"key": "security_updates", "value": "5", "owner_configuration": 9}}, {"model": "system.configurationentry", "pk": 75, "fields": {"key": "admin_url", "value": "5", "owner_configuration": 15}}, {"model": "system.configurationentry", "pk": 76, "fields": {"key": "distribution", "value": "5", "owner_configuration": 15}}, {"model": "system.configurationentry", "pk": 77, "fields": {"key": "fresh_install", "value": "5", "owner_configuration": 15}}, {"model": "system.configurationentry", "pk": 78, "fields": {"key": "hostname", "value": "5", "owner_configuration": 15}}, {"model": "system.configurationentry", "pk": 79, "fields": {"key": "mac", "value": "5", "owner_configuration": 15}}, {"model": "system.configurationentry", "pk": 80, "fields": {"key": "os2borgerpc_version", "value": "5", "owner_configuration": 15}}, {"model": "system.configurationentry", "pk": 81, "fields": {"key": "site", "value": "5", "owner_configuration": 15}}, {"model": "system.configurationentry", "pk": 82, "fields": {"key": "uid", "value": "5", "owner_configuration": 15}}, {"model": "system.configurationentry", "pk": 83, "fields": {"key": "_os2borgerpc.client_version", "value": "5", "owner_configuration": 15}}, {"model": "system.configurationentry", "pk": 84, "fields": {"key": "updates", "value": "5", "owner_configuration": 15}}, {"model": "system.configurationentry", "pk": 85, "fields": {"key": "security_updates", "value": "5", "owner_configuration": 15}}, {"model": "system.configurationentry", "pk": 86, "fields": {"key": "job_timeout", "value": "5", "owner_configuration": 15}}, {"model": "system.configurationentry", "pk": 98, "fields": {"key": "admin_url", "value": "5", "owner_configuration": 17}}, {"model": "system.configurationentry", "pk": 99, "fields": {"key": "distribution", "value": "5", "owner_configuration": 17}}, {"model": "system.configurationentry", "pk": 100, "fields": {"key": "fresh_install", "value": "5", "owner_configuration": 17}}, {"model": "system.configurationentry", "pk": 101, "fields": {"key": "hostname", "value": "5", "owner_configuration": 17}}, {"model": "system.configurationentry", "pk": 102, "fields": {"key": "mac", "value": "5", "owner_configuration": 17}}, {"model": "system.configurationentry", "pk": 103, "fields": {"key": "os2borgerpc_version", "value": "5", "owner_configuration": 17}}, {"model": "system.configurationentry", "pk": 104, "fields": {"key": "site", "value": "5", "owner_configuration": 17}}, {"model": "system.configurationentry", "pk": 105, "fields": {"key": "uid", "value": "5", "owner_configuration": 17}}, {"model": "system.configurationentry", "pk": 106, "fields": {"key": "job_timeout", "value": "5", "owner_configuration": 17}}, {"model": "system.configurationentry", "pk": 107, "fields": {"key": "_os2borgerpc.client_version", "value": "5", "owner_configuration": 17}}, {"model": "system.configurationentry", "pk": 108, "fields": {"key": "updates", "value": "5", "owner_configuration": 17}}, {"model": "system.configurationentry", "pk": 109, "fields": {"key": "security_updates", "value": "5", "owner_configuration": 17}}, {"model": "system.configurationentry", "pk": 110, "fields": {"key": "admin_url", "value": "5", "owner_configuration": 18}}, {"model": "system.configurationentry", "pk": 111, "fields": {"key": "distribution", "value": "5", "owner_configuration": 18}}, {"model": "system.configurationentry", "pk": 112, "fields": {"key": "fresh_install", "value": "5", "owner_configuration": 18}}, {"model": "system.configurationentry", "pk": 113, "fields": {"key": "hostname", "value": "5", "owner_configuration": 18}}, {"model": "system.configurationentry", "pk": 114, "fields": {"key": "mac", "value": "5", "owner_configuration": 18}}, {"model": "system.configurationentry", "pk": 115, "fields": {"key": "os2borgerpc_version", "value": "5", "owner_configuration": 18}}, {"model": "system.configurationentry", "pk": 116, "fields": {"key": "site", "value": "5", "owner_configuration": 18}}, {"model": "system.configurationentry", "pk": 117, "fields": {"key": "uid", "value": "5", "owner_configuration": 18}}, {"model": "system.configurationentry", "pk": 118, "fields": {"key": "job_timeout", "value": "5", "owner_configuration": 18}}, {"model": "system.configurationentry", "pk": 119, "fields": {"key": "_os2borgerpc.client_version", "value": "5", "owner_configuration": 18}}, {"model": "system.configurationentry", "pk": 120, "fields": {"key": "updates", "value": "5", "owner_configuration": 18}}, {"model": "system.configurationentry", "pk": 121, "fields": {"key": "security_updates", "value": "5", "owner_configuration": 18}}, {"model": "system.configurationentry", "pk": 133, "fields": {"key": "admin_url", "value": "5", "owner_configuration": 22}}, {"model": "system.configurationentry", "pk": 134, "fields": {"key": "distribution", "value": "5", "owner_configuration": 22}}, {"model": "system.configurationentry", "pk": 135, "fields": {"key": "fresh_install", "value": "5", "owner_configuration": 22}}, {"model": "system.configurationentry", "pk": 136, "fields": {"key": "hostname", "value": "5", "owner_configuration": 22}}, {"model": "system.configurationentry", "pk": 137, "fields": {"key": "mac", "value": "5", "owner_configuration": 22}}, {"model": "system.configurationentry", "pk": 138, "fields": {"key": "os2borgerpc_version", "value": "5", "owner_configuration": 22}}, {"model": "system.configurationentry", "pk": 139, "fields": {"key": "site", "value": "5", "owner_configuration": 22}}, {"model": "system.configurationentry", "pk": 140, "fields": {"key": "uid", "value": "5", "owner_configuration": 22}}, {"model": "system.configurationentry", "pk": 141, "fields": {"key": "_os2borgerpc.client_version", "value": "5", "owner_configuration": 22}}, {"model": "system.configurationentry", "pk": 142, "fields": {"key": "updates", "value": "5", "owner_configuration": 22}}, {"model": "system.configurationentry", "pk": 143, "fields": {"key": "security_updates", "value": "5", "owner_configuration": 22}}, {"model": "system.configurationentry", "pk": 144, "fields": {"key": "_os2borgerpc.client_version", "value": "5", "owner_configuration": 28}}, {"model": "system.configurationentry", "pk": 145, "fields": {"key": "admin_url", "value": "5", "owner_configuration": 28}}, {"model": "system.configurationentry", "pk": 146, "fields": {"key": "distribution", "value": "5", "owner_configuration": 28}}, {"model": "system.configurationentry", "pk": 147, "fields": {"key": "fresh_install", "value": "5", "owner_configuration": 28}}, {"model": "system.configurationentry", "pk": 148, "fields": {"key": "hostname", "value": "5", "owner_configuration": 28}}, {"model": "system.configurationentry", "pk": 149, "fields": {"key": "job_timeout", "value": "5", "owner_configuration": 28}}, {"model": "system.configurationentry", "pk": 150, "fields": {"key": "mac", "value": "5", "owner_configuration": 28}}, {"model": "system.configurationentry", "pk": 151, "fields": {"key": "os2borgerpc_version", "value": "5", "owner_configuration": 28}}, {"model": "system.configurationentry", "pk": 152, "fields": {"key": "security_updates", "value": "5", "owner_configuration": 28}}, {"model": "system.configurationentry", "pk": 153, "fields": {"key": "site", "value": "5", "owner_configuration": 28}}, {"model": "system.configurationentry", "pk": 154, "fields": {"key": "uid", "value": "5", "owner_configuration": 28}}, {"model": "system.configurationentry", "pk": 155, "fields": {"key": "updates", "value": "5", "owner_configuration": 28}}, {"model": "system.configurationentry", "pk": 156, "fields": {"key": "_os2borgerpc.client_version", "value": "5", "owner_configuration": 29}}, {"model": "system.configurationentry", "pk": 157, "fields": {"key": "admin_url", "value": "5", "owner_configuration": 29}}, {"model": "system.configurationentry", "pk": 158, "fields": {"key": "distribution", "value": "5", "owner_configuration": 29}}, {"model": "system.configurationentry", "pk": 159, "fields": {"key": "fresh_install", "value": "5", "owner_configuration": 29}}, {"model": "system.configurationentry", "pk": 160, "fields": {"key": "hostname", "value": "5", "owner_configuration": 29}}, {"model": "system.configurationentry", "pk": 161, "fields": {"key": "mac", "value": "5", "owner_configuration": 29}}, {"model": "system.configurationentry", "pk": 162, "fields": {"key": "os2borgerpc_version", "value": "5", "owner_configuration": 29}}, {"model": "system.configurationentry", "pk": 163, "fields": {"key": "security_updates", "value": "5", "owner_configuration": 29}}, {"model": "system.configurationentry", "pk": 164, "fields": {"key": "site", "value": "5", "owner_configuration": 29}}, {"model": "system.configurationentry", "pk": 165, "fields": {"key": "uid", "value": "5", "owner_configuration": 29}}, {"model": "system.configurationentry", "pk": 166, "fields": {"key": "updates", "value": "5", "owner_configuration": 29}}, {"model": "system.configurationentry", "pk": 167, "fields": {"key": "_os2borgerpc.client_version", "value": "5", "owner_configuration": 30}}, {"model": "system.configurationentry", "pk": 168, "fields": {"key": "admin_url", "value": "5", "owner_configuration": 30}}, {"model": "system.configurationentry", "pk": 169, "fields": {"key": "distribution", "value": "5", "owner_configuration": 30}}, {"model": "system.configurationentry", "pk": 170, "fields": {"key": "fresh_install", "value": "5", "owner_configuration": 30}}, {"model": "system.configurationentry", "pk": 171, "fields": {"key": "hostname", "value": "5", "owner_configuration": 30}}, {"model": "system.configurationentry", "pk": 172, "fields": {"key": "job_timeout", "value": "5", "owner_configuration": 30}}, {"model": "system.configurationentry", "pk": 173, "fields": {"key": "mac", "value": "5", "owner_configuration": 30}}, {"model": "system.configurationentry", "pk": 174, "fields": {"key": "os2borgerpc_version", "value": "5", "owner_configuration": 30}}, {"model": "system.configurationentry", "pk": 175, "fields": {"key": "security_updates", "value": "5", "owner_configuration": 30}}, {"model": "system.configurationentry", "pk": 176, "fields": {"key": "site", "value": "5", "owner_configuration": 30}}, {"model": "system.configurationentry", "pk": 177, "fields": {"key": "uid", "value": "5", "owner_configuration": 30}}, {"model": "system.configurationentry", "pk": 178, "fields": {"key": "updates", "value": "5", "owner_configuration": 30}}, {"model": "system.configurationentry", "pk": 204, "fields": {"key": "os2_product", "value": "5", "owner_configuration": 17}}, {"model": "system.configurationentry", "pk": 205, "fields": {"key": "os2_product", "value": "5", "owner_configuration": 18}}, {"model": "system.configurationentry", "pk": 206, "fields": {"key": "os2_product", "value": "5", "owner_configuration": 3}}, {"model": "system.configurationentry", "pk": 207, "fields": {"key": "os2_product", "value": "5", "owner_configuration": 15}}, {"model": "system.configurationentry", "pk": 208, "fields": {"key": "os2_product", "value": "5", "owner_configuration": 22}}, {"model": "system.configurationentry", "pk": 209, "fields": {"key": "os2_product", "value": "5", "owner_configuration": 28}}, {"model": "system.configurationentry", "pk": 211, "fields": {"key": "os2_product", "value": "5", "owner_configuration": 9}}, {"model": "system.configurationentry", "pk": 216, "fields": {"key": "q", "value": "5", "owner_configuration": 1}}, {"model": "system.configurationentry", "pk": 217, "fields": {"key": "_os2borgerpc.client_version", "value": "5", "owner_configuration": 32}}, {"model": "system.configurationentry", "pk": 218, "fields": {"key": "admin_url", "value": "5", "owner_configuration": 32}}, {"model": "system.configurationentry", "pk": 219, "fields": {"key": "distribution", "value": "5", "owner_configuration": 32}}, {"model": "system.configurationentry", "pk": 220, "fields": {"key": "fresh_install", "value": "5", "owner_configuration": 32}}, {"model": "system.configurationentry", "pk": 221, "fields": {"key": "hostname", "value": "5", "owner_configuration": 32}}, {"model": "system.configurationentry", "pk": 222, "fields": {"key": "job_timeout", "value": "5", "owner_configuration": 32}}, {"model": "system.configurationentry", "pk": 223, "fields": {"key": "mac", "value": "5", "owner_configuration": 32}}, {"model": "system.configurationentry", "pk": 224, "fields": {"key": "os2_product", "value": "5", "owner_configuration": 32}}, {"model": "system.configurationentry", "pk": 225, "fields": {"key": "os2borgerpc_version", "value": "5", "owner_configuration": 32}}, {"model": "system.configurationentry", "pk": 226, "fields": {"key": "security_updates", "value": "5", "owner_configuration": 32}}, {"model": "system.configurationentry", "pk": 227, "fields": {"key": "site", "value": "5", "owner_configuration": 32}}, {"model": "system.configurationentry", "pk": 228, "fields": {"key": "uid", "value": "5", "owner_configuration": 32}}, {"model": "system.configurationentry", "pk": 229, "fields": {"key": "updates", "value": "5", "owner_configuration": 32}}, {"model": "system.configurationentry", "pk": 230, "fields": {"key": "admin_url", "value": "5", "owner_configuration": 34}}, {"model": "system.configurationentry", "pk": 231, "fields": {"key": "distribution", "value": "5", "owner_configuration": 34}}, {"model": "system.configurationentry", "pk": 232, "fields": {"key": "fresh_install", "value": "5", "owner_configuration": 34}}, {"model": "system.configurationentry", "pk": 233, "fields": {"key": "hostname", "value": "5", "owner_configuration": 34}}, {"model": "system.configurationentry", "pk": 234, "fields": {"key": "mac", "value": "5", "owner_configuration": 34}}, {"model": "system.configurationentry", "pk": 235, "fields": {"key": "os2borgerpc_version", "value": "5", "owner_configuration": 34}}, {"model": "system.configurationentry", "pk": 236, "fields": {"key": "site", "value": "5", "owner_configuration": 34}}, {"model": "system.configurationentry", "pk": 237, "fields": {"key": "uid", "value": "5", "owner_configuration": 34}}, {"model": "system.configurationentry", "pk": 238, "fields": {"key": "os2_product", "value": "5", "owner_configuration": 34}}, {"model": "system.configurationentry", "pk": 239, "fields": {"key": "job_timeout", "value": "5", "owner_configuration": 34}}, {"model": "system.configurationentry", "pk": 240, "fields": {"key": "_os2borgerpc.client_version", "value": "5", "owner_configuration": 34}}, {"model": "system.configurationentry", "pk": 241, "fields": {"key": "updates", "value": "5", "owner_configuration": 34}}, {"model": "system.configurationentry", "pk": 242, "fields": {"key": "security_updates", "value": "5", "owner_configuration": 34}}, {"model": "system.configurationentry", "pk": 243, "fields": {"key": "_os2borgerpc.client_version", "value": "5", "owner_configuration": 38}}, {"model": "system.configurationentry", "pk": 244, "fields": {"key": "_os_name", "value": "5", "owner_configuration": 38}}, {"model": "system.configurationentry", "pk": 245, "fields": {"key": "_os_release", "value": "5", "owner_configuration": 38}}, {"model": "system.configurationentry", "pk": 246, "fields": {"key": "admin_url", "value": "5", "owner_configuration": 38}}, {"model": "system.configurationentry", "pk": 247, "fields": {"key": "distribution", "value": "5", "owner_configuration": 38}}, {"model": "system.configurationentry", "pk": 248, "fields": {"key": "fresh_install", "value": "5", "owner_configuration": 38}}, {"model": "system.configurationentry", "pk": 249, "fields": {"key": "hostname", "value": "5", "owner_configuration": 38}}, {"model": "system.configurationentry", "pk": 250, "fields": {"key": "job_timeout", "value": "5", "owner_configuration": 38}}, {"model": "system.configurationentry", "pk": 251, "fields": {"key": "mac", "value": "5", "owner_configuration": 38}}, {"model": "system.configurationentry", "pk": 252, "fields": {"key": "os2_product", "value": "5", "owner_configuration": 38}}, {"model": "system.configurationentry", "pk": 253, "fields": {"key": "os2borgerpc_version", "value": "5", "owner_configuration": 38}}, {"model": "system.configurationentry", "pk": 254, "fields": {"key": "security_updates", "value": "5", "owner_configuration": 38}}, {"model": "system.configurationentry", "pk": 255, "fields": {"key": "site", "value": "5", "owner_configuration": 38}}, {"model": "system.configurationentry", "pk": 256, "fields": {"key": "test", "value": "5", "owner_configuration": 38}}, {"model": "system.configurationentry", "pk": 257, "fields": {"key": "uid", "value": "5", "owner_configuration": 38}}, {"model": "system.configurationentry", "pk": 258, "fields": {"key": "updates", "value": "5", "owner_configuration": 38}}, {"model": "system.configurationentry", "pk": 274, "fields": {"key": "fsf", "value": "5", "owner_configuration": 1}}, {"model": "system.configurationentry", "pk": 277, "fields": {"key": "sdfs", "value": "5", "owner_configuration": 1}}, {"model": "system.configurationentry", "pk": 295, "fields": {"key": "_os2borgerpc.client_version", "value": "5", "owner_configuration": 44}}, {"model": "system.configurationentry", "pk": 296, "fields": {"key": "_os_name", "value": "5", "owner_configuration": 44}}, {"model": "system.configurationentry", "pk": 297, "fields": {"key": "_os_release", "value": "5", "owner_configuration": 44}}, {"model": "system.configurationentry", "pk": 298, "fields": {"key": "admin_url", "value": "5", "owner_configuration": 44}}, {"model": "system.configurationentry", "pk": 299, "fields": {"key": "distribution", "value": "5", "owner_configuration": 44}}, {"model": "system.configurationentry", "pk": 300, "fields": {"key": "hostname", "value": "5", "owner_configuration": 44}}, {"model": "system.configurationentry", "pk": 301, "fields": {"key": "job_timeout", "value": "5", "owner_configuration": 44}}, {"model": "system.configurationentry", "pk": 302, "fields": {"key": "mac", "value": "5", "owner_configuration": 44}}, {"model": "system.configurationentry", "pk": 303, "fields": {"key": "os2_product", "value": "5", "owner_configuration": 44}}, {"model": "system.configurationentry", "pk": 304, "fields": {"key": "os2borgerpc_version", "value": "5", "owner_configuration": 44}}, {"model": "system.configurationentry", "pk": 305, "fields": {"key": "security_updates", "value": "5", "owner_configuration": 44}}, {"model": "system.configurationentry", "pk": 306, "fields": {"key": "site", "value": "5", "owner_configuration": 44}}, {"model": "system.configurationentry", "pk": 307, "fields": {"key": "test", "value": "5", "owner_configuration": 44}}, {"model": "system.configurationentry", "pk": 308, "fields": {"key": "uid", "value": "5", "owner_configuration": 44}}, {"model": "system.configurationentry", "pk": 309, "fields": {"key": "updates", "value": "5", "owner_configuration": 44}}, {"model": "system.configurationentry", "pk": 310, "fields": {"key": "_os2borgerpc.client_version", "value": "5", "owner_configuration": 45}}, {"model": "system.configurationentry", "pk": 311, "fields": {"key": "_os_name", "value": "5", "owner_configuration": 45}}, {"model": "system.configurationentry", "pk": 312, "fields": {"key": "_os_release", "value": "5", "owner_configuration": 45}}, {"model": "system.configurationentry", "pk": 313, "fields": {"key": "admin_url", "value": "5", "owner_configuration": 45}}, {"model": "system.configurationentry", "pk": 314, "fields": {"key": "distribution", "value": "5", "owner_configuration": 45}}, {"model": "system.configurationentry", "pk": 315, "fields": {"key": "fsf", "value": "5", "owner_configuration": 45}}, {"model": "system.configurationentry", "pk": 316, "fields": {"key": "hostname", "value": "5", "owner_configuration": 45}}, {"model": "system.configurationentry", "pk": 317, "fields": {"key": "job_timeout", "value": "5", "owner_configuration": 45}}, {"model": "system.configurationentry", "pk": 318, "fields": {"key": "mac", "value": "5", "owner_configuration": 45}}, {"model": "system.configurationentry", "pk": 319, "fields": {"key": "os2_product", "value": "5", "owner_configuration": 45}}, {"model": "system.configurationentry", "pk": 320, "fields": {"key": "os2borgerpc_version", "value": "5", "owner_configuration": 45}}, {"model": "system.configurationentry", "pk": 321, "fields": {"key": "q", "value": "5", "owner_configuration": 45}}, {"model": "system.configurationentry", "pk": 322, "fields": {"key": "sdfs", "value": "5", "owner_configuration": 45}}, {"model": "system.configurationentry", "pk": 323, "fields": {"key": "security_updates", "value": "5", "owner_configuration": 45}}, {"model": "system.configurationentry", "pk": 324, "fields": {"key": "site", "value": "5", "owner_configuration": 45}}, {"model": "system.configurationentry", "pk": 325, "fields": {"key": "test", "value": "5", "owner_configuration": 45}}, {"model": "system.configurationentry", "pk": 326, "fields": {"key": "uid", "value": "5", "owner_configuration": 45}}, {"model": "system.configurationentry", "pk": 327, "fields": {"key": "updates", "value": "5", "owner_configuration": 45}}, {"model": "system.configurationentry", "pk": 328, "fields": {"key": "_os2borgerpc.client_version", "value": "5", "owner_configuration": 46}}, {"model": "system.configurationentry", "pk": 329, "fields": {"key": "_os_name", "value": "5", "owner_configuration": 46}}, {"model": "system.configurationentry", "pk": 330, "fields": {"key": "_os_release", "value": "5", "owner_configuration": 46}}, {"model": "system.configurationentry", "pk": 331, "fields": {"key": "admin_url", "value": "5", "owner_configuration": 46}}, {"model": "system.configurationentry", "pk": 332, "fields": {"key": "distribution", "value": "5", "owner_configuration": 46}}, {"model": "system.configurationentry", "pk": 333, "fields": {"key": "hostname", "value": "5", "owner_configuration": 46}}, {"model": "system.configurationentry", "pk": 334, "fields": {"key": "job_timeout", "value": "5", "owner_configuration": 46}}, {"model": "system.configurationentry", "pk": 335, "fields": {"key": "mac", "value": "5", "owner_configuration": 46}}, {"model": "system.configurationentry", "pk": 336, "fields": {"key": "os2_product", "value": "5", "owner_configuration": 46}}, {"model": "system.configurationentry", "pk": 337, "fields": {"key": "os2borgerpc_version", "value": "5", "owner_configuration": 46}}, {"model": "system.configurationentry", "pk": 338, "fields": {"key": "site", "value": "5", "owner_configuration": 46}}, {"model": "system.configurationentry", "pk": 339, "fields": {"key": "test", "value": "5", "owner_configuration": 46}}, {"model": "system.configurationentry", "pk": 340, "fields": {"key": "uid", "value": "5", "owner_configuration": 46}}, {"model": "system.configurationentry", "pk": 341, "fields": {"key": "updates", "value": "5", "owner_configuration": 46}}, {"model": "system.configurationentry", "pk": 342, "fields": {"key": "security_updates", "value": "5", "owner_configuration": 46}}, {"model": "system.configurationentry", "pk": 343, "fields": {"key": "_os2borgerpc.client_version", "value": "5", "owner_configuration": 48}}, {"model": "system.configurationentry", "pk": 344, "fields": {"key": "_os_name", "value": "5", "owner_configuration": 48}}, {"model": "system.configurationentry", "pk": 345, "fields": {"key": "_os_release", "value": "5", "owner_configuration": 48}}, {"model": "system.configurationentry", "pk": 346, "fields": {"key": "admin_url", "value": "5", "owner_configuration": 48}}, {"model": "system.configurationentry", "pk": 347, "fields": {"key": "distribution", "value": "5", "owner_configuration": 48}}, {"model": "system.configurationentry", "pk": 348, "fields": {"key": "hostname", "value": "5", "owner_configuration": 48}}, {"model": "system.configurationentry", "pk": 349, "fields": {"key": "job_timeout", "value": "5", "owner_configuration": 48}}, {"model": "system.configurationentry", "pk": 350, "fields": {"key": "mac", "value": "5", "owner_configuration": 48}}, {"model": "system.configurationentry", "pk": 351, "fields": {"key": "os2_product", "value": "5", "owner_configuration": 48}}, {"model": "system.configurationentry", "pk": 352, "fields": {"key": "os2borgerpc_version", "value": "5", "owner_configuration": 48}}, {"model": "system.configurationentry", "pk": 353, "fields": {"key": "security_updates", "value": "5", "owner_configuration": 48}}, {"model": "system.configurationentry", "pk": 354, "fields": {"key": "site", "value": "5", "owner_configuration": 48}}, {"model": "system.configurationentry", "pk": 355, "fields": {"key": "test", "value": "5", "owner_configuration": 48}}, {"model": "system.configurationentry", "pk": 356, "fields": {"key": "uid", "value": "5", "owner_configuration": 48}}, {"model": "system.configurationentry", "pk": 357, "fields": {"key": "updates", "value": "5", "owner_configuration": 48}}, {"model": "system.configurationentry", "pk": 358, "fields": {"key": "_os2borgerpc.client_version", "value": "5", "owner_configuration": 49}}, {"model": "system.configurationentry", "pk": 359, "fields": {"key": "admin_url", "value": "5", "owner_configuration": 49}}, {"model": "system.configurationentry", "pk": 360, "fields": {"key": "distribution", "value": "5", "owner_configuration": 49}}, {"model": "system.configurationentry", "pk": 361, "fields": {"key": "fresh_install", "value": "5", "owner_configuration": 49}}, {"model": "system.configurationentry", "pk": 362, "fields": {"key": "hostname", "value": "5", "owner_configuration": 49}}, {"model": "system.configurationentry", "pk": 363, "fields": {"key": "job_timeout", "value": "5", "owner_configuration": 49}}, {"model": "system.configurationentry", "pk": 364, "fields": {"key": "mac", "value": "5", "owner_configuration": 49}}, {"model": "system.configurationentry", "pk": 365, "fields": {"key": "os2_product", "value": "5", "owner_configuration": 49}}, {"model": "system.configurationentry", "pk": 366, "fields": {"key": "os2borgerpc_version", "value": "5", "owner_configuration": 49}}, {"model": "system.configurationentry", "pk": 367, "fields": {"key": "security_updates", "value": "5", "owner_configuration": 49}}, {"model": "system.configurationentry", "pk": 368, "fields": {"key": "site", "value": "5", "owner_configuration": 49}}, {"model": "system.configurationentry", "pk": 369, "fields": {"key": "test", "value": "5", "owner_configuration": 49}}, {"model": "system.configurationentry", "pk": 370, "fields": {"key": "uid", "value": "5", "owner_configuration": 49}}, {"model": "system.configurationentry", "pk": 371, "fields": {"key": "updates", "value": "5", "owner_configuration": 49}}, {"model": "system.configurationentry", "pk": 372, "fields": {"key": "_os_release", "value": "5", "owner_configuration": 49}}, {"model": "system.configurationentry", "pk": 373, "fields": {"key": "_os_name", "value": "5", "owner_configuration": 49}}, {"model": "system.configurationentry", "pk": 374, "fields": {"key": "_os2borgerpc.client_version", "value": "5", "owner_configuration": 50}}, {"model": "system.configurationentry", "pk": 375, "fields": {"key": "admin_url", "value": "5", "owner_configuration": 50}}, {"model": "system.configurationentry", "pk": 376, "fields": {"key": "distribution", "value": "5", "owner_configuration": 50}}, {"model": "system.configurationentry", "pk": 377, "fields": {"key": "fresh_install", "value": "5", "owner_configuration": 50}}, {"model": "system.configurationentry", "pk": 378, "fields": {"key": "hostname", "value": "5", "owner_configuration": 50}}, {"model": "system.configurationentry", "pk": 379, "fields": {"key": "job_timeout", "value": "5", "owner_configuration": 50}}, {"model": "system.configurationentry", "pk": 380, "fields": {"key": "mac", "value": "5", "owner_configuration": 50}}, {"model": "system.configurationentry", "pk": 381, "fields": {"key": "os2_product", "value": "5", "owner_configuration": 50}}, {"model": "system.configurationentry", "pk": 382, "fields": {"key": "os2borgerpc_version", "value": "5", "owner_configuration": 50}}, {"model": "system.configurationentry", "pk": 383, "fields": {"key": "security_updates", "value": "5", "owner_configuration": 50}}, {"model": "system.configurationentry", "pk": 384, "fields": {"key": "site", "value": "5", "owner_configuration": 50}}, {"model": "system.configurationentry", "pk": 385, "fields": {"key": "test", "value": "5", "owner_configuration": 50}}, {"model": "system.configurationentry", "pk": 386, "fields": {"key": "uid", "value": "5", "owner_configuration": 50}}, {"model": "system.configurationentry", "pk": 387, "fields": {"key": "updates", "value": "5", "owner_configuration": 50}}, {"model": "system.configurationentry", "pk": 388, "fields": {"key": "user_login_duration", "value": "5", "owner_configuration": 50}}, {"model": "system.configurationentry", "pk": 389, "fields": {"key": "user_quarantine_duration", "value": "5", "owner_configuration": 50}}, {"model": "system.configurationentry", "pk": 390, "fields": {"key": "_os2borgerpc.client_version", "value": "5", "owner_configuration": 51}}, {"model": "system.configurationentry", "pk": 391, "fields": {"key": "admin_url", "value": "5", "owner_configuration": 51}}, {"model": "system.configurationentry", "pk": 392, "fields": {"key": "distribution", "value": "5", "owner_configuration": 51}}, {"model": "system.configurationentry", "pk": 393, "fields": {"key": "hostname", "value": "5", "owner_configuration": 51}}, {"model": "system.configurationentry", "pk": 394, "fields": {"key": "job_timeout", "value": "5", "owner_configuration": 51}}, {"model": "system.configurationentry", "pk": 395, "fields": {"key": "mac", "value": "5", "owner_configuration": 51}}, {"model": "system.configurationentry", "pk": 396, "fields": {"key": "os2_product", "value": "5", "owner_configuration": 51}}, {"model": "system.configurationentry", "pk": 397, "fields": {"key": "security_updates", "value": "5", "owner_configuration": 51}}, {"model": "system.configurationentry", "pk": 398, "fields": {"key": "site", "value": "5", "owner_configuration": 51}}, {"model": "system.configurationentry", "pk": 399, "fields": {"key": "test", "value": "5", "owner_configuration": 51}}, {"model": "system.configurationentry", "pk": 400, "fields": {"key": "uid", "value": "5", "owner_configuration": 51}}, {"model": "system.configurationentry", "pk": 401, "fields": {"key": "updates", "value": "5", "owner_configuration": 51}}, {"model": "system.configurationentry", "pk": 416, "fields": {"key": "_os2borgerpc.client_version", "value": "5", "owner_configuration": 55}}, {"model": "system.configurationentry", "pk": 417, "fields": {"key": "_os_name", "value": "5", "owner_configuration": 55}}, {"model": "system.configurationentry", "pk": 418, "fields": {"key": "_os_release", "value": "5", "owner_configuration": 55}}, {"model": "system.configurationentry", "pk": 419, "fields": {"key": "admin_url", "value": "5", "owner_configuration": 55}}, {"model": "system.configurationentry", "pk": 420, "fields": {"key": "distribution", "value": "5", "owner_configuration": 55}}, {"model": "system.configurationentry", "pk": 421, "fields": {"key": "hostname", "value": "5", "owner_configuration": 55}}, {"model": "system.configurationentry", "pk": 422, "fields": {"key": "job_timeout", "value": "5", "owner_configuration": 55}}, {"model": "system.configurationentry", "pk": 423, "fields": {"key": "mac", "value": "5", "owner_configuration": 55}}, {"model": "system.configurationentry", "pk": 424, "fields": {"key": "os2_product", "value": "5", "owner_configuration": 55}}, {"model": "system.configurationentry", "pk": 425, "fields": {"key": "security_updates", "value": "5", "owner_configuration": 55}}, {"model": "system.configurationentry", "pk": 426, "fields": {"key": "site", "value": "5", "owner_configuration": 55}}, {"model": "system.configurationentry", "pk": 427, "fields": {"key": "test", "value": "5", "owner_configuration": 55}}, {"model": "system.configurationentry", "pk": 428, "fields": {"key": "uid", "value": "5", "owner_configuration": 55}}, {"model": "system.configurationentry", "pk": 429, "fields": {"key": "updates", "value": "5", "owner_configuration": 55}}, {"model": "system.configurationentry", "pk": 444, "fields": {"key": "_os2borgerpc.client_version", "value": "5", "owner_configuration": 54}}, {"model": "system.configurationentry", "pk": 445, "fields": {"key": "_os_name", "value": "5", "owner_configuration": 54}}, {"model": "system.configurationentry", "pk": 446, "fields": {"key": "_os_release", "value": "5", "owner_configuration": 54}}, {"model": "system.configurationentry", "pk": 447, "fields": {"key": "admin_url", "value": "5", "owner_configuration": 54}}, {"model": "system.configurationentry", "pk": 448, "fields": {"key": "distribution", "value": "5", "owner_configuration": 54}}, {"model": "system.configurationentry", "pk": 449, "fields": {"key": "hostname", "value": "5", "owner_configuration": 54}}, {"model": "system.configurationentry", "pk": 450, "fields": {"key": "job_timeout", "value": "5", "owner_configuration": 54}}, {"model": "system.configurationentry", "pk": 451, "fields": {"key": "mac", "value": "5", "owner_configuration": 54}}, {"model": "system.configurationentry", "pk": 452, "fields": {"key": "os2_product", "value": "5", "owner_configuration": 54}}, {"model": "system.configurationentry", "pk": 453, "fields": {"key": "os2borgerpc_version", "value": "5", "owner_configuration": 54}}, {"model": "system.configurationentry", "pk": 454, "fields": {"key": "security_updates", "value": "5", "owner_configuration": 54}}, {"model": "system.configurationentry", "pk": 455, "fields": {"key": "site", "value": "5", "owner_configuration": 54}}, {"model": "system.configurationentry", "pk": 456, "fields": {"key": "uid", "value": "5", "owner_configuration": 54}}, {"model": "system.configurationentry", "pk": 457, "fields": {"key": "updates", "value": "5", "owner_configuration": 54}}, {"model": "system.configurationentry", "pk": 458, "fields": {"key": "_os2borgerpc.client_version", "value": "5", "owner_configuration": 56}}, {"model": "system.configurationentry", "pk": 459, "fields": {"key": "_os_name", "value": "5", "owner_configuration": 56}}, {"model": "system.configurationentry", "pk": 460, "fields": {"key": "_os_release", "value": "5", "owner_configuration": 56}}, {"model": "system.configurationentry", "pk": 461, "fields": {"key": "admin_url", "value": "5", "owner_configuration": 56}}, {"model": "system.configurationentry", "pk": 462, "fields": {"key": "distribution", "value": "5", "owner_configuration": 56}}, {"model": "system.configurationentry", "pk": 463, "fields": {"key": "hostname", "value": "5", "owner_configuration": 56}}, {"model": "system.configurationentry", "pk": 464, "fields": {"key": "job_timeout", "value": "5", "owner_configuration": 56}}, {"model": "system.configurationentry", "pk": 465, "fields": {"key": "mac", "value": "5", "owner_configuration": 56}}, {"model": "system.configurationentry", "pk": 466, "fields": {"key": "os2_product", "value": "5", "owner_configuration": 56}}, {"model": "system.configurationentry", "pk": 467, "fields": {"key": "os2borgerpc_version", "value": "5", "owner_configuration": 56}}, {"model": "system.configurationentry", "pk": 468, "fields": {"key": "security_updates", "value": "5", "owner_configuration": 56}}, {"model": "system.configurationentry", "pk": 469, "fields": {"key": "site", "value": "5", "owner_configuration": 56}}, {"model": "system.configurationentry", "pk": 470, "fields": {"key": "test", "value": "5", "owner_configuration": 56}}, {"model": "system.configurationentry", "pk": 471, "fields": {"key": "uid", "value": "5", "owner_configuration": 56}}, {"model": "system.configurationentry", "pk": 472, "fields": {"key": "updates", "value": "5", "owner_configuration": 56}}, {"model": "system.configurationentry", "pk": 473, "fields": {"key": "_os2borgerpc.client_version", "value": "5", "owner_configuration": 57}}, {"model": "system.configurationentry", "pk": 474, "fields": {"key": "_os_name", "value": "5", "owner_configuration": 57}}, {"model": "system.configurationentry", "pk": 475, "fields": {"key": "_os_release", "value": "5", "owner_configuration": 57}}, {"model": "system.configurationentry", "pk": 476, "fields": {"key": "admin_url", "value": "5", "owner_configuration": 57}}, {"model": "system.configurationentry", "pk": 477, "fields": {"key": "distribution", "value": "5", "owner_configuration": 57}}, {"model": "system.configurationentry", "pk": 478, "fields": {"key": "hostname", "value": "5", "owner_configuration": 57}}, {"model": "system.configurationentry", "pk": 479, "fields": {"key": "job_timeout", "value": "5", "owner_configuration": 57}}, {"model": "system.configurationentry", "pk": 480, "fields": {"key": "mac", "value": "5", "owner_configuration": 57}}, {"model": "system.configurationentry", "pk": 481, "fields": {"key": "os2_product", "value": "5", "owner_configuration": 57}}, {"model": "system.configurationentry", "pk": 482, "fields": {"key": "os2borgerpc_version", "value": "5", "owner_configuration": 57}}, {"model": "system.configurationentry", "pk": 483, "fields": {"key": "security_updates", "value": "5", "owner_configuration": 57}}, {"model": "system.configurationentry", "pk": 484, "fields": {"key": "site", "value": "5", "owner_configuration": 57}}, {"model": "system.configurationentry", "pk": 485, "fields": {"key": "test", "value": "5", "owner_configuration": 57}}, {"model": "system.configurationentry", "pk": 486, "fields": {"key": "uid", "value": "5", "owner_configuration": 57}}, {"model": "system.configurationentry", "pk": 487, "fields": {"key": "updates", "value": "5", "owner_configuration": 57}}, {"model": "system.configurationentry", "pk": 488, "fields": {"key": "admin_url", "value": "5", "owner_configuration": 59}}, {"model": "system.configurationentry", "pk": 489, "fields": {"key": "distribution", "value": "5", "owner_configuration": 59}}, {"model": "system.configurationentry", "pk": 490, "fields": {"key": "hostname", "value": "5", "owner_configuration": 59}}, {"model": "system.configurationentry", "pk": 491, "fields": {"key": "mac", "value": "5", "owner_configuration": 59}}, {"model": "system.configurationentry", "pk": 492, "fields": {"key": "os2_product", "value": "5", "owner_configuration": 59}}, {"model": "system.configurationentry", "pk": 493, "fields": {"key": "os2borgerpc_version", "value": "5", "owner_configuration": 59}}, {"model": "system.configurationentry", "pk": 494, "fields": {"key": "site", "value": "5", "owner_configuration": 59}}, {"model": "system.configurationentry", "pk": 495, "fields": {"key": "uid", "value": "5", "owner_configuration": 59}}, {"model": "system.configurationentry", "pk": 496, "fields": {"key": "job_timeout", "value": "5", "owner_configuration": 59}}, {"model": "system.configurationentry", "pk": 497, "fields": {"key": "_os2borgerpc.client_version", "value": "5", "owner_configuration": 59}}, {"model": "system.configurationentry", "pk": 498, "fields": {"key": "_os_release", "value": "5", "owner_configuration": 59}}, {"model": "system.configurationentry", "pk": 499, "fields": {"key": "_os_name", "value": "5", "owner_configuration": 59}}, {"model": "system.configurationentry", "pk": 500, "fields": {"key": "updates", "value": "5", "owner_configuration": 59}}, {"model": "system.configurationentry", "pk": 501, "fields": {"key": "security_updates", "value": "5", "owner_configuration": 59}}, {"model": "system.site", "pk": 1, "fields": {"name": "Magenta", "uid": "magenta", "configuration": 1, "paid_for_access_until": "2022-04-02", "isil": "", "user_login_duration": "01:00:00", "user_quarantine_duration": "04:00:00"}}, {"model": "system.site", "pk": 9, "fields": {"name": "Magenta Test", "uid": "magenta-test", "configuration": 60, "paid_for_access_until": "2025-01-17", "isil": "", "user_login_duration": "01:00:00", "user_quarantine_duration": "04:00:00"}}, {"model": "system.pcgroup", "pk": 1, "fields": {"name": "Gruppe3", "uid": "gruppe3", "description": "", "site": 1, "configuration": 5}}, {"model": "system.pcgroup", "pk": 3, "fields": {"name": "Gruppe5", "uid": "gruppe5", "description": "", "site": 1, "configuration": 21}}, {"model": "system.pcgroup", "pk": 9, "fields": {"name": "Gruppe4", "uid": "gruppe4", "description": "", "site": 1, "configuration": 33}}, {"model": "system.pcgroup", "pk": 10, "fields": {"name": "Gruppe1", "uid": "gruppe1", "description": "test", "site": 1, "configuration": 35}}, {"model": "system.pcgroup", "pk": 17, "fields": {"name": "Gruppe2", "uid": "gruppe2", "description": "-", "site": 1, "configuration": 58}}, {"model": "system.pc", "pk": 1, "fields": {"mac": "", "name": "pc3", "uid": "pc3", "description": "", "configuration": 3, "site": 1, "is_activated": true, "is_update_required": false, "creation_time": "2020-11-30T18:15:43.997", "last_seen": "2020-12-01T14:15:03", "location": "", "pc_groups": [10, 17]}}, {"model": "system.pc", "pk": 6, "fields": {"mac": "", "name": "pc4", "uid": "pc4", "description": "", "configuration": 15, "site": 1, "is_activated": true, "is_update_required": false, "creation_time": "2021-01-11T11:03:36.510", "last_seen": "2021-01-11T15:30:04", "location": "", "pc_groups": [10, 17]}}, {"model": "system.pc", "pk": 8, "fields": {"mac": "", "name": "pc1", "uid": "pc1", "description": "doner", "configuration": 17, "site": 1, "is_activated": true, "is_update_required": false, "creation_time": "2021-01-21T08:50:37.470", "last_seen": "2021-01-21T09:05:02", "location": "", "pc_groups": [10, 17]}}, {"model": "system.pc", "pk": 9, "fields": {"mac": "", "name": "pc2", "uid": "pc2", "description": "", "configuration": 18, "site": 1, "is_activated": true, "is_update_required": false, "creation_time": "2021-01-21T11:16:10.403", "last_seen": "2021-01-28T12:50:03", "location": "beskrivelse 2", "pc_groups": [10, 17, 3]}}, {"model": "system.pc", "pk": 12, "fields": {"mac": "", "name": "pc13", "uid": "pc13", "description": "", "configuration": 28, "site": 1, "is_activated": true, "is_update_required": false, "creation_time": "2021-01-29T12:52:58.793", "last_seen": "2021-01-29T14:14:32", "location": "", "pc_groups": [17]}}, {"model": "system.pc", "pk": 16, "fields": {"mac": "", "name": "pc14", "uid": "pc14", "description": "", "configuration": 32, "site": 1, "is_activated": true, "is_update_required": true, "creation_time": "2021-08-25T10:01:37.352", "last_seen": "2021-08-25T15:30:08", "location": "", "pc_groups": [17]}}, {"model": "system.pc", "pk": 18, "fields": {"mac": "", "name": "pc11", "uid": "pc11", "description": "-", "configuration": 1, "site": 1, "is_activated": true, "is_update_required": false, "creation_time": "2021-09-11T13:33:02.398", "last_seen": null, "location": "", "pc_groups": [17]}}, {"model": "system.pc", "pk": 22, "fields": {"mac": "", "name": "pc12", "uid": "pc12", "description": "", "configuration": 46, "site": 1, "is_activated": true, "is_update_required": false, "creation_time": "2021-11-25T15:34:19.791", "last_seen": "2021-11-30T10:30:02", "location": "", "pc_groups": [17]}}, {"model": "system.pc", "pk": 23, "fields": {"mac": "", "name": "pc9", "uid": "pc9", "description": "", "configuration": 48, "site": 1, "is_activated": true, "is_update_required": false, "creation_time": "2021-11-29T09:22:59.334", "last_seen": "2021-12-01T11:35:04", "location": "", "pc_groups": [17, 9]}}, {"model": "system.pc", "pk": 24, "fields": {"mac": "", "name": "pc15", "uid": "pc15", "description": "", "configuration": 49, "site": 1, "is_activated": true, "is_update_required": false, "creation_time": "2021-11-29T10:39:13.906", "last_seen": "2022-01-18T10:45:11", "location": "", "pc_groups": [17]}}, {"model": "system.pc", "pk": 25, "fields": {"mac": "", "name": "pc8", "uid": "pc8", "description": "", "configuration": 50, "site": 1, "is_activated": true, "is_update_required": false, "creation_time": "2021-11-30T12:59:58.700", "last_seen": "2022-01-10T09:20:08", "location": "", "pc_groups": [17]}}, {"model": "system.pc", "pk": 26, "fields": {"mac": "", "name": "pc10", "uid": "pc10", "description": "", "configuration": 51, "site": 1, "is_activated": true, "is_update_required": false, "creation_time": "2021-11-30T13:03:03.481", "last_seen": "2022-01-14T16:55:06", "location": "", "pc_groups": [17]}}, {"model": "system.pc", "pk": 28, "fields": {"mac": "", "name": "pc7", "uid": "pc7", "description": "", "configuration": 55, "site": 1, "is_activated": true, "is_update_required": false, "creation_time": "2021-12-02T13:32:08.296", "last_seen": "2021-12-02T15:05:05", "location": "", "pc_groups": [17]}}, {"model": "system.pc", "pk": 30, "fields": {"mac": "", "name": "pc6", "uid": "pc6", "description": "", "configuration": 57, "site": 9, "is_activated": true, "is_update_required": false, "creation_time": "2022-01-05T14:43:09.479", "last_seen": "2022-01-17T17:20:05", "location": "", "pc_groups": []}}, {"model": "system.pc", "pk": 31, "fields": {"mac": "", "name": "pc5", "uid": "pc5", "description": "", "configuration": 59, "site": 1, "is_activated": true, "is_update_required": false, "creation_time": "2022-01-10T11:37:48.592", "last_seen": "2022-01-14T15:10:04", "location": "beskrivelse 5", "pc_groups": [17]}}, {"model": "system.scripttag", "pk": 1, "fields": {"name": "System"}}, {"model": "system.scripttag", "pk": 2, "fields": {"name": "OS2displayPC"}}, {"model": "system.scripttag", "pk": 3, "fields": {"name": "Chrome"}}, {"model": "system.scripttag", "pk": 4, "fields": {"name": "Desktop"}}, {"model": "system.script", "pk": 1, "fields": {"created": "2021-08-10T09:12:51.835", "modified": "2022-01-07T10:24:34.194", "user_created": "", "user_modified": "", "name": "Detect sudo event", "description": "Email: john@doe.comDette script alarmerer, hvis der bliver forsgt at kre en sudo kommando p maskinen.\r\n\r\n \r\nUdarbejdet af john@doe.com", "site": null, "executable_code": "script_uploads/sudoEvent_p1Nm05j.py", "is_security_script": true, "maintained_by_magenta": false, "author": "", "author_email": "", "tags": []}}, {"model": "system.script", "pk": 2, "fields": {"created": "2021-08-10T09:12:51.835", "modified": "2022-01-07T10:24:20.988", "user_created": "", "user_modified": "", "name": "Detect new keyboard event", "description": "Keyboard detect script som forsger at finde keyboard inputs helt tilbage fra sidste gang systemet blev tjekket.", "site": null, "executable_code": "script_uploads/keyboardEvent_3doAonF.py", "is_security_script": true, "maintained_by_magenta": false, "author": "", "author_email": "", "tags": []}}, {"model": "system.script", "pk": 3, "fields": {"created": "2021-08-10T09:12:51.835", "modified": "2022-01-26T15:18:02.204", "user_created": "", "user_modified": "magenta", "name": "Bluetooth - Fjern ikon fra menu-bjlke", "description": "Dette script fjerner Bluetooth ikonet fra Ubuntus menu-bjlke.\r\n\r\nTestet p Ubuntu 20.04.", "site": 1, "executable_code": "script_uploads/remove_bluetooth_applet_GFCSe0M.sh", "is_security_script": false, "maintained_by_magenta": false, "author": "", "author_email": "", "tags": []}}, {"model": "system.script", "pk": 5, "fields": {"created": "2021-08-10T09:12:51.835", "modified": "2022-01-26T15:16:32.818", "user_created": "", "user_modified": "magenta", "name": "Chrome - Autostart tilfj/fjern", "description": "Dette script tilfjer eller fjerner Google Chrome fra autostart. Det er endvidere muligt at f Google Chrome til at starte op i fuldskrm.\r\n\r\nAutostart betyder at Google Chrome vil starte op nr brugeren logger ind.\r\n\r\nHvis du tilfjer \"Ja\" som argument bliver Google Chrome tilfjet til autostart og bnet i fuldskrm.\r\nHvis du tilfjer \"Nej\" som argument bliver Google Chrome tilfjet til autostart og bnet i normal skrm strelse.\r\nHvis du tilfjer \"Fjern\" som argument bliver Google Chrome fjernet fra autostart.\r\n\r\nTestet p Ubuntu 20.04", "site": null, "executable_code": "script_uploads/chrome_autostart_cP5Rsu2.sh", "is_security_script": false, "maintained_by_magenta": false, "author": "", "author_email": "", "tags": [3]}}, {"model": "system.script", "pk": 6, "fields": {"created": "2021-08-10T09:12:51.835", "modified": "2022-01-26T15:16:16.929", "user_created": "", "user_modified": "magenta", "name": "Chrome - Deaktiver autologin", "description": "Deaktiverer browserlogin og 'husk password' for Google Chrome.\r\n\r\nDette script kan kres uden at have installeret Google Chrome.\r\n\r\nTestet p Ubuntu 20.04", "site": null, "executable_code": "script_uploads/chrome_policy_deactivate_login_m0TvmUo.sh", "is_security_script": false, "maintained_by_magenta": false, "author": "", "author_email": "", "tags": [3]}}, {"model": "system.script", "pk": 7, "fields": {"created": "2021-08-10T09:12:51.835", "modified": "2022-01-26T15:16:10.864", "user_created": "", "user_modified": "magenta", "name": "Chrome - Deaktiver nglering", "description": "Dette script deaktivere Ubuntu pop-up nr Publikumsbruger bner Google Chrome. \r\nGoogle-Chrome nsker at oprette en standard nglering.\r\n\r\nTestet p Ubuntu 20.04.", "site": null, "executable_code": "script_uploads/chrome_disable_keyring.sh", "is_security_script": false, "maintained_by_magenta": false, "author": "", "author_email": "", "tags": [3]}}, {"model": "system.script", "pk": 8, "fields": {"created": "2021-08-10T09:12:51.835", "modified": "2021-09-30T13:27:09.584", "user_created": "", "user_modified": "flash_gordon", "name": "Chrome - Installr", "description": "Installerer Google Chrome.", "site": null, "executable_code": "script_uploads/chrome_install_KDwvq0C.sh", "is_security_script": false, "maintained_by_magenta": false, "author": "", "author_email": "", "tags": [3]}}, {"model": "system.script", "pk": 9, "fields": {"created": "2021-08-10T09:12:51.835", "modified": "2022-01-26T15:15:57.250", "user_created": "", "user_modified": "magenta", "name": "Chrome - Skift startside", "description": "Scriptet skifter startside for Google Chrome for brugeren Borger.\r\nScriptet forventer en hjemmeside URL som input paramter.", "site": null, "executable_code": "script_uploads/chrome_policy_homepage_hd2Rmxs.sh", "is_security_script": false, "maintained_by_magenta": false, "author": "", "author_email": "", "tags": [3]}}, {"model": "system.script", "pk": 10, "fields": {"created": "2021-08-10T09:12:51.835", "modified": "2021-09-30T13:26:58.614", "user_created": "", "user_modified": "flash_gordon", "name": "Chrome - St som default browser", "description": "Baseret p policies.\r\n\r\nTestet p Ubuntu 20.04.", "site": null, "executable_code": "script_uploads/chrome_policy_default_browser.sh", "is_security_script": false, "maintained_by_magenta": false, "author": "", "author_email": "", "tags": [3]}}, {"model": "system.script", "pk": 11, "fields": {"created": "2021-08-10T09:12:51.835", "modified": "2021-09-30T13:30:10.289", "user_created": "", "user_modified": "flash_gordon", "name": "Desktop - Fjern \"Luk ned\" og \"Genstart\" fra sessionmenuen og blokr for nedlukning via systempolitik", "description": "Opdateret til Ubuntu 20.04 (dog stadig med baglns-kompatibilitet).", "site": null, "executable_code": "script_uploads/polkit_policy_shutdown_R6uMvd2.sh", "is_security_script": false, "maintained_by_magenta": false, "author": "", "author_email": "", "tags": [4]}}, {"model": "system.script", "pk": 12, "fields": {"created": "2021-08-10T09:12:51.835", "modified": "2021-09-30T13:30:03.787", "user_created": "", "user_modified": "flash_gordon", "name": "Desktop - Fjern besked om opdatering", "description": "Dette script fjerner popup om ny LTS-version.\r\n\r\nTestet p Ubuntu 20.04.", "site": null, "executable_code": "script_uploads/remove_new_release_message.sh", "is_security_script": false, "maintained_by_magenta": false, "author": "", "author_email": "", "tags": [4]}}, {"model": "system.script", "pk": 13, "fields": {"created": "2021-08-10T09:12:51.835", "modified": "2022-01-26T15:15:34.367", "user_created": "", "user_modified": "magenta", "name": "Desktop - Skift baggrundsbillede", "description": "Dette script skifter baggrundsbillede for borger p en OS2borgerPC.\r\nScriptet tager en baggrundsbillede fil som parameter.\r\nBorger behver ikke at logge ud fr baggrundsbillede skifter.\r\nEfterflgende vil det ikke vre muligt for borger at skifte baggrundsbilledet.\r\n\r\nTestet p Ubuntu 20.04.", "site": null, "executable_code": "script_uploads/dconf_policy_desktop.sh", "is_security_script": false, "maintained_by_magenta": false, "author": "", "author_email": "", "tags": [4]}}, {"model": "system.script", "pk": 14, "fields": {"created": "2021-08-10T09:12:51.835", "modified": "2022-01-26T15:15:40.905", "user_created": "", "user_modified": "magenta", "name": "Desktop - Vis tilgngelighedsfunktioner", "description": "Viser en menu for at styre systemets tilgngelighedsfunktioner verste p skrmen.\r\n\r\nTestet p Ubuntu 20.04.", "site": null, "executable_code": "script_uploads/dconf_policy.sh", "is_security_script": false, "maintained_by_magenta": false, "author": "", "author_email": "", "tags": [4]}}, {"model": "system.script", "pk": 16, "fields": {"created": "2021-08-10T09:12:51.835", "modified": "2021-08-10T09:24:03.341", "user_created": "", "user_modified": "", "name": "OS2borgerPC - Skift start tidspunkt og interval", "description": "This script sets the cron.d/bibos_jobmanager job to execute at a random startup time with a certain interval. So if the interval is 5 minutes, the jobmanager could run at\r\n 1, 6, 11...56 every hour, instead of 0, 5, 10 ...55.\r\n\r\nStart time is chosen randomly within interval.\r\n\r\nTestet p Ubuntu 20.04.", "site": null, "executable_code": "script_uploads/randomize_jobmanager.sh", "is_security_script": false, "maintained_by_magenta": false, "author": "", "author_email": "", "tags": [2]}}, {"model": "system.script", "pk": 17, "fields": {"created": "2021-08-10T09:12:51.835", "modified": "2021-08-10T09:23:42.962", "user_created": "", "user_modified": "", "name": "OS2DisplayPC - Installer Chromium", "description": "Installr Chromium og en minimal X.\r\n\r\nOpgradering af Chromium-install-scriptet til Ubuntu 20.04.", "site": null, "executable_code": "script_uploads/chromium_install.sh", "is_security_script": false, "maintained_by_magenta": false, "author": "", "author_email": "", "tags": [2]}}, {"model": "system.script", "pk": 18, "fields": {"created": "2021-08-10T09:12:51.835", "modified": "2021-08-10T09:23:36.807", "user_created": "", "user_modified": "", "name": "OS2displayPC - Installer SSH og VNC", "description": "Installer SSH og VNC for fjernadgang. \r\n\r\nDu kan lave SSH-forbindelse med det almindelige Unix-password.\r\n\r\nGiv VNC-passwordet med som parameter.", "site": null, "executable_code": "script_uploads/vnc_and_ssh_install_7Q7CazQ.sh", "is_security_script": false, "maintained_by_magenta": false, "author": "", "author_email": "", "tags": [2]}}, {"model": "system.script", "pk": 19, "fields": {"created": "2021-08-10T09:12:51.835", "modified": "2021-12-02T13:39:30.625", "user_created": "", "user_modified": "mowgli", "name": "OS2displayPC - Autostart Chromium", "description": "Start Chromium i kiosk-mode og st start-URL-en.\r\n\r\nDer angives en forsinkelse fr browseren startes, der kan hjlpe med at lse evt. timing issues (som regel virker det fint med 1 sekund, der angives ved tallet 1).\r\n\r\nSkrmens hjde og bredde skal sttes til skrmens korrekte oplsning.\r\n\r\nDesuden skal der angives en orientering, som kan vre \"left\", \"right\" eller \"normal\".", "site": null, "executable_code": "script_uploads/chromium_setup_ocWvyJg.sh", "is_security_script": false, "maintained_by_magenta": false, "author": "", "author_email": "", "tags": [2]}}, {"model": "system.script", "pk": 20, "fields": {"created": "2021-08-10T09:12:51.835", "modified": "2021-09-30T13:41:26.875", "user_created": "", "user_modified": "flash_gordon", "name": "System - Aktivr automatisk borgerlogin", "description": "Skift frem og tilbage mellem automatisk login for publikum eller ej.\r\n\r\nScriptet tager n parameter, som kan vre \"--enable\" eller \"--disable\", som slr automatisk login til hhv. fra.\r\n\r\nAutomatisk login er som standard slet TIL p publikums-PC'er.  \r\n\r\nHvis man slr det FRA, skal man bruge scriptet \"Skift password for bruger\" til at stte et kendt password for publikumsbrugeren.", "site": null, "executable_code": "script_uploads/user_automatic_login.sh", "is_security_script": false, "maintained_by_magenta": false, "author": "", "author_email": "", "tags": [1]}}, {"model": "system.script", "pk": 21, "fields": {"created": "2021-08-10T09:12:51.835", "modified": "2022-01-26T15:13:15.258", "user_created": "", "user_modified": "magenta", "name": "System - Aktivr automatiske opdateringer", "description": "Dette script aktiverer automatiske opdateringer. \r\nNr du slr automatiske opdateringer til skal du vlge om du bde vil have sikkerhedsopdateringer og generelle opdateringer slet til, eller blot sikkerhedsopdateringer.\r\nHvis du nsker at det kun er sikkerhedsopdateringer der skal sles til skal du tilfje parametren \"sikkerhed\". Hvis det derimod er bde sikkerhedsopdateringer og generelle opdateringer skal du tilfje parametren \"alt\".\r\n\r\nVr opmrksom p at med det nyeste os2borgerpc-image er sikkerhedsopdateringer slet til.\r\nMagenta anbefaler at kun sikkerhedsopdateringer er slet til. Isr hvis man gr brug af Google Chrome.\r\n\r\nInfo om de to opdateringsmuligheder:\r\n\r\nSikkerhedsopdateringer:\r\nDe vigtigste opdateringer, som retter srbarheder i systemet og dets programmer.\r\n\r\nGenerelle opdateringer:\r\nRetter fejl i tilfjelsesprogrammerne.\r\n\r\nTestet p Ubuntu 20.04.", "site": null, "executable_code": "script_uploads/apt_periodic_control_qqYafra.sh", "is_security_script": false, "maintained_by_magenta": false, "author": "", "author_email": "", "tags": [1]}}, {"model": "system.script", "pk": 22, "fields": {"created": "2021-08-10T09:12:51.835", "modified": "2021-09-30T13:41:36.967", "user_created": "", "user_modified": "flash_gordon", "name": "System - Genstart computer efter X minutter", "description": "Genstart computeren n gang efter et foruddefineret antal minutter.\r\n\r\nHvis antallet af minutter er strre end fem, bliver brugeren notificeret frst. Brugeren har ingen mulighed for at undg genstarten.\r\n\r\nTestet p Ubuntu 20.04.", "site": null, "executable_code": "script_uploads/reboot_after_time_aG4Gjkw.sh", "is_security_script": false, "maintained_by_magenta": false, "author": "", "author_email": "", "tags": [1]}}, {"model": "system.script", "pk": 23, "fields": {"created": "2021-08-10T09:12:51.835", "modified": "2021-09-30T13:41:42.820", "user_created": "", "user_modified": "flash_gordon", "name": "System - Genstart computeren NU", "description": "Genstarter computeren med det samme.\r\n\r\nAdvarsel: Jobs lavet ud fra dette script vil altid ende i status \"Afsendt\".\r\n\r\nTestet p Ubuntu 20.04.", "site": null, "executable_code": "script_uploads/reboot_now.sh", "is_security_script": false, "maintained_by_magenta": false, "author": "", "author_email": "", "tags": [1]}}, {"model": "system.script", "pk": 24, "fields": {"created": "2021-08-10T09:12:51.835", "modified": "2022-01-26T15:13:31.797", "user_created": "", "user_modified": "magenta", "name": "System - Grub: Aktiver sikkerhed", "description": "Dette script vil gre at alle grub menuerne p nr Ubuntu vil krve en adgangskode for brugeren superuser. \r\n\r\nDet er vigtigt at man afprver scriptet p en enkelt borgerpc fr man ruller det ud p dem alle sammen.\r\n\r\nDet er ogs vigtigt at man husker det kodeord man stter p grub.\r\nDet er dog muligt at ndre det igen hvis man glemmer kodeordet. \r\n\r\n*Note: Man kan lse om hvad grub er, her: https://help.ubuntu.com/community/Grub2\r\n\r\nTestet p Ubuntu 20.04.", "site": null, "executable_code": "script_uploads/grub_set_password_HdoIPiZ.py", "is_security_script": false, "maintained_by_magenta": false, "author": "", "author_email": "", "tags": [1]}}, {"model": "system.script", "pk": 25, "fields": {"created": "2021-08-10T09:12:51.835", "modified": "2021-09-30T13:41:54.489", "user_created": "", "user_modified": "flash_gordon", "name": "System - Log altid ud efter X minutter uden besked", "description": "Log altid brugeren ud efter et antal minutter uden at give besked.\r\n\r\nTestet p Ubuntu 20.04.", "site": null, "executable_code": "script_uploads/always_logout_after_time.sh", "is_security_script": false, "maintained_by_magenta": false, "author": "", "author_email": "", "tags": [1]}}, {"model": "system.script", "pk": 26, "fields": {"created": "2021-08-10T09:12:51.835", "modified": "2022-01-26T15:13:52.581", "user_created": "", "user_modified": "magenta", "name": "System - Log bruger ud efter X minutter med besked", "description": "Log altid brugeren ud efter et antal minutter. Det vil sige, at hvis dette script kaldes med parameteren \"60\", vil brugerne altid automatisk blive logget ud en time efter, at de loggede ind.\r\n\r\nScriptet tager alts n parameter, antallet af minutter. Hvis antallet af minutter er mindre end fem (anbefales kun til test), fr brugeren ikke besked om det frst.\r\n\r\nEllers vil brugeren f en tydelig besked fem minutter fr nedlukning.\r\n\r\nTestet p Ubuntu 20.04. Der er i 20.04 ikke noget problem med ,  og  i dialogteksterne.", "site": null, "executable_code": "script_uploads/setup_inactive_logout.sh", "is_security_script": false, "maintained_by_magenta": false, "author": "", "author_email": "", "tags": [1]}}, {"model": "system.script", "pk": 27, "fields": {"created": "2021-08-10T09:12:51.835", "modified": "2022-01-26T15:13:44.437", "user_created": "", "user_modified": "magenta", "name": "System - Log brugeren ud", "description": "Dette script logger brugeren borger(user) ud med det samme.", "site": null, "executable_code": "script_uploads/logout_user.sh", "is_security_script": false, "maintained_by_magenta": false, "author": "", "author_email": "", "tags": [1]}}, {"model": "system.script", "pk": 28, "fields": {"created": "2021-08-10T09:12:51.835", "modified": "2022-01-26T15:13:57.595", "user_created": "", "user_modified": "magenta", "name": "System - Luk ned dagligt", "description": "Lukker computeren ned p et bestemt tidspunkt hver dag.\r\n\r\nParametrene angiver timer og minutter i klokkeslettet.\r\n\r\nDet er muligt at angive \"--off\" som frste parameter og en blank som anden parameter. Dette standser den daglige nedlukning.\r\n\r\nBrugeren varskos fem minutter fr nedlukningen.\r\n\r\nNB: Brugeren har ingen mulighed for at undg dette.\r\n\r\nTestet p Ubuntu 20.04.", "site": null, "executable_code": "script_uploads/shutdown_at_time.sh", "is_security_script": false, "maintained_by_magenta": false, "author": "", "author_email": "", "tags": [1]}}, {"model": "system.script", "pk": 29, "fields": {"created": "2021-08-10T09:12:51.835", "modified": "2021-09-30T13:42:23.733", "user_created": "", "user_modified": "flash_gordon", "name": "System - Luk ned og vgn dagligt", "description": "Dette script stter computeren til at lukke ned og vgne op p det samme tidspunkt hver dag.\r\nSom argument tager scriptet HH:MM (tidspunktet for nedlukning) og antallet af timer computeren skal vgne op efter nedlukning.\r\n\r\nDet er muligt at angive \"--off\" som frste parameter og 0 og 0 som de nste to parametre. Dette standser den daglige nedlukning.\r\nScriptet er baseret p \"System - Luk ned dagligt\" https://bibos-admin.magenta-aps.dk/site/magenta/scripts/12/", "site": null, "executable_code": "script_uploads/shutdown_and_wakeup_R3wRh69.sh", "is_security_script": false, "maintained_by_magenta": false, "author": "", "author_email": "", "tags": [1]}}, {"model": "system.script", "pk": 30, "fields": {"created": "2021-08-10T09:12:51.835", "modified": "2022-01-26T15:14:11.937", "user_created": "", "user_modified": "magenta", "name": "System - Opdater alt", "description": "Dettte script opdaterer alle pakker p systemet. \r\n\r\nS det anbefales at kre dette script hvis en opdatering ude p maskinen er get galt, eller hvis man kun har sat automatiske sikkerhedsopdateringer til.\r\n\r\nTestet p Ubuntu 20.04.", "site": null, "executable_code": "script_uploads/update_all_7LM3G3y.sh", "is_security_script": false, "maintained_by_magenta": false, "author": "", "author_email": "", "tags": [1]}}, {"model": "system.script", "pk": 31, "fields": {"created": "2021-08-10T09:12:51.835", "modified": "2022-01-26T15:14:21.909", "user_created": "", "user_modified": "magenta", "name": "System - rotr skrm", "description": "Rotrer den frste skrm der bliver fundet til \"normal\", \"left\" eller \"right\".\r\n\r\n\r\nTestet p Ubuntu 20.04", "site": null, "executable_code": "script_uploads/rotate_display_6g79WvQ.sh", "is_security_script": false, "maintained_by_magenta": false, "author": "", "author_email": "", "tags": [1]}}, {"model": "system.script", "pk": 32, "fields": {"created": "2021-08-10T09:12:51.835", "modified": "2021-09-30T13:42:40.123", "user_created": "", "user_modified": "flash_gordon", "name": "System - Set system clock from BIOS", "description": "Dette script stter local time fra BIOS.\r\n\r\nTestet p Ubuntu 20.04.", "site": null, "executable_code": "script_uploads/set_local_time_from_bios.sh", "is_security_script": false, "maintained_by_magenta": false, "author": "", "author_email": "", "tags": [1]}}, {"model": "system.script", "pk": 33, "fields": {"created": "2021-08-10T09:12:51.835", "modified": "2022-01-26T15:14:30.786", "user_created": "", "user_modified": "magenta", "name": "System - Skift lydudgang", "description": "Skifter den default-lydudgang, systemet benytter. (Publikums-brugeren m gerne skifte lydudgang under brug, men denne ndring vil ogs slettes ved logout.)\r\nndringerne vil ogs vre der efter borgerPC'en har vret slukket.\r\n\r\nScriptet virker p OS2borgerPC 16.04 og 20.04.", "site": null, "executable_code": "script_uploads/pulse_policy_profile.sh", "is_security_script": false, "maintained_by_magenta": false, "author": "", "author_email": "", "tags": [1]}}, {"model": "system.script", "pk": 34, "fields": {"created": "2021-08-10T09:12:51.835", "modified": "2021-09-30T13:42:48.545", "user_created": "", "user_modified": "flash_gordon", "name": "System - Skift navn p en computer", "description": "ndring af hostname p en maskine; den skifter IKKE navn mv. i admin systemet. Maskinen skal genstartes fr ndringen trder i kraft.\r\n\r\nTestet p Ubuntu 20.04.", "site": null, "executable_code": "script_uploads/change_computer_name1.sh", "is_security_script": false, "maintained_by_magenta": false, "author": "", "author_email": "", "tags": [1]}}, {"model": "system.script", "pk": 35, "fields": {"created": "2021-08-10T09:12:51.835", "modified": "2021-10-08T16:03:07.664", "user_created": "", "user_modified": "mowgli", "name": "System - Skift password for bruger", "description": "Skifter publikumsbrugerens password til det angivne.\r\n\r\nParametre:\r\n\r\n-password\r\n-passwordigen - det nye password og en gentagelse, for at sikre at brugeren kan skrive det to gange.\r\n\r\nDa publikumsbrugeren logger ind automatisk, er det normalt ikke ndvendigt at stte et password for denne bruger.\r\n\r\nPasswords vises p.t. i klartekst, nr man indtaster dem. Pas derfor p ikke at blive kigget over skulderen e.l.\r\n\r\nTestet p Ubuntu 20.04.", "site": null, "executable_code": "script_uploads/change_user_password_bO697ab.sh", "is_security_script": false, "maintained_by_magenta": false, "author": "", "author_email": "", "tags": [1]}}, {"model": "system.script", "pk": 36, "fields": {"created": "2021-08-10T09:12:51.835", "modified": "2021-09-30T13:42:57.053", "user_created": "", "user_modified": "flash_gordon", "name": "System - Skift password for superbruger", "description": "Skift til det angivne superbrugerpassword.\r\n\r\nParametre:\r\n\r\n-password\r\n-passwordigen - det nye password og en gentagelse, for at sikre at brugeren kan skrive det to gange.\r\n\r\nDet er MEGET VIGTIGT at skifte fra standard-passwordet til et andet, s snart en BibOS-maskine er frdiginstalleret. Passwords vises p.t. i klartekst, nr man indtaster dem. Pas derfor p ikke at blive kigget over skulderen e.l.\r\n\r\nTestet p Ubuntu 20.04.", "site": null, "executable_code": "script_uploads/change_superuser_password_6zL696e.sh", "is_security_script": false, "maintained_by_magenta": false, "author": "", "author_email": "", "tags": [1]}}, {"model": "system.script", "pk": 37, "fields": {"created": "2021-08-10T09:12:51.835", "modified": "2021-08-10T09:20:23.484", "user_created": "", "user_modified": "", "name": "System - Tilfj Exfat support", "description": "Gr det muligt for Ubuntu at tilkoble et Windows exfat drev.\r\n\r\nTestet p Ubuntu 20.04.\r\n\r\nUdviklet af: Unkown.", "site": null, "executable_code": "script_uploads/Exfat_enable_qCyiT2z.sh", "is_security_script": false, "maintained_by_magenta": false, "author": "", "author_email": "", "tags": [1]}}, {"model": "system.script", "pk": 56, "fields": {"created": "2021-08-10T09:12:51.835", "modified": "2021-08-10T09:12:51.853", "user_created": "", "user_modified": "", "name": "Ping-advarsel", "description": "Ping!", "site": 1, "executable_code": "script_uploads/pingevent.py", "is_security_script": true, "maintained_by_magenta": false, "author": "", "author_email": "", "tags": []}}, {"model": "system.script", "pk": 58, "fields": {"created": "2021-08-10T09:12:51.835", "modified": "2022-01-26T15:09:26.671", "user_created": "", "user_modified": "magenta", "name": "Test scriptfilnavne", "description": "dfsdf", "site": 1, "executable_code": "script_uploads/diagnostic_logfiles_b649s9e.sh", "is_security_script": false, "maintained_by_magenta": false, "author": "John Doe", "author_email": "john@doe.com", "tags": []}}, {"model": "system.script", "pk": 59, "fields": {"created": "2021-08-10T09:12:51.835", "modified": "2021-08-25T16:19:38.683", "user_created": "", "user_modified": "mowgli", "name": "script test", "description": "1", "site": 1, "executable_code": "script_uploads/test-script_xKItgpL.sh", "is_security_script": false, "maintained_by_magenta": false, "author": "", "author_email": "", "tags": []}}, {"model": "system.script", "pk": 60, "fields": {"created": "2021-08-10T09:12:51.835", "modified": "2021-08-25T16:19:45.291", "user_created": "", "user_modified": "mowgli", "name": "script test 2", "description": "2", "site": 1, "executable_code": "script_uploads/dbus-address.sh", "is_security_script": false, "maintained_by_magenta": false, "author": "", "author_email": "", "tags": []}}, {"model": "system.script", "pk": 61, "fields": {"created": "2021-08-10T09:12:51.835", "modified": "2022-01-26T15:08:35.963", "user_created": "", "user_modified": "magenta", "name": "St baggrundsbillede", "description": "a", "site": 1, "executable_code": "script_uploads/emptyish.sh", "is_security_script": false, "maintained_by_magenta": false, "author": "John Doe", "author_email": "john@doe.com", "tags": []}}, {"model": "system.script", "pk": 62, "fields": {"created": "2021-08-10T09:12:51.835", "modified": "2022-01-26T15:09:59.510", "user_created": "", "user_modified": "magenta", "name": "test", "description": "Just a test script", "site": 1, "executable_code": "script_uploads/test.sh", "is_security_script": false, "maintained_by_magenta": false, "author": "", "author_email": "", "tags": [1]}}, {"model": "system.script", "pk": 68, "fields": {"created": "2021-08-25T11:19:11.606", "modified": "2022-01-26T15:15:27.842", "user_created": "mowgli", "user_modified": "magenta", "name": "Desktop - Logud-knap med valgfrit ikon", "description": "Tilfjer en logud-knap til skrivebordet, med valgfrit navn og ikon (uploades), og mulighed for at bestemme om der skal logges ud jeblikkeligt, \r\neller om brugeren skal bekrfte frst.\r\n\r\nParametre:\r\n\r\n1: Navnet du nsker, knappen skal have p skrivebordet.\r\n2. Om der skal genstartes jeblikkeligt eller om brugeren skal sprges om bekrftelse (med mulighed for at stoppe logud).\r\n3. Hvilket ikon logudknappen skal have (en kvadratisk .SVG- eller .PNG-fil).\r\n\r\nBemrk: Dette script forudstter at ogs scriptet \"Desktop - Aktiver genveje\" kres for at aktivere knappen.\r\n\r\nnsker du at slette genvejen, kan det gres med scriptet \"Desktop - Tilfj/Fjern programgenvej p skrivebord\".", "site": null, "executable_code": "script_uploads/desktop_logout_button_icon_W0J3c67.sh", "is_security_script": false, "maintained_by_magenta": false, "author": "", "author_email": "", "tags": [4]}}, {"model": "system.script", "pk": 69, "fields": {"created": "2021-08-25T11:20:13.670", "modified": "2022-01-26T15:18:12.344", "user_created": "mowgli", "user_modified": "magenta", "name": "Desktop - Aktiver genveje", "description": "\"Aktiverer\" genveje p skrivebordet.\r\n\r\nInden dette script kres kan man godt tilfje en genvej, men det rette ikon ikke dukke op, og programmet vil i stedet blive bnet i et tekstredigeringsprogram.\r\n\r\nDer skal logges ud og ind igen - eller alternativt genstartes - fr det tager effekt.\r\nScriptet skal kun kres n gang - s virker genveje der er tilfjet til skrivebordet bde fr og efter.", "site": 1, "executable_code": "script_uploads/desktop_activate_shortcuts.sh", "is_security_script": false, "maintained_by_magenta": false, "author": "John Doe", "author_email": "john@doe.com", "tags": []}}, {"model": "system.script", "pk": 74, "fields": {"created": "2021-11-28T15:43:34.421", "modified": "2022-01-26T15:12:05.296", "user_created": "mowgli", "user_modified": "magenta", "name": "OS2borgerPC - Log altid ud efter X minutter med nedtller", "description": "Opstter en OS2borgerPC til altid at logge ud efter et bestemt antal sekunder, med en visuel nedtller p skrmen, til at vise, hvor lnge, der er tilbage.\r\n\r\nScriptet tager 4 parametre:\r\n  1. Aktivr?: ja/nej\r\n  2. Antal sekunder fr logud\r\n  3. Hvilket x-koordinat nedtller-vinduet skal have.\r\n  3. Hvilket y-koordinat nedtller-vinduet skal have.", "site": null, "executable_code": "script_uploads/always_logout_after_time_visual_WRE7ERj.sh", "is_security_script": false, "maintained_by_magenta": false, "author": "", "author_email": "john@doe.com", "tags": []}}, {"model": "system.script", "pk": 75, "fields": {"created": "2021-11-28T15:44:26.423", "modified": "2022-01-26T15:12:10.354", "user_created": "mowgli", "user_modified": "magenta", "name": "Cicero - Installr PAM-modul", "description": "Opstter en OS2borgerPC til at tjekke op mod Cicero ved login for Borger.\r\n\r\nScriptet tager t parameter:\r\n1: Aktivr: ja/nej\r\n\r\nDette script afhnger af, at flgende andre scripts er krt:\r\n- System - Aktivr automatisk borgerlogin (det skal sls fra)\r\n\r\n...og det vil oftest ogs bruges sammen med:\r\nOS2borgerPC - Log altid ud efter X minutter med nedtller", "site": null, "executable_code": "script_uploads/cicero_install_pam_gsMTFne.sh", "is_security_script": false, "maintained_by_magenta": false, "author": "", "author_email": "john@doe.com", "tags": []}}, {"model": "system.script", "pk": 76, "fields": {"created": "2021-11-30T14:50:10.592", "modified": "2021-11-30T14:50:40.156", "user_created": "mowgli", "user_modified": "", "name": "OS2borgerPC - Opdater klient (yanked)", "description": "Midlertidigt script ifm. test af PAM, der opdaterer klienten til nyeste version", "site": null, "executable_code": "script_uploads/update_client_yanked.sh", "is_security_script": false, "maintained_by_magenta": false, "author": "", "author_email": "", "tags": []}}, {"model": "system.script", "pk": 77, "fields": {"created": "2021-12-02T13:40:43.310", "modified": "2021-12-02T13:40:51.799", "user_created": "mowgli", "user_modified": "mowgli", "name": "OS2displayPC - Chromium - Skift startside", "description": "-", "site": 1, "executable_code": "script_uploads/chromium_change_homepage.sh", "is_security_script": false, "maintained_by_magenta": false, "author": "", "author_email": "", "tags": []}}, {"model": "system.script", "pk": 78, "fields": {"created": "2022-01-04T16:36:40.662", "modified": "2022-01-04T16:41:07.708", "user_created": "mowgli", "user_modified": "mowgli", "name": "System - Sl to-faktor autentifikation for superbruger til", "description": "Slr tidsbaseret totrinsbekrftelse til for superbrugeren, ved login p en borgerPC.\r\n\r\nG frst ind p siden \"Totrinsbekrftelse\" i menuen til venstre her p adminsitet, for at se processen for at sl totrinsbekrftelse til.\r\n\r\nS snart du har genereret en sikkerhedsngle p ovenstende side, skal dette script kres med sikkerhedsngle som det andet parameter.\r\n\r\nFra nste login, vil der nu for superbrugeren vre et ekstra skridt i loginprocessen efter koden, hvor der skal indtastes totrins-koden.\r\n\r\nTager det ikke effekt jeblikkeligt efter logud, foresls en genstart af maskinen.\r\n\r\nInputparametre:\r\n1. Aktivr?: 'Ja' slr totrinsbekrftelse til, 'nej' slr det fra.\r\n2: Sikkerhedsngle: Sikkerhedsnglen totrinsbekrftelse-systemet internt har brug for. \r\nSamme sikkerhedsngle for flere computere betyder, du kan logge ind p flere computere med samme totrins-koder, fremfor hver computer skal tilfjes individuelt til din totrinsbekrftelse-app.", "site": null, "executable_code": "script_uploads/setup_two_factor_superuser_BAk1AH4.sh", "is_security_script": false, "maintained_by_magenta": false, "author": "", "author_email": "john@doe.com", "tags": [1]}}, {"model": "system.script", "pk": 79, "fields": {"created": "2022-01-17T11:45:01.720", "modified": "2022-01-26T15:07:45.964", "user_created": "flash_gordon", "user_modified": "magenta", "name": "OS2borgerPC - Spr adgang til terminalen", "description": "Spr adgangen til terminalen for publikumsbrugeren (superuser har stadig adgang).\r\n\r\nBemrk, at brugerens adgang til terminalen ikke i sig selv er et sikkerhedshul. Brugeren kan fra terminalen gre prcis de ting, som vedkommende har tilladelse til i forvejen.\r\n\r\nHvis brugeren er i stand til at udfordre systemets sikkerhed fra terminalen, skyldes det alts de underliggende tilladelser - ikke terminaladgangen, som ikke gr en grundlggende forskel.\r\n\r\nBlokering af terminaladgangen er dermed dybest set en lappelsning, som kan vre ganske fornuftig - men de underliggende problemer burde adresseres, og hvis de bliver det, vil det ikke lngere vre ndvendigt at blokere for terminaladgangen.", "site": 1, "executable_code": "script_uploads/test_sHq1sWl.sh", "is_security_script": false, "maintained_by_magenta": false, "author": "John Doe", "author_email": "john@doe.com", "tags": []}}, {"model": "system.script", "pk": 80, "fields": {"created": "2022-01-18T10:06:14.551", "modified": "2022-01-26T15:09:01.715", "user_created": "flash_gordon", "user_modified": "magenta", "name": "Desktop - Sl skriverettigheder for skrivebord fra/til", "description": "Slr skriverettigheder for skrivebordet til og fra for Borger-brugeren.\r\n\r\nArgumenter:\r\n  1. Aktivr?: \r\n     ja: brugeren har IKKE rettighed til at lgge filer p skrivebordet (standard)\r\n     nej: brugeren har rettighed til at lgge filer p skrivebordet", "site": 1, "executable_code": "script_uploads/desktop_toggle_writable_uD7ggxo.sh", "is_security_script": false, "maintained_by_magenta": false, "author": "John Doe", "author_email": "john@doe.com", "tags": []}}, {"model": "system.batch", "pk": 1, "fields": {"name": "Gruppe1, Chrome - Installr, 2022-01-26 15:22:28", "script": 8, "site": 1}}, {"model": "system.batch", "pk": 2, "fields": {"name": "Gruppe1, Chrome - Deaktiver autologin, 2022-01-26 15:22:28", "script": 6, "site": 1}}, {"model": "system.batch", "pk": 3, "fields": {"name": "Gruppe1, Chrome - Deaktiver nglering, 2022-01-26 15:22:28", "script": 7, "site": 1}}, {"model": "system.batch", "pk": 4, "fields": {"name": "Gruppe1, Chrome - St som default browser, 2022-01-26 15:22:28", "script": 10, "site": 1}}, {"model": "system.batch", "pk": 5, "fields": {"name": "Gruppe1, Chrome - Skift startside, 2022-01-26 15:22:28", "script": 9, "site": 1}}, {"model": "system.batch", "pk": 6, "fields": {"name": "Gruppe1, System - Log brugeren ud, 2022-01-26 15:23:47", "script": 27, "site": 1}}, {"model": "system.batch", "pk": 7, "fields": {"name": "Gruppe1, System - rotr skrm, 2022-01-26 15:23:47", "script": 31, "site": 1}}, {"model": "system.batch", "pk": 8, "fields": {"name": "Gruppe1, Chrome - Installr, 2022-01-26 15:25:06", "script": 8, "site": 1}}, {"model": "system.batch", "pk": 9, "fields": {"name": "Gruppe1, Chrome - Deaktiver autologin, 2022-01-26 15:25:06", "script": 6, "site": 1}}, {"model": "system.batch", "pk": 10, "fields": {"name": "Gruppe1, Chrome - Deaktiver nglering, 2022-01-26 15:25:06", "script": 7, "site": 1}}, {"model": "system.batch", "pk": 11, "fields": {"name": "Gruppe1, Chrome - St som default browser, 2022-01-26 15:25:06", "script": 10, "site": 1}}, {"model": "system.batch", "pk": 12, "fields": {"name": "Gruppe1, Chrome - Skift startside, 2022-01-26 15:25:06", "script": 9, "site": 1}}, {"model": "system.batch", "pk": 13, "fields": {"name": "Gruppe1, System - Log brugeren ud, 2022-01-26 15:25:06", "script": 27, "site": 1}}, {"model": "system.batch", "pk": 14, "fields": {"name": "Gruppe1, System - rotr skrm, 2022-01-26 15:25:06", "script": 31, "site": 1}}, {"model": "system.batch", "pk": 15, "fields": {"name": "Gruppe2, Bluetooth - Fjern ikon fra menu-bjlke, 2022-02-12 20:22:10", "script": 3, "site": 1}}, {"model": "system.batch", "pk": 16, "fields": {"name": "Gruppe2, Bluetooth - Fjern ikon fra menu-bjlke, 2022-02-12 20:22:10", "script": 3, "site": 1}}, {"model": "system.batch", "pk": 17, "fields": {"name": "Gruppe2, Bluetooth - Fjern ikon fra menu-bjlke, 2022-02-12 20:22:10", "script": 3, "site": 1}}, {"model": "system.batch", "pk": 18, "fields": {"name": "Gruppe2, Bluetooth - Fjern ikon fra menu-bjlke, 2022-02-12 20:22:10", "script": 3, "site": 1}}, {"model": "system.batch", "pk": 19, "fields": {"name": "Gruppe2, Bluetooth - Fjern ikon fra menu-bjlke, 2022-02-12 20:22:10", "script": 3, "site": 1}}, {"model": "system.batch", "pk": 20, "fields": {"name": "Gruppe2, Bluetooth - Fjern ikon fra menu-bjlke, 2022-02-12 20:22:10", "script": 3, "site": 1}}, {"model": "system.batch", "pk": 21, "fields": {"name": "Gruppe2, Bluetooth - Fjern ikon fra menu-bjlke, 2022-02-12 20:22:10", "script": 3, "site": 1}}, {"model": "system.batch", "pk": 22, "fields": {"name": "Gruppe2, Bluetooth - Fjern ikon fra menu-bjlke, 2022-02-12 20:22:10", "script": 3, "site": 1}}, {"model": "system.batch", "pk": 23, "fields": {"name": "Gruppe2, Bluetooth - Fjern ikon fra menu-bjlke, 2022-02-12 20:22:10", "script": 3, "site": 1}}, {"model": "system.batch", "pk": 24, "fields": {"name": "Gruppe2, Bluetooth - Fjern ikon fra menu-bjlke, 2022-02-12 20:22:10", "script": 3, "site": 1}}, {"model": "system.batch", "pk": 25, "fields": {"name": "Gruppe2, Bluetooth - Fjern ikon fra menu-bjlke, 2022-02-12 20:22:10", "script": 3, "site": 1}}, {"model": "system.batch", "pk": 26, "fields": {"name": "Gruppe2, Bluetooth - Fjern ikon fra menu-bjlke, 2022-02-12 20:22:10", "script": 3, "site": 1}}, {"model": "system.batch", "pk": 27, "fields": {"name": "Gruppe2, Bluetooth - Fjern ikon fra menu-bjlke, 2022-02-12 20:22:10", "script": 3, "site": 1}}, {"model": "system.batch", "pk": 28, "fields": {"name": "Gruppe2, Bluetooth - Fjern ikon fra menu-bjlke, 2022-02-12 20:22:10", "script": 3, "site": 1}}, {"model": "system.batch", "pk": 29, "fields": {"name": "Gruppe2, Bluetooth - Fjern ikon fra menu-bjlke, 2022-02-12 20:22:10", "script": 3, "site": 1}}, {"model": "system.associatedscript", "pk": 6, "fields": {"group": 9, "script": 8, "position": 1}}, {"model": "system.associatedscript", "pk": 7, "fields": {"group": 9, "script": 9, "position": 2}}, {"model": "system.associatedscript", "pk": 10, "fields": {"group": 3, "script": 8, "position": 0}}, {"model": "system.associatedscript", "pk": 12, "fields": {"group": 10, "script": 8, "position": 0}}, {"model": "system.associatedscript", "pk": 13, "fields": {"group": 10, "script": 6, "position": 1}}, {"model": "system.associatedscript", "pk": 14, "fields": {"group": 10, "script": 7, "position": 2}}, {"model": "system.associatedscript", "pk": 15, "fields": {"group": 10, "script": 10, "position": 3}}, {"model": "system.associatedscript", "pk": 16, "fields": {"group": 10, "script": 9, "position": 4}}, {"model": "system.associatedscript", "pk": 17, "fields": {"group": 10, "script": 27, "position": 5}}, {"model": "system.associatedscript", "pk": 18, "fields": {"group": 10, "script": 31, "position": 6}}, {"model": "system.associatedscript", "pk": 21, "fields": {"group": 17, "script": 3, "position": 0}}, {"model": "system.associatedscript", "pk": 22, "fields": {"group": 17, "script": 3, "position": 1}}, {"model": "system.associatedscript", "pk": 23, "fields": {"group": 17, "script": 3, "position": 2}}, {"model": "system.associatedscript", "pk": 24, "fields": {"group": 17, "script": 3, "position": 3}}, {"model": "system.associatedscript", "pk": 25, "fields": {"group": 17, "script": 3, "position": 4}}, {"model": "system.associatedscript", "pk": 26, "fields": {"group": 17, "script": 3, "position": 5}}, {"model": "system.associatedscript", "pk": 27, "fields": {"group": 17, "script": 3, "position": 6}}, {"model": "system.associatedscript", "pk": 28, "fields": {"group": 17, "script": 3, "position": 7}}, {"model": "system.associatedscript", "pk": 29, "fields": {"group": 17, "script": 3, "position": 8}}, {"model": "system.associatedscript", "pk": 30, "fields": {"group": 17, "script": 3, "position": 9}}, {"model": "system.associatedscript", "pk": 31, "fields": {"group": 17, "script": 3, "position": 10}}, {"model": "system.associatedscript", "pk": 32, "fields": {"group": 17, "script": 3, "position": 11}}, {"model": "system.associatedscript", "pk": 33, "fields": {"group": 17, "script": 3, "position": 12}}, {"model": "system.associatedscript", "pk": 34, "fields": {"group": 17, "script": 3, "position": 13}}, {"model": "system.associatedscript", "pk": 35, "fields": {"group": 17, "script": 3, "position": 14}}, {"model": "system.job", "pk": 1, "fields": {"status": "NEW", "log_output": "", "started": null, "finished": null, "user": 35, "batch": 8, "pc": 8}}, {"model": "system.job", "pk": 2, "fields": {"status": "NEW", "log_output": "", "started": null, "finished": null, "user": 35, "batch": 8, "pc": 9}}, {"model": "system.job", "pk": 3, "fields": {"status": "NEW", "log_output": "", "started": null, "finished": null, "user": 35, "batch": 8, "pc": 1}}, {"model": "system.job", "pk": 4, "fields": {"status": "NEW", "log_output": "", "started": null, "finished": null, "user": 35, "batch": 8, "pc": 6}}, {"model": "system.job", "pk": 5, "fields": {"status": "NEW", "log_output": "", "started": null, "finished": null, "user": 35, "batch": 9, "pc": 8}}, {"model": "system.job", "pk": 6, "fields": {"status": "NEW", "log_output": "", "started": null, "finished": null, "user": 35, "batch": 9, "pc": 9}}, {"model": "system.job", "pk": 7, "fields": {"status": "NEW", "log_output": "", "started": null, "finished": null, "user": 35, "batch": 9, "pc": 1}}, {"model": "system.job", "pk": 8, "fields": {"status": "NEW", "log_output": "", "started": null, "finished": null, "user": 35, "batch": 9, "pc": 6}}, {"model": "system.job", "pk": 9, "fields": {"status": "NEW", "log_output": "", "started": null, "finished": null, "user": 35, "batch": 10, "pc": 8}}, {"model": "system.job", "pk": 10, "fields": {"status": "NEW", "log_output": "", "started": null, "finished": null, "user": 35, "batch": 10, "pc": 9}}, {"model": "system.job", "pk": 11, "fields": {"status": "NEW", "log_output": "", "started": null, "finished": null, "user": 35, "batch": 10, "pc": 1}}, {"model": "system.job", "pk": 12, "fields": {"status": "NEW", "log_output": "", "started": null, "finished": null, "user": 35, "batch": 10, "pc": 6}}, {"model": "system.job", "pk": 13, "fields": {"status": "NEW", "log_output": "", "started": null, "finished": null, "user": 35, "batch": 11, "pc": 8}}, {"model": "system.job", "pk": 14, "fields": {"status": "NEW", "log_output": "", "started": null, "finished": null, "user": 35, "batch": 11, "pc": 9}}, {"model": "system.job", "pk": 15, "fields": {"status": "NEW", "log_output": "", "started": null, "finished": null, "user": 35, "batch": 11, "pc": 1}}, {"model": "system.job", "pk": 16, "fields": {"status": "NEW", "log_output": "", "started": null, "finished": null, "user": 35, "batch": 11, "pc": 6}}, {"model": "system.job", "pk": 17, "fields": {"status": "NEW", "log_output": "", "started": null, "finished": null, "user": 35, "batch": 12, "pc": 8}}, {"model": "system.job", "pk": 18, "fields": {"status": "NEW", "log_output": "", "started": null, "finished": null, "user": 35, "batch": 12, "pc": 9}}, {"model": "system.job", "pk": 19, "fields": {"status": "NEW", "log_output": "", "started": null, "finished": null, "user": 35, "batch": 12, "pc": 1}}, {"model": "system.job", "pk": 20, "fields": {"status": "NEW", "log_output": "", "started": null, "finished": null, "user": 35, "batch": 12, "pc": 6}}, {"model": "system.job", "pk": 21, "fields": {"status": "NEW", "log_output": "", "started": null, "finished": null, "user": 35, "batch": 13, "pc": 8}}, {"model": "system.job", "pk": 22, "fields": {"status": "NEW", "log_output": "", "started": null, "finished": null, "user": 35, "batch": 13, "pc": 9}}, {"model": "system.job", "pk": 23, "fields": {"status": "NEW", "log_output": "", "started": null, "finished": null, "user": 35, "batch": 13, "pc": 1}}, {"model": "system.job", "pk": 24, "fields": {"status": "NEW", "log_output": "", "started": null, "finished": null, "user": 35, "batch": 13, "pc": 6}}, {"model": "system.job", "pk": 25, "fields": {"status": "NEW", "log_output": "", "started": null, "finished": null, "user": 35, "batch": 14, "pc": 8}}, {"model": "system.job", "pk": 26, "fields": {"status": "NEW", "log_output": "", "started": null, "finished": null, "user": 35, "batch": 14, "pc": 9}}, {"model": "system.job", "pk": 27, "fields": {"status": "NEW", "log_output": "", "started": null, "finished": null, "user": 35, "batch": 14, "pc": 1}}, {"model": "system.job", "pk": 28, "fields": {"status": "NEW", "log_output": "", "started": null, "finished": null, "user": 35, "batch": 14, "pc": 6}}, {"model": "system.job", "pk": 29, "fields": {"status": "NEW", "log_output": "", "started": null, "finished": null, "user": 35, "batch": 15, "pc": 1}}, {"model": "system.job", "pk": 30, "fields": {"status": "NEW", "log_output": "", "started": null, "finished": null, "user": 35, "batch": 15, "pc": 6}}, {"model": "system.job", "pk": 31, "fields": {"status": "NEW", "log_output": "", "started": null, "finished": null, "user": 35, "batch": 15, "pc": 8}}, {"model": "system.job", "pk": 32, "fields": {"status": "NEW", "log_output": "", "started": null, "finished": null, "user": 35, "batch": 15, "pc": 9}}, {"model": "system.job", "pk": 33, "fields": {"status": "NEW", "log_output": "", "started": null, "finished": null, "user": 35, "batch": 15, "pc": 12}}, {"model": "system.job", "pk": 34, "fields": {"status": "NEW", "log_output": "", "started": null, "finished": null, "user": 35, "batch": 15, "pc": 16}}, {"model": "system.job", "pk": 35, "fields": {"status": "NEW", "log_output": "", "started": null, "finished": null, "user": 35, "batch": 15, "pc": 18}}, {"model": "system.job", "pk": 36, "fields": {"status": "NEW", "log_output": "", "started": null, "finished": null, "user": 35, "batch": 15, "pc": 22}}, {"model": "system.job", "pk": 37, "fields": {"status": "NEW", "log_output": "", "started": null, "finished": null, "user": 35, "batch": 15, "pc": 23}}, {"model": "system.job", "pk": 38, "fields": {"status": "NEW", "log_output": "", "started": null, "finished": null, "user": 35, "batch": 15, "pc": 24}}, {"model": "system.job", "pk": 39, "fields": {"status": "NEW", "log_output": "", "started": null, "finished": null, "user": 35, "batch": 15, "pc": 25}}, {"model": "system.job", "pk": 40, "fields": {"status": "NEW", "log_output": "", "started": null, "finished": null, "user": 35, "batch": 15, "pc": 26}}, {"model": "system.job", "pk": 41, "fields": {"status": "NEW", "log_output": "", "started": null, "finished": null, "user": 35, "batch": 15, "pc": 28}}, {"model": "system.job", "pk": 42, "fields": {"status": "NEW", "log_output": "", "started": null, "finished": null, "user": 35, "batch": 15, "pc": 31}}, {"model": "system.job", "pk": 43, "fields": {"status": "NEW", "log_output": "", "started": null, "finished": null, "user": 35, "batch": 16, "pc": 1}}, {"model": "system.job", "pk": 44, "fields": {"status": "NEW", "log_output": "", "started": null, "finished": null, "user": 35, "batch": 16, "pc": 6}}, {"model": "system.job", "pk": 45, "fields": {"status": "NEW", "log_output": "", "started": null, "finished": null, "user": 35, "batch": 16, "pc": 8}}, {"model": "system.job", "pk": 46, "fields": {"status": "NEW", "log_output": "", "started": null, "finished": null, "user": 35, "batch": 16, "pc": 9}}, {"model": "system.job", "pk": 47, "fields": {"status": "NEW", "log_output": "", "started": null, "finished": null, "user": 35, "batch": 16, "pc": 12}}, {"model": "system.job", "pk": 48, "fields": {"status": "NEW", "log_output": "", "started": null, "finished": null, "user": 35, "batch": 16, "pc": 16}}, {"model": "system.job", "pk": 49, "fields": {"status": "NEW", "log_output": "", "started": null, "finished": null, "user": 35, "batch": 16, "pc": 18}}, {"model": "system.job", "pk": 50, "fields": {"status": "NEW", "log_output": "", "started": null, "finished": null, "user": 35, "batch": 16, "pc": 22}}, {"model": "system.job", "pk": 51, "fields": {"status": "NEW", "log_output": "", "started": null, "finished": null, "user": 35, "batch": 16, "pc": 23}}, {"model": "system.job", "pk": 52, "fields": {"status": "NEW", "log_output": "", "started": null, "finished": null, "user": 35, "batch": 16, "pc": 24}}, {"model": "system.job", "pk": 53, "fields": {"status": "NEW", "log_output": "", "started": null, "finished": null, "user": 35, "batch": 16, "pc": 25}}, {"model": "system.job", "pk": 54, "fields": {"status": "NEW", "log_output": "", "started": null, "finished": null, "user": 35, "batch": 16, "pc": 26}}, {"model": "system.job", "pk": 55, "fields": {"status": "NEW", "log_output": "", "started": null, "finished": null, "user": 35, "batch": 16, "pc": 28}}, {"model": "system.job", "pk": 56, "fields": {"status": "NEW", "log_output": "", "started": null, "finished": null, "user": 35, "batch": 16, "pc": 31}}, {"model": "system.job", "pk": 57, "fields": {"status": "NEW", "log_output": "", "started": null, "finished": null, "user": 35, "batch": 17, "pc": 1}}, {"model": "system.job", "pk": 58, "fields": {"status": "NEW", "log_output": "", "started": null, "finished": null, "user": 35, "batch": 17, "pc": 6}}, {"model": "system.job", "pk": 59, "fields": {"status": "NEW", "log_output": "", "started": null, "finished": null, "user": 35, "batch": 17, "pc": 8}}, {"model": "system.job", "pk": 60, "fields": {"status": "NEW", "log_output": "", "started": null, "finished": null, "user": 35, "batch": 17, "pc": 9}}, {"model": "system.job", "pk": 61, "fields": {"status": "NEW", "log_output": "", "started": null, "finished": null, "user": 35, "batch": 17, "pc": 12}}, {"model": "system.job", "pk": 62, "fields": {"status": "NEW", "log_output": "", "started": null, "finished": null, "user": 35, "batch": 17, "pc": 16}}, {"model": "system.job", "pk": 63, "fields": {"status": "NEW", "log_output": "", "started": null, "finished": null, "user": 35, "batch": 17, "pc": 18}}, {"model": "system.job", "pk": 64, "fields": {"status": "NEW", "log_output": "", "started": null, "finished": null, "user": 35, "batch": 17, "pc": 22}}, {"model": "system.job", "pk": 65, "fields": {"status": "NEW", "log_output": "", "started": null, "finished": null, "user": 35, "batch": 17, "pc": 23}}, {"model": "system.job", "pk": 66, "fields": {"status": "NEW", "log_output": "", "started": null, "finished": null, "user": 35, "batch": 17, "pc": 24}}, {"model": "system.job", "pk": 67, "fields": {"status": "NEW", "log_output": "", "started": null, "finished": null, "user": 35, "batch": 17, "pc": 25}}, {"model": "system.job", "pk": 68, "fields": {"status": "NEW", "log_output": "", "started": null, "finished": null, "user": 35, "batch": 17, "pc": 26}}, {"model": "system.job", "pk": 69, "fields": {"status": "NEW", "log_output": "", "started": null, "finished": null, "user": 35, "batch": 17, "pc": 28}}, {"model": "system.job", "pk": 70, "fields": {"status": "NEW", "log_output": "", "started": null, "finished": null, "user": 35, "batch": 17, "pc": 31}}, {"model": "system.job", "pk": 71, "fields": {"status": "NEW", "log_output": "", "started": null, "finished": null, "user": 35, "batch": 18, "pc": 1}}, {"model": "system.job", "pk": 72, "fields": {"status": "NEW", "log_output": "", "started": null, "finished": null, "user": 35, "batch": 18, "pc": 6}}, {"model": "system.job", "pk": 73, "fields": {"status": "NEW", "log_output": "", "started": null, "finished": null, "user": 35, "batch": 18, "pc": 8}}, {"model": "system.job", "pk": 74, "fields": {"status": "NEW", "log_output": "", "started": null, "finished": null, "user": 35, "batch": 18, "pc": 9}}, {"model": "system.job", "pk": 75, "fields": {"status": "NEW", "log_output": "", "started": null, "finished": null, "user": 35, "batch": 18, "pc": 12}}, {"model": "system.job", "pk": 76, "fields": {"status": "NEW", "log_output": "", "started": null, "finished": null, "user": 35, "batch": 18, "pc": 16}}, {"model": "system.job", "pk": 77, "fields": {"status": "NEW", "log_output": "", "started": null, "finished": null, "user": 35, "batch": 18, "pc": 18}}, {"model": "system.job", "pk": 78, "fields": {"status": "NEW", "log_output": "", "started": null, "finished": null, "user": 35, "batch": 18, "pc": 22}}, {"model": "system.job", "pk": 79, "fields": {"status": "NEW", "log_output": "", "started": null, "finished": null, "user": 35, "batch": 18, "pc": 23}}, {"model": "system.job", "pk": 80, "fields": {"status": "NEW", "log_output": "", "started": null, "finished": null, "user": 35, "batch": 18, "pc": 24}}, {"model": "system.job", "pk": 81, "fields": {"status": "NEW", "log_output": "", "started": null, "finished": null, "user": 35, "batch": 18, "pc": 25}}, {"model": "system.job", "pk": 82, "fields": {"status": "NEW", "log_output": "", "started": null, "finished": null, "user": 35, "batch": 18, "pc": 26}}, {"model": "system.job", "pk": 83, "fields": {"status": "NEW", "log_output": "", "started": null, "finished": null, "user": 35, "batch": 18, "pc": 28}}, {"model": "system.job", "pk": 84, "fields": {"status": "NEW", "log_output": "", "started": null, "finished": null, "user": 35, "batch": 18, "pc": 31}}, {"model": "system.job", "pk": 85, "fields": {"status": "NEW", "log_output": "", "started": null, "finished": null, "user": 35, "batch": 19, "pc": 1}}, {"model": "system.job", "pk": 86, "fields": {"status": "NEW", "log_output": "", "started": null, "finished": null, "user": 35, "batch": 19, "pc": 6}}, {"model": "system.job", "pk": 87, "fields": {"status": "NEW", "log_output": "", "started": null, "finished": null, "user": 35, "batch": 19, "pc": 8}}, {"model": "system.job", "pk": 88, "fields": {"status": "NEW", "log_output": "", "started": null, "finished": null, "user": 35, "batch": 19, "pc": 9}}, {"model": "system.job", "pk": 89, "fields": {"status": "NEW", "log_output": "", "started": null, "finished": null, "user": 35, "batch": 19, "pc": 12}}, {"model": "system.job", "pk": 90, "fields": {"status": "NEW", "log_output": "", "started": null, "finished": null, "user": 35, "batch": 19, "pc": 16}}, {"model": "system.job", "pk": 91, "fields": {"status": "NEW", "log_output": "", "started": null, "finished": null, "user": 35, "batch": 19, "pc": 18}}, {"model": "system.job", "pk": 92, "fields": {"status": "NEW", "log_output": "", "started": null, "finished": null, "user": 35, "batch": 19, "pc": 22}}, {"model": "system.job", "pk": 93, "fields": {"status": "NEW", "log_output": "", "started": null, "finished": null, "user": 35, "batch": 19, "pc": 23}}, {"model": "system.job", "pk": 94, "fields": {"status": "NEW", "log_output": "", "started": null, "finished": null, "user": 35, "batch": 19, "pc": 24}}, {"model": "system.job", "pk": 95, "fields": {"status": "NEW", "log_output": "", "started": null, "finished": null, "user": 35, "batch": 19, "pc": 25}}, {"model": "system.job", "pk": 96, "fields": {"status": "NEW", "log_output": "", "started": null, "finished": null, "user": 35, "batch": 19, "pc": 26}}, {"model": "system.job", "pk": 97, "fields": {"status": "NEW", "log_output": "", "started": null, "finished": null, "user": 35, "batch": 19, "pc": 28}}, {"model": "system.job", "pk": 98, "fields": {"status": "NEW", "log_output": "", "started": null, "finished": null, "user": 35, "batch": 19, "pc": 31}}, {"model": "system.job", "pk": 99, "fields": {"status": "NEW", "log_output": "", "started": null, "finished": null, "user": 35, "batch": 20, "pc": 1}}, {"model": "system.job", "pk": 100, "fields": {"status": "NEW", "log_output": "", "started": null, "finished": null, "user": 35, "batch": 20, "pc": 6}}, {"model": "system.job", "pk": 101, "fields": {"status": "NEW", "log_output": "", "started": null, "finished": null, "user": 35, "batch": 20, "pc": 8}}, {"model": "system.job", "pk": 102, "fields": {"status": "NEW", "log_output": "", "started": null, "finished": null, "user": 35, "batch": 20, "pc": 9}}, {"model": "system.job", "pk": 103, "fields": {"status": "NEW", "log_output": "", "started": null, "finished": null, "user": 35, "batch": 20, "pc": 12}}, {"model": "system.job", "pk": 104, "fields": {"status": "NEW", "log_output": "", "started": null, "finished": null, "user": 35, "batch": 20, "pc": 16}}, {"model": "system.job", "pk": 105, "fields": {"status": "NEW", "log_output": "", "started": null, "finished": null, "user": 35, "batch": 20, "pc": 18}}, {"model": "system.job", "pk": 106, "fields": {"status": "NEW", "log_output": "", "started": null, "finished": null, "user": 35, "batch": 20, "pc": 22}}, {"model": "system.job", "pk": 107, "fields": {"status": "NEW", "log_output": "", "started": null, "finished": null, "user": 35, "batch": 20, "pc": 23}}, {"model": "system.job", "pk": 108, "fields": {"status": "NEW", "log_output": "", "started": null, "finished": null, "user": 35, "batch": 20, "pc": 24}}, {"model": "system.job", "pk": 109, "fields": {"status": "NEW", "log_output": "", "started": null, "finished": null, "user": 35, "batch": 20, "pc": 25}}, {"model": "system.job", "pk": 110, "fields": {"status": "NEW", "log_output": "", "started": null, "finished": null, "user": 35, "batch": 20, "pc": 26}}, {"model": "system.job", "pk": 111, "fields": {"status": "NEW", "log_output": "", "started": null, "finished": null, "user": 35, "batch": 20, "pc": 28}}, {"model": "system.job", "pk": 112, "fields": {"status": "NEW", "log_output": "", "started": null, "finished": null, "user": 35, "batch": 20, "pc": 31}}, {"model": "system.job", "pk": 113, "fields": {"status": "NEW", "log_output": "", "started": null, "finished": null, "user": 35, "batch": 21, "pc": 1}}, {"model": "system.job", "pk": 114, "fields": {"status": "NEW", "log_output": "", "started": null, "finished": null, "user": 35, "batch": 21, "pc": 6}}, {"model": "system.job", "pk": 115, "fields": {"status": "NEW", "log_output": "", "started": null, "finished": null, "user": 35, "batch": 21, "pc": 8}}, {"model": "system.job", "pk": 116, "fields": {"status": "NEW", "log_output": "", "started": null, "finished": null, "user": 35, "batch": 21, "pc": 9}}, {"model": "system.job", "pk": 117, "fields": {"status": "NEW", "log_output": "", "started": null, "finished": null, "user": 35, "batch": 21, "pc": 12}}, {"model": "system.job", "pk": 118, "fields": {"status": "NEW", "log_output": "", "started": null, "finished": null, "user": 35, "batch": 21, "pc": 16}}, {"model": "system.job", "pk": 119, "fields": {"status": "NEW", "log_output": "", "started": null, "finished": null, "user": 35, "batch": 21, "pc": 18}}, {"model": "system.job", "pk": 120, "fields": {"status": "NEW", "log_output": "", "started": null, "finished": null, "user": 35, "batch": 21, "pc": 22}}, {"model": "system.job", "pk": 121, "fields": {"status": "NEW", "log_output": "", "started": null, "finished": null, "user": 35, "batch": 21, "pc": 23}}, {"model": "system.job", "pk": 122, "fields": {"status": "NEW", "log_output": "", "started": null, "finished": null, "user": 35, "batch": 21, "pc": 24}}, {"model": "system.job", "pk": 123, "fields": {"status": "NEW", "log_output": "", "started": null, "finished": null, "user": 35, "batch": 21, "pc": 25}}, {"model": "system.job", "pk": 124, "fields": {"status": "NEW", "log_output": "", "started": null, "finished": null, "user": 35, "batch": 21, "pc": 26}}, {"model": "system.job", "pk": 125, "fields": {"status": "NEW", "log_output": "", "started": null, "finished": null, "user": 35, "batch": 21, "pc": 28}}, {"model": "system.job", "pk": 126, "fields": {"status": "NEW", "log_output": "", "started": null, "finished": null, "user": 35, "batch": 21, "pc": 31}}, {"model": "system.job", "pk": 127, "fields": {"status": "NEW", "log_output": "", "started": null, "finished": null, "user": 35, "batch": 22, "pc": 1}}, {"model": "system.job", "pk": 128, "fields": {"status": "NEW", "log_output": "", "started": null, "finished": null, "user": 35, "batch": 22, "pc": 6}}, {"model": "system.job", "pk": 129, "fields": {"status": "NEW", "log_output": "", "started": null, "finished": null, "user": 35, "batch": 22, "pc": 8}}, {"model": "system.job", "pk": 130, "fields": {"status": "NEW", "log_output": "", "started": null, "finished": null, "user": 35, "batch": 22, "pc": 9}}, {"model": "system.job", "pk": 131, "fields": {"status": "NEW", "log_output": "", "started": null, "finished": null, "user": 35, "batch": 22, "pc": 12}}, {"model": "system.job", "pk": 132, "fields": {"status": "NEW", "log_output": "", "started": null, "finished": null, "user": 35, "batch": 22, "pc": 16}}, {"model": "system.job", "pk": 133, "fields": {"status": "NEW", "log_output": "", "started": null, "finished": null, "user": 35, "batch": 22, "pc": 18}}, {"model": "system.job", "pk": 134, "fields": {"status": "NEW", "log_output": "", "started": null, "finished": null, "user": 35, "batch": 22, "pc": 22}}, {"model": "system.job", "pk": 135, "fields": {"status": "NEW", "log_output": "", "started": null, "finished": null, "user": 35, "batch": 22, "pc": 23}}, {"model": "system.job", "pk": 136, "fields": {"status": "NEW", "log_output": "", "started": null, "finished": null, "user": 35, "batch": 22, "pc": 24}}, {"model": "system.job", "pk": 137, "fields": {"status": "NEW", "log_output": "", "started": null, "finished": null, "user": 35, "batch": 22, "pc": 25}}, {"model": "system.job", "pk": 138, "fields": {"status": "NEW", "log_output": "", "started": null, "finished": null, "user": 35, "batch": 22, "pc": 26}}, {"model": "system.job", "pk": 139, "fields": {"status": "NEW", "log_output": "", "started": null, "finished": null, "user": 35, "batch": 22, "pc": 28}}, {"model": "system.job", "pk": 140, "fields": {"status": "NEW", "log_output": "", "started": null, "finished": null, "user": 35, "batch": 22, "pc": 31}}, {"model": "system.job", "pk": 141, "fields": {"status": "NEW", "log_output": "", "started": null, "finished": null, "user": 35, "batch": 23, "pc": 1}}, {"model": "system.job", "pk": 142, "fields": {"status": "NEW", "log_output": "", "started": null, "finished": null, "user": 35, "batch": 23, "pc": 6}}, {"model": "system.job", "pk": 143, "fields": {"status": "NEW", "log_output": "", "started": null, "finished": null, "user": 35, "batch": 23, "pc": 8}}, {"model": "system.job", "pk": 144, "fields": {"status": "NEW", "log_output": "", "started": null, "finished": null, "user": 35, "batch": 23, "pc": 9}}, {"model": "system.job", "pk": 145, "fields": {"status": "NEW", "log_output": "", "started": null, "finished": null, "user": 35, "batch": 23, "pc": 12}}, {"model": "system.job", "pk": 146, "fields": {"status": "NEW", "log_output": "", "started": null, "finished": null, "user": 35, "batch": 23, "pc": 16}}, {"model": "system.job", "pk": 147, "fields": {"status": "NEW", "log_output": "", "started": null, "finished": null, "user": 35, "batch": 23, "pc": 18}}, {"model": "system.job", "pk": 148, "fields": {"status": "NEW", "log_output": "", "started": null, "finished": null, "user": 35, "batch": 23, "pc": 22}}, {"model": "system.job", "pk": 149, "fields": {"status": "NEW", "log_output": "", "started": null, "finished": null, "user": 35, "batch": 23, "pc": 23}}, {"model": "system.job", "pk": 150, "fields": {"status": "NEW", "log_output": "", "started": null, "finished": null, "user": 35, "batch": 23, "pc": 24}}, {"model": "system.job", "pk": 151, "fields": {"status": "NEW", "log_output": "", "started": null, "finished": null, "user": 35, "batch": 23, "pc": 25}}, {"model": "system.job", "pk": 152, "fields": {"status": "NEW", "log_output": "", "started": null, "finished": null, "user": 35, "batch": 23, "pc": 26}}, {"model": "system.job", "pk": 153, "fields": {"status": "NEW", "log_output": "", "started": null, "finished": null, "user": 35, "batch": 23, "pc": 28}}, {"model": "system.job", "pk": 154, "fields": {"status": "NEW", "log_output": "", "started": null, "finished": null, "user": 35, "batch": 23, "pc": 31}}, {"model": "system.job", "pk": 155, "fields": {"status": "NEW", "log_output": "", "started": null, "finished": null, "user": 35, "batch": 24, "pc": 1}}, {"model": "system.job", "pk": 156, "fields": {"status": "NEW", "log_output": "", "started": null, "finished": null, "user": 35, "batch": 24, "pc": 6}}, {"model": "system.job", "pk": 157, "fields": {"status": "NEW", "log_output": "", "started": null, "finished": null, "user": 35, "batch": 24, "pc": 8}}, {"model": "system.job", "pk": 158, "fields": {"status": "NEW", "log_output": "", "started": null, "finished": null, "user": 35, "batch": 24, "pc": 9}}, {"model": "system.job", "pk": 159, "fields": {"status": "NEW", "log_output": "", "started": null, "finished": null, "user": 35, "batch": 24, "pc": 12}}, {"model": "system.job", "pk": 160, "fields": {"status": "NEW", "log_output": "", "started": null, "finished": null, "user": 35, "batch": 24, "pc": 16}}, {"model": "system.job", "pk": 161, "fields": {"status": "NEW", "log_output": "", "started": null, "finished": null, "user": 35, "batch": 24, "pc": 18}}, {"model": "system.job", "pk": 162, "fields": {"status": "NEW", "log_output": "", "started": null, "finished": null, "user": 35, "batch": 24, "pc": 22}}, {"model": "system.job", "pk": 163, "fields": {"status": "NEW", "log_output": "", "started": null, "finished": null, "user": 35, "batch": 24, "pc": 23}}, {"model": "system.job", "pk": 164, "fields": {"status": "NEW", "log_output": "", "started": null, "finished": null, "user": 35, "batch": 24, "pc": 24}}, {"model": "system.job", "pk": 165, "fields": {"status": "NEW", "log_output": "", "started": null, "finished": null, "user": 35, "batch": 24, "pc": 25}}, {"model": "system.job", "pk": 166, "fields": {"status": "NEW", "log_output": "", "started": null, "finished": null, "user": 35, "batch": 24, "pc": 26}}, {"model": "system.job", "pk": 167, "fields": {"status": "NEW", "log_output": "", "started": null, "finished": null, "user": 35, "batch": 24, "pc": 28}}, {"model": "system.job", "pk": 168, "fields": {"status": "NEW", "log_output": "", "started": null, "finished": null, "user": 35, "batch": 24, "pc": 31}}, {"model": "system.job", "pk": 169, "fields": {"status": "NEW", "log_output": "", "started": null, "finished": null, "user": 35, "batch": 25, "pc": 1}}, {"model": "system.job", "pk": 170, "fields": {"status": "NEW", "log_output": "", "started": null, "finished": null, "user": 35, "batch": 25, "pc": 6}}, {"model": "system.job", "pk": 171, "fields": {"status": "NEW", "log_output": "", "started": null, "finished": null, "user": 35, "batch": 25, "pc": 8}}, {"model": "system.job", "pk": 172, "fields": {"status": "NEW", "log_output": "", "started": null, "finished": null, "user": 35, "batch": 25, "pc": 9}}, {"model": "system.job", "pk": 173, "fields": {"status": "NEW", "log_output": "", "started": null, "finished": null, "user": 35, "batch": 25, "pc": 12}}, {"model": "system.job", "pk": 174, "fields": {"status": "NEW", "log_output": "", "started": null, "finished": null, "user": 35, "batch": 25, "pc": 16}}, {"model": "system.job", "pk": 175, "fields": {"status": "NEW", "log_output": "", "started": null, "finished": null, "user": 35, "batch": 25, "pc": 18}}, {"model": "system.job", "pk": 176, "fields": {"status": "NEW", "log_output": "", "started": null, "finished": null, "user": 35, "batch": 25, "pc": 22}}, {"model": "system.job", "pk": 177, "fields": {"status": "NEW", "log_output": "", "started": null, "finished": null, "user": 35, "batch": 25, "pc": 23}}, {"model": "system.job", "pk": 178, "fields": {"status": "NEW", "log_output": "", "started": null, "finished": null, "user": 35, "batch": 25, "pc": 24}}, {"model": "system.job", "pk": 179, "fields": {"status": "NEW", "log_output": "", "started": null, "finished": null, "user": 35, "batch": 25, "pc": 25}}, {"model": "system.job", "pk": 180, "fields": {"status": "NEW", "log_output": "", "started": null, "finished": null, "user": 35, "batch": 25, "pc": 26}}, {"model": "system.job", "pk": 181, "fields": {"status": "NEW", "log_output": "", "started": null, "finished": null, "user": 35, "batch": 25, "pc": 28}}, {"model": "system.job", "pk": 182, "fields": {"status": "NEW", "log_output": "", "started": null, "finished": null, "user": 35, "batch": 25, "pc": 31}}, {"model": "system.job", "pk": 183, "fields": {"status": "NEW", "log_output": "", "started": null, "finished": null, "user": 35, "batch": 26, "pc": 1}}, {"model": "system.job", "pk": 184, "fields": {"status": "NEW", "log_output": "", "started": null, "finished": null, "user": 35, "batch": 26, "pc": 6}}, {"model": "system.job", "pk": 185, "fields": {"status": "NEW", "log_output": "", "started": null, "finished": null, "user": 35, "batch": 26, "pc": 8}}, {"model": "system.job", "pk": 186, "fields": {"status": "NEW", "log_output": "", "started": null, "finished": null, "user": 35, "batch": 26, "pc": 9}}, {"model": "system.job", "pk": 187, "fields": {"status": "NEW", "log_output": "", "started": null, "finished": null, "user": 35, "batch": 26, "pc": 12}}, {"model": "system.job", "pk": 188, "fields": {"status": "NEW", "log_output": "", "started": null, "finished": null, "user": 35, "batch": 26, "pc": 16}}, {"model": "system.job", "pk": 189, "fields": {"status": "NEW", "log_output": "", "started": null, "finished": null, "user": 35, "batch": 26, "pc": 18}}, {"model": "system.job", "pk": 190, "fields": {"status": "NEW", "log_output": "", "started": null, "finished": null, "user": 35, "batch": 26, "pc": 22}}, {"model": "system.job", "pk": 191, "fields": {"status": "NEW", "log_output": "", "started": null, "finished": null, "user": 35, "batch": 26, "pc": 23}}, {"model": "system.job", "pk": 192, "fields": {"status": "NEW", "log_output": "", "started": null, "finished": null, "user": 35, "batch": 26, "pc": 24}}, {"model": "system.job", "pk": 193, "fields": {"status": "NEW", "log_output": "", "started": null, "finished": null, "user": 35, "batch": 26, "pc": 25}}, {"model": "system.job", "pk": 194, "fields": {"status": "NEW", "log_output": "", "started": null, "finished": null, "user": 35, "batch": 26, "pc": 26}}, {"model": "system.job", "pk": 195, "fields": {"status": "NEW", "log_output": "", "started": null, "finished": null, "user": 35, "batch": 26, "pc": 28}}, {"model": "system.job", "pk": 196, "fields": {"status": "NEW", "log_output": "", "started": null, "finished": null, "user": 35, "batch": 26, "pc": 31}}, {"model": "system.job", "pk": 197, "fields": {"status": "NEW", "log_output": "", "started": null, "finished": null, "user": 35, "batch": 27, "pc": 1}}, {"model": "system.job", "pk": 198, "fields": {"status": "NEW", "log_output": "", "started": null, "finished": null, "user": 35, "batch": 27, "pc": 6}}, {"model": "system.job", "pk": 199, "fields": {"status": "NEW", "log_output": "", "started": null, "finished": null, "user": 35, "batch": 27, "pc": 8}}, {"model": "system.job", "pk": 200, "fields": {"status": "NEW", "log_output": "", "started": null, "finished": null, "user": 35, "batch": 27, "pc": 9}}, {"model": "system.job", "pk": 201, "fields": {"status": "NEW", "log_output": "", "started": null, "finished": null, "user": 35, "batch": 27, "pc": 12}}, {"model": "system.job", "pk": 202, "fields": {"status": "NEW", "log_output": "", "started": null, "finished": null, "user": 35, "batch": 27, "pc": 16}}, {"model": "system.job", "pk": 203, "fields": {"status": "NEW", "log_output": "", "started": null, "finished": null, "user": 35, "batch": 27, "pc": 18}}, {"model": "system.job", "pk": 204, "fields": {"status": "NEW", "log_output": "", "started": null, "finished": null, "user": 35, "batch": 27, "pc": 22}}, {"model": "system.job", "pk": 205, "fields": {"status": "NEW", "log_output": "", "started": null, "finished": null, "user": 35, "batch": 27, "pc": 23}}, {"model": "system.job", "pk": 206, "fields": {"status": "NEW", "log_output": "", "started": null, "finished": null, "user": 35, "batch": 27, "pc": 24}}, {"model": "system.job", "pk": 207, "fields": {"status": "NEW", "log_output": "", "started": null, "finished": null, "user": 35, "batch": 27, "pc": 25}}, {"model": "system.job", "pk": 208, "fields": {"status": "NEW", "log_output": "", "started": null, "finished": null, "user": 35, "batch": 27, "pc": 26}}, {"model": "system.job", "pk": 209, "fields": {"status": "NEW", "log_output": "", "started": null, "finished": null, "user": 35, "batch": 27, "pc": 28}}, {"model": "system.job", "pk": 210, "fields": {"status": "NEW", "log_output": "", "started": null, "finished": null, "user": 35, "batch": 27, "pc": 31}}, {"model": "system.job", "pk": 211, "fields": {"status": "NEW", "log_output": "", "started": null, "finished": null, "user": 35, "batch": 28, "pc": 1}}, {"model": "system.job", "pk": 212, "fields": {"status": "NEW", "log_output": "", "started": null, "finished": null, "user": 35, "batch": 28, "pc": 6}}, {"model": "system.job", "pk": 213, "fields": {"status": "NEW", "log_output": "", "started": null, "finished": null, "user": 35, "batch": 28, "pc": 8}}, {"model": "system.job", "pk": 214, "fields": {"status": "NEW", "log_output": "", "started": null, "finished": null, "user": 35, "batch": 28, "pc": 9}}, {"model": "system.job", "pk": 215, "fields": {"status": "NEW", "log_output": "", "started": null, "finished": null, "user": 35, "batch": 28, "pc": 12}}, {"model": "system.job", "pk": 216, "fields": {"status": "NEW", "log_output": "", "started": null, "finished": null, "user": 35, "batch": 28, "pc": 16}}, {"model": "system.job", "pk": 217, "fields": {"status": "NEW", "log_output": "", "started": null, "finished": null, "user": 35, "batch": 28, "pc": 18}}, {"model": "system.job", "pk": 218, "fields": {"status": "NEW", "log_output": "", "started": null, "finished": null, "user": 35, "batch": 28, "pc": 22}}, {"model": "system.job", "pk": 219, "fields": {"status": "NEW", "log_output": "", "started": null, "finished": null, "user": 35, "batch": 28, "pc": 23}}, {"model": "system.job", "pk": 220, "fields": {"status": "NEW", "log_output": "", "started": null, "finished": null, "user": 35, "batch": 28, "pc": 24}}, {"model": "system.job", "pk": 221, "fields": {"status": "NEW", "log_output": "", "started": null, "finished": null, "user": 35, "batch": 28, "pc": 25}}, {"model": "system.job", "pk": 222, "fields": {"status": "NEW", "log_output": "", "started": null, "finished": null, "user": 35, "batch": 28, "pc": 26}}, {"model": "system.job", "pk": 223, "fields": {"status": "NEW", "log_output": "", "started": null, "finished": null, "user": 35, "batch": 28, "pc": 28}}, {"model": "system.job", "pk": 224, "fields": {"status": "NEW", "log_output": "", "started": null, "finished": null, "user": 35, "batch": 28, "pc": 31}}, {"model": "system.job", "pk": 225, "fields": {"status": "NEW", "log_output": "", "started": null, "finished": null, "user": 35, "batch": 29, "pc": 1}}, {"model": "system.job", "pk": 226, "fields": {"status": "NEW", "log_output": "", "started": null, "finished": null, "user": 35, "batch": 29, "pc": 6}}, {"model": "system.job", "pk": 227, "fields": {"status": "NEW", "log_output": "", "started": null, "finished": null, "user": 35, "batch": 29, "pc": 8}}, {"model": "system.job", "pk": 228, "fields": {"status": "NEW", "log_output": "", "started": null, "finished": null, "user": 35, "batch": 29, "pc": 9}}, {"model": "system.job", "pk": 229, "fields": {"status": "NEW", "log_output": "", "started": null, "finished": null, "user": 35, "batch": 29, "pc": 12}}, {"model": "system.job", "pk": 230, "fields": {"status": "NEW", "log_output": "", "started": null, "finished": null, "user": 35, "batch": 29, "pc": 16}}, {"model": "system.job", "pk": 231, "fields": {"status": "NEW", "log_output": "", "started": null, "finished": null, "user": 35, "batch": 29, "pc": 18}}, {"model": "system.job", "pk": 232, "fields": {"status": "NEW", "log_output": "", "started": null, "finished": null, "user": 35, "batch": 29, "pc": 22}}, {"model": "system.job", "pk": 233, "fields": {"status": "NEW", "log_output": "", "started": null, "finished": null, "user": 35, "batch": 29, "pc": 23}}, {"model": "system.job", "pk": 234, "fields": {"status": "NEW", "log_output": "", "started": null, "finished": null, "user": 35, "batch": 29, "pc": 24}}, {"model": "system.job", "pk": 235, "fields": {"status": "NEW", "log_output": "", "started": null, "finished": null, "user": 35, "batch": 29, "pc": 25}}, {"model": "system.job", "pk": 236, "fields": {"status": "NEW", "log_output": "", "started": null, "finished": null, "user": 35, "batch": 29, "pc": 26}}, {"model": "system.job", "pk": 237, "fields": {"status": "NEW", "log_output": "", "started": null, "finished": null, "user": 35, "batch": 29, "pc": 28}}, {"model": "system.job", "pk": 238, "fields": {"status": "NEW", "log_output": "", "started": null, "finished": null, "user": 35, "batch": 29, "pc": 31}}, {"model": "system.input", "pk": 1, "fields": {"name": "Ja/Nej/Fjern", "value_type": "STRING", "position": 0, "mandatory": true, "script": 5}}, {"model": "system.input", "pk": 2, "fields": {"name": "URL", "value_type": "STRING", "position": 0, "mandatory": true, "script": 9}}, {"model": "system.input", "pk": 3, "fields": {"name": "Aktivr?", "value_type": "STRING", "position": 0, "mandatory": true, "script": 11}}, {"model": "system.input", "pk": 4, "fields": {"name": "Baggrundsbillede", "value_type": "FILE", "position": 0, "mandatory": true, "script": 13}}, {"model": "system.input", "pk": 5, "fields": {"name": "Aktivr?", "value_type": "STRING", "position": 0, "mandatory": true, "script": 14}}, {"model": "system.input", "pk": 6, "fields": {"name": "Interval", "value_type": "INT", "position": 0, "mandatory": true, "script": 16}}, {"model": "system.input", "pk": 7, "fields": {"name": "vncpassword", "value_type": "STRING", "position": 0, "mandatory": true, "script": 18}}, {"model": "system.input", "pk": 8, "fields": {"name": "forsinkelse", "value_type": "STRING", "position": 0, "mandatory": true, "script": 19}}, {"model": "system.input", "pk": 9, "fields": {"name": "URL", "value_type": "STRING", "position": 1, "mandatory": true, "script": 19}}, {"model": "system.input", "pk": 10, "fields": {"name": "bredde", "value_type": "STRING", "position": 2, "mandatory": true, "script": 19}}, {"model": "system.input", "pk": 11, "fields": {"name": "hjde", "value_type": "STRING", "position": 3, "mandatory": true, "script": 19}}, {"model": "system.input", "pk": 12, "fields": {"name": "orientering", "value_type": "STRING", "position": 4, "mandatory": true, "script": 19}}, {"model": "system.input", "pk": 13, "fields": {"name": "action", "value_type": "STRING", "position": 0, "mandatory": true, "script": 20}}, {"model": "system.input", "pk": 14, "fields": {"name": "Aktiver generelle opdateringer (sikkerhed/alt)", "value_type": "STRING", "position": 0, "mandatory": true, "script": 21}}, {"model": "system.input", "pk": 15, "fields": {"name": "minutter", "value_type": "STRING", "position": 0, "mandatory": true, "script": 22}}, {"model": "system.input", "pk": 16, "fields": {"name": "password", "value_type": "STRING", "position": 0, "mandatory": true, "script": 24}}, {"model": "system.input", "pk": 17, "fields": {"name": "minutter", "value_type": "STRING", "position": 0, "mandatory": true, "script": 25}}, {"model": "system.input", "pk": 18, "fields": {"name": "Tid til dialog bliver vist", "value_type": "STRING", "position": 0, "mandatory": true, "script": 26}}, {"model": "system.input", "pk": 19, "fields": {"name": "Tid til brugeren bliver logget ud", "value_type": "STRING", "position": 1, "mandatory": true, "script": 26}}, {"model": "system.input", "pk": 20, "fields": {"name": "Tekst som bliver vist i dialogboksen", "value_type": "STRING", "position": 2, "mandatory": true, "script": 26}}, {"model": "system.input", "pk": 21, "fields": {"name": "Tekst som bliver vist p dialogboks knappen", "value_type": "STRING", "position": 3, "mandatory": true, "script": 26}}, {"model": "system.input", "pk": 22, "fields": {"name": "timer", "value_type": "STRING", "position": 0, "mandatory": true, "script": 28}}, {"model": "system.input", "pk": 23, "fields": {"name": "minutter", "value_type": "STRING", "position": 1, "mandatory": true, "script": 28}}, {"model": "system.input", "pk": 24, "fields": {"name": "timer", "value_type": "STRING", "position": 0, "mandatory": true, "script": 29}}, {"model": "system.input", "pk": 25, "fields": {"name": "minutter", "value_type": "STRING", "position": 1, "mandatory": true, "script": 29}}, {"model": "system.input", "pk": 26, "fields": {"name": "timer til opvgning", "value_type": "STRING", "position": 2, "mandatory": true, "script": 29}}, {"model": "system.input", "pk": 27, "fields": {"name": "Retning ('normal', 'left' eller 'right')", "value_type": "STRING", "position": 0, "mandatory": true, "script": 31}}, {"model": "system.input", "pk": 28, "fields": {"name": "Lydudgang (f.eks. hdmi eller analog)", "value_type": "STRING", "position": 0, "mandatory": true, "script": 33}}, {"model": "system.input", "pk": 29, "fields": {"name": "navn", "value_type": "STRING", "position": 0, "mandatory": true, "script": 34}}, {"model": "system.input", "pk": 30, "fields": {"name": "password", "value_type": "STRING", "position": 0, "mandatory": true, "script": 35}}, {"model": "system.input", "pk": 31, "fields": {"name": "password_igen", "value_type": "STRING", "position": 1, "mandatory": true, "script": 35}}, {"model": "system.input", "pk": 32, "fields": {"name": "password", "value_type": "STRING", "position": 0, "mandatory": true, "script": 36}}, {"model": "system.input", "pk": 33, "fields": {"name": "password_igen", "value_type": "STRING", "position": 1, "mandatory": true, "script": 36}}, {"model": "system.input", "pk": 54, "fields": {"name": "Tekst", "value_type": "STRING", "position": 0, "mandatory": true, "script": 60}}, {"model": "system.input", "pk": 55, "fields": {"name": "Billede", "value_type": "FILE", "position": 0, "mandatory": true, "script": 61}}, {"model": "system.input", "pk": 56, "fields": {"name": "Navn p genvejen", "value_type": "STRING", "position": 0, "mandatory": true, "script": 68}}, {"model": "system.input", "pk": 57, "fields": {"name": "Bekrftelse p logud? (ja/nej)", "value_type": "STRING", "position": 1, "mandatory": true, "script": 68}}, {"model": "system.input", "pk": 58, "fields": {"name": "Ikon til genvejen", "value_type": "FILE", "position": 2, "mandatory": true, "script": 68}}, {"model": "system.input", "pk": 62, "fields": {"name": "fs", "value_type": "STRING", "position": 1, "mandatory": true, "script": 61}}, {"model": "system.input", "pk": 63, "fields": {"name": "Aktivr? (ja/nej)", "value_type": "STRING", "position": 0, "mandatory": true, "script": 75}}, {"model": "system.input", "pk": 64, "fields": {"name": "Aktiver?: ja / nej", "value_type": "STRING", "position": 0, "mandatory": true, "script": 74}}, {"model": "system.input", "pk": 65, "fields": {"name": "Minutter til logud", "value_type": "INT", "position": 1, "mandatory": true, "script": 74}}, {"model": "system.input", "pk": 66, "fields": {"name": "Logud-vindue x-position", "value_type": "INT", "position": 2, "mandatory": true, "script": 74}}, {"model": "system.input", "pk": 67, "fields": {"name": "Logud-vindue y-position", "value_type": "INT", "position": 3, "mandatory": true, "script": 74}}, {"model": "system.input", "pk": 68, "fields": {"name": "URL", "value_type": "STRING", "position": 0, "mandatory": true, "script": 77}}, {"model": "system.input", "pk": 69, "fields": {"name": "Aktivr? (ja/nej)", "value_type": "STRING", "position": 0, "mandatory": true, "script": 78}}, {"model": "system.input", "pk": 70, "fields": {"name": "Sikkerhedsngle", "value_type": "STRING", "position": 1, "mandatory": true, "script": 78}}, {"model": "system.input", "pk": 71, "fields": {"name": "Aktivr? (ja: fjern skriverettighed / nej: giv skriverettighed)", "value_type": "STRING", "position": 0, "mandatory": true, "script": 80}}, {"model": "system.batchparameter", "pk": 1, "fields": {"string_value": "https://magenta.dk", "file_value": "", "input": 2, "batch": 5}}, {"model": "system.batchparameter", "pk": 2, "fields": {"string_value": "left", "file_value": "", "input": 27, "batch": 7}}, {"model": "system.batchparameter", "pk": 3, "fields": {"string_value": "https://magenta.dk", "file_value": "", "input": 2, "batch": 12}}, {"model": "system.batchparameter", "pk": 4, "fields": {"string_value": "left", "file_value": "", "input": 27, "batch": 14}}, {"model": "system.associatedscriptparameter", "pk": 5, "fields": {"string_value": "kk.dk", "file_value": "", "input": 2, "script": 7}}, {"model": "system.associatedscriptparameter", "pk": 6, "fields": {"string_value": "https://magenta.dk", "file_value": "", "input": 2, "script": 16}}, {"model": "system.associatedscriptparameter", "pk": 7, "fields": {"string_value": "left", "file_value": "", "input": 27, "script": 18}}, {"model": "system.securityproblem", "pk": 1, "fields": {"name": "Ping advarsel", "uid": "MPING", "description": "Ping!", "level": "Normal", "site": 1, "security_script": 56, "alert_groups": [3], "alert_users": []}}, {"model": "system.securityproblem", "pk": 4, "fields": {"name": "Sudo-advarsel", "uid": "sa", "description": "a", "level": "High", "site": 1, "security_script": 1, "alert_groups": [17], "alert_users": []}}, {"model": "system.securityproblem", "pk": 5, "fields": {"name": "Keyboard-advarsel", "uid": "ka", "description": "", "level": "High", "site": 1, "security_script": 2, "alert_groups": [17], "alert_users": []}}, {"model": "system.imageversion", "pk": 2, "fields": {"platform": "DISPLAYPC", "image_version": "1.0.0", "release_date": "2021-02-02", "os": "Ubuntu 20.04", "release_notes": "OS2displayPC (OS2borgerPC Server) 1.0.0 med Ubuntu 20.04.", "image_upload": "images/os2displaypc-1.0.0.iso"}}, {"model": "system.imageversion", "pk": 3, "fields": {"platform": "BORGERPC", "image_version": "3.0.0", "release_date": "2021-05-12", "os": "Ubuntu 20.04", "release_notes": "OS2borgerPC 3.0.0 med Ubuntu 20.04.1.", "image_upload": "images/os2borgerpc-3.0.0.iso"}}, {"model": "system.imageversion", "pk": 4, "fields": {"platform": "BORGERPC", "image_version": "3.1.0", "release_date": "2021-05-12", "os": "Ubuntu 20.04", "release_notes": "OS2borgerPC 3.1.0 med Ubuntu 20.04.3.", "image_upload": "images/os2borgerpc-3.1.0.iso"}}, {"model": "account.userprofile", "pk": 34, "fields": {"user": 35}}, {"model": "account.userprofile", "pk": 35, "fields": {"user": 36}}, {"model": "account.sitemembership", "pk": 24, "fields": {"site_user_type": 2, "site": 1, "user_profile": 34}}, {"model": "account.sitemembership", "pk": 25, "fields": {"site_user_type": 1, "site": 1, "user_profile": 35}}]